host_unix_s,host_elapsed_s,host_dt_s,mcu_timestamp_ms,mcu_elapsed_s,response_status,terminated,pendulum_angle_deg,pendulum_error_deg,pendulum_velocity_dps_est,rotor_angle_deg,rotor_velocity_dps_est,motor_speed_pps_observed,l6474_status_raw
1789388393.4600065,0.010124700027517974,,372160,0.0,0,False,0.0,-180.0,,0.0,,0.0,65027
1789388393.474602,0.025921200052835047,0.015796500025317073,372177,0.017,0,False,0.0,-180.0,0.0,0.0,0.0,0.0,65027
1789388393.4957669,0.04655480000656098,0.020633599953725934,372197,0.037,0,False,0.0,-180.0,0.0,0.0,0.0,0.0,65027
1789388393.5171545,0.06768550002016127,0.02113070001360029,372217,0.057,0,False,0.0,-180.0,0.0,0.0,0.0,0.0,65027
1789388393.5357618,0.08650040009524673,0.01881490007508546,372238,0.078,0,False,0.0,-180.0,0.0,0.0,0.0,0.0,65027
1789388393.5554814,0.10601580003276467,0.01951539993751794,372257,0.097,0,False,0.0,-180.0,0.0,0.0,0.0,0.0,65027
1789388393.5753644,0.12617080006748438,0.020155000034719706,372278,0.118,0,False,0.0,-180.0,0.0,0.0,0.0,0.0,65027
1789388393.5975502,0.14775440003722906,0.021583599969744682,372298,0.138,0,False,0.0,-180.0,0.0,0.0,0.0,0.0,65027
1789388393.6175013,0.16833600006066263,0.020581600023433566,372318,0.158,0,False,0.0,-180.0,0.0,0.0,0.0,0.0,65027
1789388393.6361456,0.1864228000631556,0.018086800002492964,372338,0.178,0,False,0.0,-180.0,0.0,0.0,0.0,0.0,65027
1789388393.6551485,0.2058586000930518,0.0194358000298962,372358,0.198,0,False,0.0,-180.0,0.0,0.0,0.0,0.0,65027
1789388393.6751013,0.22605910000856966,0.020200499915517867,372378,0.218,0,False,0.0,-180.0,0.0,0.0,0.0,0.0,65027
1789388393.7092674,0.26003620005212724,0.033977100043557584,372412,0.252,0,False,0.0,-180.0,0.0,0.0,0.0,0.0,65027
1789388393.717278,0.2674464000156149,0.007410199963487685,372419,0.259,0,False,0.0,-180.0,0.0,0.0,0.0,0.0,65027
1789388393.7364495,0.28727440000511706,0.019827999989502132,372439,0.279,0,False,0.0,-180.0,0.0,0.0,0.0,0.0,65027
1789388393.7554152,0.3063094000099227,0.019035000004805624,372459,0.299,0,False,0.0,-180.0,0.0,0.0,0.0,0.0,65027
1789388393.7748888,0.325843800092116,0.019534400082193315,372479,0.319,0,False,0.0,-180.0,0.0,0.0,0.0,0.0,65027
1789388393.7974834,0.34846240002661943,0.022618599934503436,372500,0.34,0,False,0.0,-180.0,0.0,0.0,0.0,0.0,65027
1789388393.8166268,0.3668917000759393,0.018429300049319863,372519,0.359,0,False,0.0,-180.0,0.0,0.0,0.0,0.0,65027
1789388393.8357458,0.3859899000963196,0.019098200020380318,372539,0.379,0,False,0.0,-180.0,0.0,0.0,0.0,0.0,65027
1789388393.8566616,0.40689510002266616,0.02090519992634654,372560,0.4,0,False,0.0,-180.0,0.0,0.0,0.0,0.0,65027
1789388393.8756738,0.426316500059329,0.019421400036662817,372580,0.42,0,False,0.0,-180.0,0.0,0.0,0.0,0.0,65027
1789388393.8955698,0.4456306000938639,0.01931410003453493,372600,0.44,0,False,0.0,-180.0,0.0,0.0,0.0,0.0,65027
1789388393.9158971,0.4674167000921443,0.021786099998280406,372620,0.46,0,False,0.0,-180.0,0.0,0.0,0.0,0.0,65027
1789388393.936119,0.48649380006827414,0.01907709997612983,372640,0.48,0,False,0.0,-180.0,0.0,0.0,0.0,0.0,65027
1789388393.9560678,0.5070096000563353,0.02051579998806119,372661,0.501,0,False,0.0,-180.0,0.0,0.0,0.0,0.0,65027
1789388393.9756155,0.525846500066109,0.01883690000977367,372681,0.521,0,False,0.0,-180.0,0.0,0.0,0.0,0.0,65027
1789388393.9947371,0.5460694000357762,0.020222899969667196,372701,0.541,0,False,0.0,-180.0,0.0,0.0,0.0,0.0,65027
1789388394.01643,0.5666810000548139,0.020611600019037724,372721,0.561,0,False,0.0,-180.0,0.0,0.0,0.0,0.0,65027
1789388394.0357926,0.586731499992311,0.02005049993749708,372741,0.581,0,False,0.0,-180.0,0.0,0.0,0.0,0.0,65027
1789388394.0563738,0.6072897000703961,0.020558200078085065,372762,0.602,0,False,0.0,-180.0,0.0,0.0,0.0,0.0,65027
1789388394.075907,0.6263758999994025,0.019086199929006398,372781,0.621,0,False,0.0,-180.0,0.0,0.0,0.0,0.0,65027
1789388394.0959175,0.646688700071536,0.02031280007213354,372801,0.641,0,False,0.0,-180.0,0.0,0.0,0.0,0.0,65027
1789388394.1164353,0.6671651999931782,0.020476499921642244,372822,0.662,0,False,0.0,-180.0,0.0,0.0,0.0,0.0,65027
1789388394.1374054,0.6875097000738606,0.020344500080682337,372842,0.682,0,False,0.0,-180.0,0.0,0.0,0.0,0.0,65027
1789388394.1552813,0.7060372000560164,0.01852749998215586,372862,0.702,0,False,0.0,-180.0,0.0,0.0,0.0,0.0,65027
1789388394.1758544,0.7267039000289515,0.02066669997293502,372882,0.722,0,False,0.0,-180.0,0.0,0.0,0.0,0.0,65027
1789388394.194405,0.7451102000195533,0.018406299990601838,372902,0.742,0,False,0.0,-180.0,0.0,0.0,0.0,0.0,65027
1789388394.215703,0.766948000062257,0.021837800042703748,372922,0.762,0,False,0.0,-180.0,0.0,0.0,0.0,0.0,65027
1789388394.2345665,0.7853455001022667,0.018397500040009618,372943,0.783,0,False,0.0,-180.0,0.0,0.0,0.0,0.0,65027
1789388394.2535822,0.8044074000790715,0.019061899976804852,372963,0.803,0,False,0.0,-180.0,0.0,0.0,0.0,0.0,65027
1789388394.2731736,0.824124600039795,0.01971719996072352,372983,0.823,0,False,0.0,-180.0,0.0,0.0,0.0,0.0,65027
1789388394.2943442,0.8453057000879198,0.02118110004812479,373003,0.843,0,False,0.0,-180.0,0.0,0.0,0.0,0.0,65027
1789388394.3162625,0.8669396000914276,0.021633900003507733,373023,0.863,0,False,0.0,-180.0,0.0,0.0,0.0,0.0,65027
1789388394.3364856,0.8872088000643998,0.020269199972972274,373044,0.884,0,False,0.0,-180.0,0.0,0.0,0.0,0.0,65027
1789388394.3550797,0.9059233000734821,0.018714500009082258,373064,0.904,0,False,0.0,-180.0,0.0,0.0,0.0,0.0,65027
1789388394.375354,0.9255936000263318,0.019670299952849746,373084,0.924,0,False,0.0,-180.0,0.0,0.0,0.0,0.0,65027
1789388394.3940976,0.9453481000382453,0.01975450001191348,373104,0.944,0,False,0.0,-180.0,0.0,0.0,0.0,0.0,65027
1789388394.4164712,0.966592000098899,0.021243900060653687,373124,0.964,0,False,0.0,-180.0,0.0,0.0,0.0,0.0,65027
1789388394.435045,0.9855414000339806,0.0189493999350816,373144,0.984,0,False,0.0,-180.0,0.0,0.0,0.0,0.0,65027
1789388394.4541547,1.0043933000415564,0.01885190000757575,373164,1.004,0,False,0.0,-180.0,0.0,0.0,0.0,0.0,65027
1789388394.4738164,1.0241330000571907,0.0197397000156343,373184,1.024,0,False,0.0,-180.0,0.0,0.0,0.0,0.0,65027
1789388394.4942129,1.0448947000550106,0.02076169999781996,373204,1.044,0,False,0.0,-180.0,0.0,0.0,0.0,0.0,65027
1789388394.517537,1.0676971999928355,0.022802499937824905,373225,1.065,0,False,0.0,-180.0,0.0,0.0,0.0,0.0,65027
1789388394.5366862,1.086986800073646,0.019289600080810487,373245,1.085,0,False,0.0,-180.0,0.0,0.0,0.0,0.0,65027
1789388394.555867,1.106084700091742,0.01909790001809597,373265,1.105,0,False,0.0,-180.0,0.0,0.0,0.0,0.0,65027
1789388394.5756452,1.126038599992171,0.01995389990042895,373285,1.125,0,False,0.0,-180.0,0.0,0.0,0.0,0.0,65027
1789388394.5953045,1.1463034000480548,0.020264800055883825,373305,1.145,0,False,0.0,-180.0,0.0,0.0,0.0,0.0,65027
1789388394.6175451,1.1680791000835598,0.021775700035504997,373325,1.165,0,False,0.0,-180.0,0.0,0.0,0.0,0.0,65027
1789388394.6370354,1.187521200045012,0.019442099961452186,373346,1.186,0,False,0.0,-180.0,0.0,0.0,0.0,0.0,65027
1789388394.6566937,1.2076823000097647,0.020161099964752793,373366,1.206,0,False,0.0,-180.0,0.0,0.0,0.0,0.0,65027
1789388394.6746345,1.2252664000261575,0.017584100016392767,373386,1.226,0,False,0.0,-180.0,0.0,0.0,0.0,0.0,65027
1789388394.6953046,1.2457278000656515,0.020461400039494038,373406,1.246,0,False,0.0,-180.0,0.0,0.0,0.0,0.0,65027
1789388394.7166708,1.2670865000691265,0.02135870000347495,373426,1.266,0,False,0.0,-180.0,0.0,0.0,0.0,0.0,65027
1789388394.7359598,1.2865548999980092,0.019468399928882718,373447,1.287,0,False,0.0,-180.0,0.0,0.0,0.0,0.0,65027
1789388394.7558763,1.3059721000026911,0.019417200004681945,373466,1.306,0,False,0.0,-180.0,0.0,0.0,0.0,0.0,65027
1789388394.7756484,1.3265427000587806,0.02057060005608946,373487,1.327,0,False,0.0,-180.0,0.0,0.0,0.0,0.0,65027
1789388394.7965584,1.3467777000041679,0.020234999945387244,373507,1.347,0,False,0.0,-180.0,0.0,0.0,0.0,0.0,65027
1789388394.8156464,1.3666055999929085,0.019827899988740683,373527,1.367,0,False,0.0,-180.0,0.0,0.0,0.0,0.0,65027
1789388394.8354692,1.386404399992898,0.01979879999998957,373547,1.387,0,False,0.0,-180.0,0.0,0.0,0.0,0.0,65027
1789388394.855465,1.406168800080195,0.019764400087296963,373567,1.407,0,False,0.0,-180.0,0.0,0.0,0.0,0.0,65027
1789388394.8750732,1.426024500047788,0.019855699967592955,373587,1.427,0,False,0.0,-180.0,0.0,0.0,0.0,0.0,65027
1789388394.896413,1.4466352000599727,0.02061070001218468,373608,1.448,0,False,0.0,-180.0,0.0,0.0,0.0,0.0,65027
1789388394.9173458,1.4678141000913456,0.021178900031372905,373628,1.468,0,False,0.0,-180.0,0.0,0.0,0.0,0.0,65027
1789388394.9357958,1.4862087999936193,0.018394699902273715,373648,1.488,0,False,0.0,-180.0,0.0,0.0,0.0,0.0,65027
1789388394.9542873,1.5043497000588104,0.01814090006519109,373668,1.508,0,False,0.0,-180.0,0.0,0.0,0.0,0.0,65027
1789388394.9743006,1.5251553000416607,0.020805599982850254,373688,1.528,0,False,0.0,-180.0,0.0,0.0,0.0,0.0,65027
1789388394.9951098,1.5457164000254124,0.020561099983751774,373708,1.548,0,False,0.0,-180.0,0.0,0.0,0.0,0.0,65027
1789388395.017816,1.5682694000424817,0.02255300001706928,373728,1.568,0,False,0.0,-180.0,0.0,0.0,0.0,0.0,65027
1789388395.0360074,1.5870449000503868,0.018775500007905066,373749,1.589,0,False,0.0,-180.0,0.0,0.0,0.0,0.0,65027
1789388395.0556786,1.6059258000459522,0.018880899995565414,373769,1.609,0,False,0.0,-180.0,0.0,0.0,0.0,0.0,65027
1789388395.075996,1.6260798000730574,0.020154000027105212,373789,1.629,0,False,0.0,-180.0,0.0,0.0,0.0,0.0,65027
1789388395.0943334,1.6449865000322461,0.0189066999591887,373809,1.649,0,False,0.0,-180.0,0.0,0.0,0.0,0.0,65027
1789388395.1169238,1.6670982000650838,0.02211170003283769,373829,1.669,0,False,0.0,-180.0,0.0,0.0,0.0,0.0,65027
1789388395.1366384,1.686712700058706,0.019614499993622303,373850,1.69,0,False,0.0,-180.0,0.0,0.0,0.0,0.0,65027
1789388395.1549163,1.706016100011766,0.019303399953059852,373870,1.71,0,False,0.0,-180.0,0.0,0.0,0.0,0.0,65027
1789388395.1756659,1.7263088000472635,0.020292700035497546,373890,1.73,0,False,0.0,-180.0,0.0,0.0,0.0,0.0,65027
1789388395.195337,1.74590460001491,0.0195957999676466,373910,1.75,0,False,0.0,-180.0,0.0,0.0,0.0,0.0,65027
1789388395.2172801,1.767834100057371,0.02192950004246086,373930,1.77,0,False,0.0,-180.0,0.0,0.0,0.0,0.0,65027
1789388395.2360432,1.786870300071314,0.019036200013943017,373950,1.79,0,False,0.0,-180.0,0.0,0.0,0.0,0.0,65027
1789388395.256872,1.8072431000182405,0.020372799946926534,373971,1.811,0,False,0.0,-180.0,0.0,0.0,0.0,0.0,65027
1789388395.2755485,1.8258243000600487,0.018581200041808188,373991,1.831,0,False,0.0,-180.0,0.0,0.0,0.0,0.0,65027
1789388395.2959301,1.8466795000713319,0.02085520001128316,374011,1.851,0,False,0.0,-180.0,0.0,0.0,0.0,0.0,65027
1789388395.3171146,1.8678952000336722,0.021215699962340295,374031,1.871,0,False,0.0,-180.0,0.0,0.0,0.0,0.0,65027
1789388395.3367712,1.8878037000540644,0.01990850002039224,374051,1.891,0,False,0.0,-180.0,0.0,0.0,0.0,0.0,65027
1789388395.3552387,1.9057731000939384,0.017969400039874017,374071,1.911,0,False,0.0,-180.0,0.0,0.0,0.0,0.0,65027
1789388395.3750234,1.9252651000861079,0.01949199999216944,374091,1.931,0,False,0.0,-180.0,0.0,0.0,0.0,0.0,65027
1789388395.3952692,1.9457057000836357,0.020440599997527897,374111,1.951,0,False,0.0,-180.0,0.0,0.0,0.0,0.0,65027
1789388395.4169288,1.9675216000759974,0.021815899992361665,374132,1.972,0,False,0.0,-180.0,0.0,0.0,0.0,0.0,65027
1789388395.435613,1.9862717000069097,0.018750099930912256,374152,1.992,0,False,0.0,-180.0,0.0,0.0,0.0,0.0,65027
1789388395.4552886,2.00561450002715,0.019342800020240247,374172,2.012,0,False,0.0,-180.0,0.0,0.0,0.0,0.0,65027
1789388395.4753509,2.026123800082132,0.020509300054982305,374192,2.032,0,False,0.0,-180.0,0.0,0.0,0.0,0.0,65027
1789388395.495708,2.0465241000056267,0.020400299923494458,374212,2.052,0,False,0.0,-180.0,0.0,0.0,0.0,0.0,65027
1789388395.5167756,2.0674512000987306,0.020927100093103945,374232,2.072,0,False,0.0,-180.0,0.0,0.0,0.0,0.0,65027
1789388395.5366728,2.0867745000869036,0.01932329998817295,374253,2.093,0,False,0.0,-180.0,0.0,0.0,0.0,0.0,65027
1789388395.5557706,2.1066067999927327,0.01983229990582913,374273,2.113,0,False,0.0,-180.0,0.0,0.0,0.0,0.0,65027
1789388395.5761564,2.1263508000411093,0.01974400004837662,374293,2.133,0,False,0.0,-180.0,0.0,0.0,0.0,0.0,65027
1789388395.5964222,2.146734100067988,0.020383300026878715,374313,2.153,0,False,0.0,-180.0,0.0,0.0,0.0,0.0,65027
1789388395.6170843,2.167323400033638,0.020589299965649843,374333,2.173,0,False,0.0,-180.0,0.0,0.0,0.0,0.0,65027
1789388395.6360652,2.1867075000191107,0.019384099985472858,374354,2.194,0,False,0.0,-180.0,0.0,0.0,0.0,0.0,65027
1789388395.6550348,2.205864100018516,0.019156599999405444,374374,2.214,0,False,0.0,-180.0,0.0,0.0,0.0,0.0,65027
1789388395.6753008,2.22598830005154,0.020124200033023953,374394,2.234,0,False,0.0,-180.0,0.0,0.0,0.0,0.0,65027
1789388395.6955602,2.2459841000381857,0.01999579998664558,374414,2.254,0,False,0.0,-180.0,0.0,0.0,0.0,0.0,65027
1789388395.7191896,2.269390600034967,0.02340649999678135,374434,2.274,0,False,0.0,-180.0,0.0,0.0,0.0,0.0,65027
1789388395.7414093,2.2923345000017434,0.02294389996677637,374460,2.3,0,False,0.0,-180.0,0.0,0.0,0.0,0.0,65027
1789388395.7556026,2.3059370000846684,0.013602500082924962,374475,2.315,0,False,0.0,-180.0,0.0,0.0,0.0,0.0,65027
1789388395.7758243,2.3261804000940174,0.02024340000934899,374495,2.335,0,False,0.0,-180.0,0.0,0.0,0.0,0.0,65027
1789388395.7954798,2.3461113000521436,0.019930899958126247,374515,2.355,0,False,0.0,-180.0,0.0,0.0,0.0,0.0,65027
1789388395.8179915,2.3680914000142366,0.021980099962092936,374535,2.375,0,False,0.0,-180.0,0.0,0.0,0.0,0.0,65027
1789388395.8355725,2.3865303000202402,0.018438900006003678,374555,2.395,0,False,0.0,-180.0,0.0,0.0,0.0,0.0,65027
1789388395.8564293,2.4064961000112817,0.019965799991041422,374575,2.415,0,False,0.0,-180.0,0.0,0.0,0.0,0.0,65027
1789388395.875449,2.426188900019042,0.019692800007760525,374596,2.436,0,False,0.0,-180.0,0.0,0.0,0.0,0.0,65027
1789388395.8960927,2.446956600062549,0.02076770004350692,374616,2.456,0,False,0.0,-180.0,0.0,0.0,0.0,0.0,65027
1789388395.9169114,2.467521700076759,0.020565100014209747,374636,2.476,0,False,0.0,-180.0,0.0,0.0,0.0,0.0,65027
1789388395.9374957,2.4876530000474304,0.020131299970671535,374656,2.496,0,False,0.0,-180.0,0.0,0.0,0.0,0.0,65027
1789388395.9555283,2.506015000049956,0.018362000002525747,374676,2.516,0,False,0.0,-180.0,0.0,0.0,0.0,0.0,65027
1789388395.9756987,2.526206300011836,0.02019129996187985,374696,2.536,0,False,0.0,-180.0,0.0,0.0,0.0,0.0,65027
1789388395.9963033,2.5471249000402167,0.02091860002838075,374717,2.557,0,False,0.0,-180.0,0.0,0.0,0.0,0.0,65027
1789388396.0167992,2.5671299000969157,0.02000500005669892,374737,2.577,0,False,0.0,-180.0,0.0,0.0,0.0,0.0,65027
1789388396.0362527,2.586534700007178,0.019404799910262227,374757,2.597,0,False,0.0,-180.0,0.0,0.0,0.0,0.0,65027
1789388396.0564215,2.607261900091544,0.020727200084365904,374777,2.617,0,False,0.0,-180.0,0.0,0.0,0.0,0.0,65027
1789388396.0752227,2.625968200038187,0.018706299946643412,374797,2.637,0,False,0.0,-180.0,0.0,0.0,0.0,0.0,65027
1789388396.096305,2.647232500021346,0.021264299983158708,374817,2.657,0,False,0.0,-180.0,0.0,0.0,0.0,0.0,65027
1789388396.1166215,2.6676272000186145,0.020394699997268617,374838,2.678,0,False,0.0,-180.0,0.0,0.0,0.0,0.0,65027
1789388396.1359437,2.686206700047478,0.01857950002886355,374858,2.698,0,False,0.0,-180.0,0.0,0.0,0.0,0.0,65027
1789388396.1553776,2.7057877000188455,0.01958099997136742,374878,2.718,0,False,0.0,-180.0,0.0,0.0,0.0,0.0,65027
1789388396.1751964,2.725807400071062,0.02001970005221665,374898,2.738,0,False,0.0,-180.0,0.0,0.0,0.0,0.0,65027
1789388396.1957896,2.7466531000100076,0.020845699938945472,374918,2.758,0,False,0.0,-180.0,0.0,0.0,0.0,0.0,65027
1789388396.2184458,2.7686092000221834,0.02195610001217574,374938,2.778,0,False,0.0,-180.0,0.0,0.0,0.0,0.0,65027
1789388396.2376525,2.787776300101541,0.019167100079357624,374959,2.799,0,False,0.0,-180.0,0.0,0.0,0.0,0.0,65027
1789388396.2557414,2.8063004000578076,0.018524099956266582,374979,2.819,0,False,0.0,-180.0,0.0,0.0,0.0,0.0,65027
1789388396.2757318,2.826604900066741,0.020304500008933246,374999,2.839,0,False,0.0,-180.0,0.0,0.0,0.0,0.0,65027
1789388396.2949357,2.8458161000162363,0.019211199949495494,375019,2.859,0,False,0.0,-180.0,0.0,0.0,0.0,0.0,65027
1789388396.3174345,2.8675004000542685,0.021684300038032234,375039,2.879,0,False,0.0,-180.0,0.0,0.0,0.0,0.0,65027
1789388396.3369608,2.8874804000370204,0.019979999982751906,375059,2.899,0,False,0.0,-180.0,0.0,0.0,0.0,0.0,65027
1789388396.356143,2.9067172000650316,0.019236800028011203,375079,2.919,0,False,0.0,-180.0,0.0,0.0,0.0,0.0,65027
1789388396.3749719,2.9259043000638485,0.019187099998816848,375100,2.94,0,False,0.0,-180.0,0.0,0.0,0.0,0.0,65027
1789388396.395639,2.946506100008264,0.02060179994441569,375120,2.96,0,False,0.0,-180.0,0.0,0.0,0.0,0.0,65027
1789388396.4172642,2.96763580001425,0.021129700005985796,375140,2.98,0,False,0.0,-180.0,0.0,0.0,0.0,0.0,65027
1789388396.436661,2.986738200066611,0.01910240005236119,375160,3.0,0,False,0.0,-180.0,0.0,0.0,0.0,0.0,65027
1789388396.4579875,3.0089391000801697,0.022200900013558567,375181,3.021,0,False,0.0,-180.0,0.0,0.0,0.0,0.0,65027
1789388396.4748006,3.0254319000523537,0.016492799972184002,375200,3.04,0,False,0.0,-180.0,0.0,0.0,0.0,0.0,65027
1789388396.495581,3.0458959999959916,0.020464099943637848,375221,3.061,0,False,0.0,-180.0,0.0,0.0,0.0,0.0,65027
1789388396.5163238,3.0673345000250265,0.021438500029034913,375241,3.081,0,False,0.0,-180.0,0.0,0.0,0.0,0.0,65027
1789388396.5368826,3.087210200028494,0.0198757000034675,375261,3.101,0,False,0.0,-180.0,0.0,0.0,0.0,0.0,65027
1789388396.5560055,3.1061877000611275,0.018977500032633543,375281,3.121,0,False,0.0,-180.0,0.0,0.0,0.0,0.0,65027
1789388396.575102,3.1257842000341043,0.019596499972976744,375301,3.141,0,False,0.0,-180.0,0.0,0.0,0.0,0.0,65027
1789388396.5951934,3.14565910003148,0.019874899997375906,375321,3.161,0,False,0.0,-180.0,0.0,0.0,0.0,0.0,65027
1789388396.6167588,3.1676160000497475,0.021956900018267334,375342,3.182,0,False,0.0,-180.0,0.0,0.0,0.0,0.0,65027
1789388396.6357608,3.186536299996078,0.018920299946330488,375362,3.202,0,False,0.0,-180.0,0.0,0.0,0.0,0.0,65027
1789388396.6557536,3.2060580000979826,0.01952170010190457,375382,3.222,0,False,0.0,-180.0,0.0,0.0,0.0,0.0,65027
1789388396.675805,3.2258813000516966,0.019823299953714013,375402,3.242,0,False,0.0,-180.0,0.0,0.0,0.0,0.0,65027
1789388396.6963913,3.2464755000546575,0.02059420000296086,375422,3.262,0,False,0.0,-180.0,0.0,0.0,0.0,0.0,65027
1789388396.716967,3.26758530002553,0.0211097999708727,375442,3.282,0,False,0.0,-180.0,0.0,0.0,0.0,0.0,65027
1789388396.735443,3.28641850000713,0.018833199981600046,375463,3.303,0,False,0.0,-180.0,0.0,0.0,0.0,0.0,65027
1789388396.7554846,3.3057036000536755,0.019285100046545267,375483,3.323,0,False,0.0,-180.0,0.0,0.0,0.0,0.0,65027
1789388396.7750952,3.3256746000843123,0.019971000030636787,375503,3.343,0,False,0.0,-180.0,0.0,0.0,0.0,0.0,65027
1789388396.795155,3.346103999996558,0.02042939991224557,375523,3.363,0,False,0.0,-180.0,0.0,0.0,0.0,0.0,65027
1789388396.8172133,3.3674977000337094,0.021393700037151575,375543,3.383,0,False,0.0,-180.0,0.0,0.0,0.0,0.0,65027
1789388396.8352818,3.3862757000606507,0.0187780000269413,375563,3.403,0,False,0.0,-180.0,0.0,0.0,0.0,0.0,65027
1789388396.8553028,3.4061933000339195,0.019917599973268807,375583,3.423,0,False,0.0,-180.0,0.0,0.0,0.0,0.0,65027
1789388396.874738,3.4263008000561967,0.020107500022277236,375604,3.444,0,False,0.0,-180.0,0.0,0.0,0.0,0.0,65027
1789388396.8956957,3.445827800082043,0.019527000025846064,375624,3.464,0,False,0.0,-180.0,0.0,0.0,0.0,0.0,65027
1789388396.9174035,3.4675469000358135,0.021719099953770638,375644,3.484,0,False,0.0,-180.0,0.0,0.0,0.0,0.0,65027
1789388396.9364982,3.486845000064932,0.01929810002911836,375664,3.504,0,False,0.0,-180.0,0.0,0.0,0.0,0.0,65027
1789388396.955247,3.505520800012164,0.018675799947232008,375684,3.524,0,False,0.0,-180.0,0.0,0.0,0.0,0.0,65027
1789388396.9754293,3.5256103000137955,0.020089500001631677,375704,3.544,0,False,0.0,-180.0,0.0,0.0,0.0,0.0,65027
1789388396.9952817,3.545376699999906,0.019766399986110628,375725,3.565,0,False,0.0,-180.0,0.0,0.0,0.0,0.0,65027
1789388397.0162058,3.5671884000767022,0.021811700076796114,375745,3.585,0,False,0.0,-180.0,0.0,0.0,0.0,0.0,65027
1789388397.0361667,3.5869864000706,0.019797999993897974,375765,3.605,0,False,0.0,-180.0,0.0,0.0,0.0,0.0,65027
1789388397.0550635,3.6056294000009075,0.01864299993030727,375785,3.625,0,False,0.0,-180.0,0.0,0.0,0.0,0.0,65027
1789388397.076164,3.6263623000122607,0.020732900011353195,375805,3.645,0,False,0.0,-180.0,0.0,0.0,0.0,0.0,65027
1789388397.095157,3.6456064000958577,0.019244100083597004,375825,3.665,0,False,0.0,-180.0,0.0,0.0,0.0,0.0,65027
1789388397.1171963,3.667523800046183,0.02191739995032549,375846,3.686,0,False,0.0,-180.0,0.0,0.0,0.0,0.0,65027
1789388397.1357844,3.6863951000850648,0.0188713000388816,375866,3.706,0,False,0.0,-180.0,0.0,0.0,0.0,0.0,65027
1789388397.1555717,3.705842600087635,0.01944750000257045,375886,3.726,0,False,0.0,-180.0,0.0,0.0,0.0,0.0,65027
1789388397.1751227,3.7260545000899583,0.02021190000232309,375906,3.746,0,False,0.0,-180.0,0.0,0.0,0.0,0.0,65027
1789388397.1956694,3.746424400014803,0.020369899924844503,375926,3.766,0,False,0.0,-180.0,0.0,0.0,0.0,0.0,65027
1789388397.2172503,3.7674787000287324,0.021054300013929605,375946,3.786,0,False,0.0,-180.0,0.0,0.0,0.0,0.0,65027
1789388397.23598,3.7865127000259236,0.01903399999719113,375967,3.807,0,False,0.0,-180.0,0.0,0.0,0.0,0.0,65027
1789388397.255072,3.805688700056635,0.019176000030711293,375987,3.827,0,False,0.0,-180.0,0.0,0.0,0.0,0.0,65027
1789388397.2756107,3.8260316000087187,0.020342899952083826,376007,3.847,0,False,0.0,-180.0,0.0,0.0,0.0,0.0,65027
1789388397.2950425,3.8457121000392362,0.019680500030517578,376027,3.867,0,False,0.0,-180.0,0.0,0.0,0.0,0.0,65027
1789388397.3176138,3.8679576000431553,0.022245500003919005,376047,3.887,0,False,0.0,-180.0,0.0,0.0,0.0,0.0,65027
1789388397.3359861,3.886845900095068,0.018888300051912665,376068,3.908,0,False,0.0,-180.0,0.0,0.0,0.0,0.0,65027
1789388397.3552353,3.9060503999935463,0.01920449989847839,376088,3.928,0,False,0.0,-180.0,0.0,0.0,0.0,0.0,65027
1789388397.3756347,3.9261221000924706,0.02007170009892434,376108,3.948,0,False,0.0,-180.0,0.0,0.0,0.0,0.0,65027
1789388397.3962426,3.9465426000533625,0.020420499960891902,376128,3.968,0,False,0.0,-180.0,0.0,0.0,0.0,0.0,65027
1789388397.416977,3.9671115000965074,0.020568900043144822,376148,3.988,0,False,0.0,-180.0,0.0,0.0,0.0,0.0,65027
1789388397.4366496,3.9870250000385568,0.019913499942049384,376168,4.008,0,False,0.0,-180.0,0.0,0.0,0.0,0.0,65027
1789388397.4551923,4.005804100073874,0.018779100035317242,376188,4.028,0,False,0.0,-180.0,0.0,0.0,0.0,0.0,65027
1789388397.4749594,4.025702400016598,0.019898299942724407,376209,4.049,0,False,0.0,-180.0,0.0,0.0,0.0,0.0,65027
1789388397.4963555,4.047158000059426,0.021455600042827427,376229,4.069,0,False,0.0,-180.0,0.0,0.0,0.0,0.0,65027
1789388397.5167012,4.0673859000671655,0.020227900007739663,376249,4.089,0,False,0.0,-180.0,0.0,0.0,0.0,0.0,65027
1789388397.535949,4.086529400083236,0.019143500016070902,376269,4.109,0,False,0.0,-180.0,0.0,0.0,0.0,0.0,65027
1789388397.5554574,4.105695700040087,0.019166299956850708,376289,4.129,0,False,0.0,-180.0,0.0,0.0,0.0,0.0,65027
1789388397.5757961,4.126470600022003,0.02077489998191595,376309,4.149,0,False,0.0,-180.0,0.0,0.0,0.0,0.0,65027
1789388397.595285,4.14555580005981,0.019085200037807226,376330,4.17,0,False,0.0,-180.0,0.0,0.0,0.0,0.0,65027
1789388397.617553,4.167889500036836,0.02233369997702539,376350,4.19,0,False,0.0,-180.0,0.0,0.0,0.0,0.0,65027
1789388397.63597,4.1865565000334755,0.018666999996639788,376370,4.21,0,False,0.0,-180.0,0.0,0.0,0.0,0.0,65027
1789388397.65745,4.208170700003393,0.021614199969917536,376390,4.23,0,False,0.0,-180.0,0.0,0.0,0.0,0.0,65027
1789388397.675715,4.225784400012344,0.017613700008951128,376410,4.25,0,False,0.0,-180.0,0.0,0.0,0.0,0.0,65027
1789388397.6954103,4.246049400069751,0.020265000057406723,376430,4.27,0,False,0.0,-180.0,0.0,0.0,0.0,0.0,65027
1789388397.7176185,4.268073000013828,0.022023599944077432,376451,4.291,0,False,0.0,-180.0,0.0,0.0,0.0,0.0,65027
1789388397.736538,4.287414400023408,0.019341400009579957,376471,4.311,0,False,0.0,-180.0,0.0,0.0,0.0,0.0,65027
1789388397.757059,4.307904100045562,0.020489700022153556,376493,4.333,0,False,0.0,-180.0,0.0,0.0,0.0,0.0,65027
1789388397.7746406,4.325502700055949,0.0175986000103876,376511,4.351,0,False,0.0,-180.0,0.0,0.0,0.0,0.0,65027
1789388397.8063083,4.356713599991053,0.031210899935103953,376531,4.371,0,False,0.0,-180.0,0.0,0.0,0.0,0.0,65027
1789388397.8187969,4.369654500042088,0.012940900051034987,376552,4.392,0,False,0.0,-180.0,0.0,0.0,0.0,0.0,65027
1789388397.8367069,4.386862000101246,0.01720750005915761,376572,4.412,0,False,0.0,-180.0,0.0,0.0,0.0,0.0,65027
1789388397.8558025,4.406054700026289,0.01919269992504269,376592,4.432,0,False,0.0,-180.0,0.0,0.0,0.0,0.0,65027
1789388397.8748858,4.4257357000606135,0.019681000034324825,376612,4.452,0,False,0.0,-180.0,0.0,0.0,0.0,0.0,65027
1789388397.8950555,4.445933900075033,0.020198200014419854,376632,4.472,0,False,0.0,-180.0,0.0,0.0,0.0,0.0,65027
1789388397.9172714,4.467435400001705,0.021501499926671386,376652,4.492,0,False,0.0,-180.0,0.0,0.0,0.0,0.0,65027
1789388397.9363937,4.48711780004669,0.019682400044985116,376673,4.513,0,False,0.0,-180.0,0.0,0.0,0.0,0.0,65027
1789388397.9551275,4.506180000025779,0.0190621999790892,376693,4.533,0,False,0.0,-180.0,0.0,0.0,0.0,0.0,65027
1789388397.9760933,4.526325200102292,0.020145200076512992,376713,4.553,0,False,0.0,-180.0,0.0,0.0,0.0,0.0,65027
1789388397.995289,4.5459496000548825,0.019624399952590466,376733,4.573,0,False,0.0,-180.0,0.0,0.0,0.0,0.0,65027
1789388398.0168781,4.567396300029941,0.021446699975058436,376753,4.593,0,False,0.0,-180.0,0.0,0.0,0.0,0.0,65027
1789388398.0361607,4.586792799993418,0.019396499963477254,376774,4.614,0,False,0.0,-180.0,0.0,0.0,0.0,0.0,65027
1789388398.0563276,4.606444700038992,0.01965190004557371,376793,4.633,0,False,0.0,-180.0,0.0,0.0,0.0,0.0,65027
1789388398.076022,4.6264787000836805,0.020034000044688582,376814,4.654,0,False,0.0,-180.0,0.0,0.0,0.0,0.0,65027
1789388398.0961459,4.646742400014773,0.02026369993109256,376834,4.674,0,False,0.0,-180.0,0.0,0.0,0.0,0.0,65027
1789388398.117013,4.66710379999131,0.02036139997653663,376854,4.694,0,False,0.0,-180.0,0.0,0.0,0.0,0.0,65027
1789388398.1365588,4.687149700010195,0.02004590001888573,376874,4.714,0,False,0.0,-180.0,0.0,0.0,0.0,0.0,65027
1789388398.1547148,4.7057785000652075,0.018628800055012107,376894,4.734,0,False,0.0,-180.0,0.0,0.0,0.0,0.0,65027
1789388398.1758227,4.726037900079973,0.02025940001476556,376914,4.754,0,False,0.0,-180.0,0.0,0.0,0.0,0.0,65027
1789388398.1961772,4.746723000076599,0.020685099996626377,376935,4.775,0,False,0.0,-180.0,0.0,0.0,0.0,0.0,65027
1789388398.2174163,4.767716300091706,0.020993300015106797,376955,4.795,0,False,0.0,-180.0,0.0,0.0,0.0,0.0,65027
1789388398.2356503,4.78641190007329,0.018695599981583655,376975,4.815,0,False,0.0,-180.0,0.0,0.0,0.0,0.0,65027
1789388398.2554426,4.805787299992517,0.019375399919226766,376995,4.835,0,False,0.0,-180.0,0.0,0.0,0.0,0.0,65027
1789388398.2760513,4.826438800082542,0.020651500090025365,377015,4.855,0,False,0.0,-180.0,0.0,0.0,0.0,0.0,65027
1789388398.2962213,4.84670770005323,0.020268899970687926,377035,4.875,0,False,0.0,-180.0,0.0,0.0,0.0,0.0,65027
1789388398.317251,4.867822400061414,0.021114700008183718,377055,4.895,0,False,0.0,-180.0,0.0,0.0,0.0,0.0,65027
1789388398.3368855,4.887642499990761,0.019820099929347634,377076,4.916,0,False,0.0,-180.0,0.0,0.0,0.0,0.0,65027
1789388398.3553412,4.905767600052059,0.018125100061297417,377096,4.936,0,False,0.0,-180.0,0.0,0.0,0.0,0.0,65027
1789388398.3754542,4.925979900057428,0.02021230000536889,377116,4.956,0,False,0.0,-180.0,0.0,0.0,0.0,0.0,65027
1789388398.3954275,4.945769999991171,0.019790099933743477,377136,4.976,0,False,0.0,-180.0,0.0,0.0,0.0,0.0,65027
1789388398.417565,4.967848500004038,0.022078500012867153,377156,4.996,0,False,0.0,-180.0,0.0,0.0,0.0,0.0,65027
1789388398.4408998,4.991023300099187,0.023174800095148385,377181,5.021,0,False,0.0,-180.0,0.0,0.0,0.0,0.0,65027
1789388398.4565725,5.007350200088695,0.016326899989508092,377197,5.037,0,False,0.0,-180.0,0.0,0.0,0.0,0.0,65027
1789388398.474609,5.025528500089422,0.018178300000727177,377217,5.057,0,False,0.3,179.7,16.50319336725715,0.0,0.0,0.0,65027
1789388398.4948103,5.045821900013834,0.02029339992441237,377237,5.077,0,False,2.1,177.89999999999998,88.69878909914272,0.0,0.0,0.0,65027
1789388398.5164287,5.067423600004986,0.02160169999115169,377257,5.097,0,False,3.6,176.39999999999998,69.43897936803204,0.0,0.0,0.0,65027
1789388398.5365884,5.086781100020744,0.019357500015757978,377278,5.118,0,False,5.4,174.60000000000002,92.98721418234383,0.0,0.0,0.0,65027
1789388398.5562687,5.106346899992786,0.01956579997204244,377297,5.137,0,False,7.2,172.8,91.9972606574753,0.0,0.0,0.0,65027
1789388398.5755322,5.125990500091575,0.019643600098788738,377317,5.157,0,False,8.7,171.3,76.36074815494197,0.0,0.0,0.0,65027
1789388398.6021168,5.152274599997327,0.026284099905751646,377338,5.178,0,False,9.9,170.10000000000002,45.6549778878826,0.0,0.0,0.0,65027
1789388398.6176822,5.1678179000737146,0.015543300076387823,377358,5.198,0,False,11.4,168.60000000000002,96.50460279530238,0.0,0.0,0.0,65027
1789388398.6367939,5.187348600011319,0.019530699937604368,377378,5.218,0,False,13.5,166.5,107.52302819197273,0.0,0.0,0.0,65027
1789388398.655217,5.205806600046344,0.01845800003502518,377398,5.238,0,False,15.6,164.39999999999998,113.77180604697782,0.0,0.0,0.0,65027
1789388398.6759322,5.226067600073293,0.02026100002694875,377418,5.258,0,False,18.0,162.0,118.45417288425121,0.0,0.0,0.0,65027
1789388398.69608,5.2471168000483885,0.02104919997509569,377438,5.278,0,False,20.4,159.60000000000002,114.01858516426087,0.0,0.0,0.0,65027
1789388398.7173178,5.267407300067134,0.02029050001874566,377459,5.299,0,False,22.8,157.2,118.28195450002377,0.0,0.0,0.0,65027
1789388398.735101,5.28659570007585,0.01918840000871569,377479,5.319,0,False,25.2,154.8,125.07556643127545,0.0,0.0,0.0,65027
1789388398.7574148,5.3084169999929145,0.021821299917064607,377499,5.339,0,False,27.6,152.39999999999998,109.98428183112809,0.0,0.0,0.0,65027
1789388398.7754087,5.326297100051306,0.01788010005839169,377519,5.359,0,False,30.3,149.7,151.00586636442193,0.0,0.0,0.0,65027
1789388398.7953975,5.346185000031255,0.019887899979948997,377539,5.379,0,False,33.0,147.0,135.760940205961,0.0,0.0,0.0,65027
1789388398.8170097,5.367848500027321,0.021663499996066093,377559,5.399,0,False,35.7,144.3,124.63360031805966,0.0,0.0,0.0,65027
1789388398.8376997,5.388592300005257,0.02074379997793585,377581,5.421,0,False,38.4,141.60000000000002,130.15937305950908,0.0,0.0,0.0,65027
1789388398.8554964,5.405662700068206,0.017070400062948465,377600,5.44,0,False,40.8,139.2,140.59424449045213,0.0,0.0,0.0,65027
1789388398.8759232,5.426438100053929,0.020775399985723197,377620,5.46,0,False,43.5,136.5,129.96139674111794,0.0,0.0,0.0,65027
1789388398.8964365,5.447181100025773,0.020742999971844256,377640,5.48,0,False,46.5,133.5,144.62710331543576,0.0,0.0,0.0,65027
1789388398.918265,5.468484700075351,0.021303600049577653,377660,5.5,0,False,49.5,130.5,140.82126931684843,0.0,0.0,0.0,65027
1789388398.9371784,5.4872456000884995,0.018760900013148785,377681,5.521,0,False,52.5,127.5,159.9070405949297,0.0,0.0,0.0,65027
1789388398.9553874,5.505905900034122,0.018660299945622683,377701,5.541,0,False,55.2,124.80000000000001,144.69220794242122,0.0,0.0,0.0,65027
1789388398.976349,5.526418299996294,0.020512399962171912,377721,5.561,0,False,58.2,121.80000000000001,146.25299845617633,0.0,0.0,0.0,65027
1789388398.9958918,5.546119600068778,0.01970130007248372,377741,5.581,0,False,60.9,119.10000000000002,137.04679336218055,0.0,0.0,0.0,65027
1789388399.0176237,5.56788059999235,0.021760999923571944,377761,5.601,0,False,63.9,116.10000000000002,137.86131200480088,0.0,0.0,0.0,65027
1789388399.036355,5.586770400055684,0.018889800063334405,377781,5.621,0,False,66.6,113.39999999999998,142.93428151422094,0.0,0.0,0.0,65027
1789388399.0554895,5.6062514000805095,0.019481000024825335,377801,5.641,0,False,69.3,110.69999999999999,138.59658110770917,0.0,0.0,0.0,65027
1789388399.075224,5.625919600017369,0.01966819993685931,377821,5.661,0,False,72.0,108.0,137.27743304764954,0.0,0.0,0.0,65027
1789388399.0963542,5.647120300098322,0.02120070008095354,377842,5.682,0,False,74.4,105.60000000000002,113.20380887592187,0.0,0.0,0.0,65027
1789388399.117078,5.667997200042009,0.02087689994368702,377862,5.702,0,False,76.5,103.5,100.58964720166773,0.0,0.0,0.0,65027
1789388399.1363728,5.6866493000416085,0.01865209999959916,377882,5.722,0,False,78.6,101.39999999999998,112.58785874218582,0.0,0.0,0.0,65027
1789388399.1554253,5.705975700053386,0.019326400011777878,377902,5.742,0,False,80.4,99.60000000000002,93.13684902015156,0.0,0.0,0.0,65027
1789388399.1761823,5.726510600070469,0.02053490001708269,377922,5.762,0,False,81.9,98.10000000000002,73.04637464765698,0.0,0.0,0.0,65027
1789388399.1959207,5.746496300096624,0.019985700026154518,377942,5.782,0,False,82.8,97.19999999999999,45.03219796265239,0.0,0.0,0.0,65027
1789388399.217039,5.767640600097366,0.021144300000742078,377963,5.803,0,False,83.7,96.30000000000001,42.56466281543581,0.0,0.0,0.0,65027
1789388399.2374628,5.787997900042683,0.02035729994531721,377983,5.823,0,False,84.0,96.0,14.736728387647517,0.0,0.0,0.0,65027
1789388399.255609,5.806013000081293,0.0180151000386104,378003,5.843,0,False,84.6,95.39999999999998,33.30539373714605,0.0,0.0,0.0,65027
1789388399.2752213,5.82614190003369,0.02012889995239675,378023,5.863,0,False,84.6,95.39999999999998,0.0,0.0,0.0,0.0,65027
1789388399.2973602,5.848158200038597,0.022016300004906952,378043,5.883,0,False,84.6,95.39999999999998,0.0,0.0,0.0,0.0,65027
1789388399.3182414,5.868437600089237,0.020279400050640106,378063,5.903,0,False,84.6,95.39999999999998,0.0,0.0,0.0,0.0,65027
1789388399.3365922,5.88695800001733,0.018520399928092957,378084,5.924,0,False,84.3,95.69999999999999,-16.198354310100598,0.0,0.0,0.0,65027
1789388399.3566034,5.906824100064114,0.019866100046783686,378104,5.944,0,False,84.3,95.69999999999999,0.0,0.0,0.0,0.0,65027
1789388399.3761363,5.926662700017914,0.01983859995380044,378124,5.964,0,False,84.3,95.69999999999999,0.0,0.0,0.0,0.0,65027
1789388399.395789,5.946689200005494,0.020026499987579882,378144,5.984,0,False,84.3,95.69999999999999,0.0,0.0,0.0,0.0,65027
1789388399.4192245,5.969522400060669,0.02283320005517453,378164,6.004,0,False,84.6,95.39999999999998,13.138762822341429,0.0,0.0,0.0,65027
1789388399.43631,5.987608900060877,0.018086500000208616,378184,6.024,0,False,85.2,94.80000000000001,33.17391424505029,0.0,0.0,0.0,65027
1789388399.4566376,6.0073144000489265,0.01970549998804927,378204,6.044,0,False,85.8,94.19999999999999,30.44835200141455,0.0,0.0,0.0,65027
1789388399.4763403,6.026449400000274,0.01913499995134771,378225,6.065,0,False,86.4,93.60000000000002,31.356153724879615,0.0,0.0,0.0,65027
1789388399.4971468,6.047503400011919,0.021054000011645257,378245,6.085,0,False,87.3,92.69999999999999,42.747221406961856,0.0,0.0,0.0,65027
1789388399.5172987,6.067915000021458,0.020411600009538233,378265,6.105,0,False,87.9,92.10000000000002,29.395049859866248,0.0,0.0,0.0,65027
1789388399.5359828,6.0863819000078365,0.01846689998637885,378285,6.125,0,False,88.8,91.19999999999999,48.7358463339172,0.0,0.0,0.0,65027
1789388399.5557647,6.105968500021845,0.01958660001400858,378305,6.145,0,False,89.4,90.60000000000002,30.633187973966653,0.0,0.0,0.0,65027
1789388399.5755339,6.126341100083664,0.020372600061818957,378325,6.165,0,False,90.0,90.0,29.451321784128893,0.0,0.0,0.0,65027
1789388399.5956593,6.14618869998958,0.01984759990591556,378345,6.185,0,False,90.6,89.39999999999998,30.230355450744696,0.0,0.0,0.0,65027
1789388399.6167285,6.167626400012523,0.021437700022943318,378366,6.206,0,False,91.2,88.80000000000001,27.988077049211594,0.0,0.0,0.0,65027
1789388399.6371315,6.187467200099491,0.019840800086967647,378386,6.226,0,False,91.5,88.5,15.120357983802538,0.0,0.0,0.0,65027
1789388399.657256,6.20737519999966,0.01990799990016967,378407,6.247,0,False,91.8,88.19999999999999,15.069318942354151,0.0,0.0,0.0,65027
1789388399.6763248,6.227110000094399,0.019734800094738603,378426,6.266,0,False,92.1,87.89999999999998,15.201572783095628,0.0,0.0,0.0,65027
1789388399.695915,6.246915400028229,0.019805399933829904,378446,6.286,0,False,92.4,87.60000000000002,15.147384097383302,0.0,0.0,0.0,65027
1789388399.716997,6.267791700083762,0.020876300055533648,378466,6.306,0,False,93.0,87.0,28.740725052040688,0.0,0.0,0.0,65027
1789388399.741422,6.292272599996068,0.024480899912305176,378493,6.333,0,False,93.3,86.69999999999999,12.254451473379792,0.0,0.0,0.0,65027
1789388399.7559042,6.306263400008902,0.01399080001283437,378507,6.347,0,False,93.6,86.39999999999998,21.442662301284294,0.0,0.0,0.0,65027
1789388399.7753417,6.326155800023116,0.019892400014214218,378527,6.367,0,False,94.2,85.80000000000001,30.16227300734399,0.0,0.0,0.0,65027
1789388399.7961802,6.346567500033416,0.020411700010299683,378547,6.387,0,False,94.5,85.5,14.697452923991253,0.0,0.0,0.0,65027
1789388399.8182101,6.368595800013281,0.02202829997986555,378567,6.407,0,False,94.8,85.19999999999999,13.618844862028359,0.0,0.0,0.0,65027
1789388399.8393698,6.389885700074956,0.021289900061674416,378591,6.431,0,False,95.1,84.89999999999998,14.091188738836046,0.0,0.0,0.0,65027
1789388399.8545403,6.405845200060867,0.015959499985910952,378607,6.447,0,False,95.4,84.60000000000002,18.797581394457932,0.0,0.0,0.0,65027
1789388399.8751829,6.4258609000826254,0.020015700021758676,378628,6.468,0,False,95.4,84.60000000000002,0.0,0.0,0.0,0.0,65027
1789388399.8953345,6.445879600010812,0.020018699928186834,378648,6.488,0,False,95.7,84.30000000000001,14.985988154885314,0.0,0.0,0.0,65027
1789388399.9173427,6.467653600033373,0.021774000022560358,378668,6.508,0,False,95.7,84.30000000000001,0.0,0.0,0.0,0.0,65027
1789388399.936366,6.487379200058058,0.019725600024685264,378688,6.528,0,False,95.7,84.30000000000001,0.0,0.0,0.0,0.0,65027
1789388399.9550848,6.505889100022614,0.018509899964556098,378708,6.548,0,False,95.7,84.30000000000001,0.0,0.0,0.0,0.0,65027
1789388399.9761343,6.526644800091162,0.02075570006854832,378728,6.568,0,False,95.7,84.30000000000001,0.0,0.0,0.0,0.0,65027
1789388399.995772,6.5467224000021815,0.020077599911019206,378748,6.588,0,False,95.7,84.30000000000001,0.0,0.0,0.0,0.0,65027
1789388400.016893,6.5670597000280395,0.020337300025857985,378769,6.609,0,False,95.7,84.30000000000001,0.0,0.0,0.0,0.0,65027
1789388400.035599,6.586589900078252,0.019530200050212443,378789,6.629,0,False,95.7,84.30000000000001,0.0,0.0,0.0,0.0,65027
1789388400.0548627,6.606146900099702,0.01955700002145022,378809,6.649,0,False,95.4,84.60000000000002,-15.33977602244566,0.0,0.0,0.0,65027
1789388400.0752742,6.626131700002588,0.019984799902886152,378829,6.669,0,False,95.4,84.60000000000002,0.0,0.0,0.0,0.0,65027
1789388400.0974298,6.647620400064625,0.021488700062036514,378849,6.689,0,False,95.4,84.60000000000002,0.0,0.0,0.0,0.0,65027
1789388400.115641,6.667178700095974,0.019558300031349063,378869,6.709,0,False,95.4,84.60000000000002,0.0,0.0,0.0,0.0,65027
1789388400.1390996,6.689291200018488,0.022112499922513962,378890,6.73,0,False,95.4,84.60000000000002,0.0,0.0,0.0,0.0,65027
1789388400.1562827,6.707328499993309,0.018037299974821508,378910,6.75,0,False,95.4,84.60000000000002,0.0,0.0,0.0,0.0,65027
1789388400.1749883,6.726024000090547,0.018695500097237527,378930,6.77,0,False,94.8,85.19999999999999,-32.093284313302725,0.0,0.0,0.0,65027
1789388400.1977522,6.7492201999993995,0.023196199908852577,378950,6.79,0,False,93.6,86.39999999999998,-51.732611579279485,0.0,0.0,0.0,65027
1789388400.217072,6.767740400042385,0.01852020004298538,378970,6.81,0,False,91.2,88.80000000000001,-129.58823308763286,0.0,0.0,0.0,65027
1789388400.2367628,6.7872604000149295,0.01951999997254461,378991,6.831,0,False,87.3,92.69999999999999,-199.79508224823041,0.0,0.0,0.0,65027
1789388400.2569337,6.807537400047295,0.020277000032365322,379010,6.85,0,False,82.5,97.5,-236.72140811453602,0.0,0.0,0.0,65027
1789388400.2755702,6.825784899992868,0.01824749994557351,379030,6.87,0,False,76.2,103.80000000000001,-345.2527753824309,0.0,0.0,0.0,65027
1789388400.2952197,6.845620000036433,0.019835100043565035,379051,6.891,0,False,68.7,111.30000000000001,-378.11757861202085,0.0,0.0,0.0,65027
1789388400.3577082,6.908989900024608,0.06336989998817444,379113,6.953,0,False,38.7,141.3,-473.41087812349946,0.0,0.0,0.0,65027
1789388400.37585,6.926231099991128,0.01724119996652007,379131,6.971,0,False,28.5,151.5,-591.6061538528014,0.0,0.0,0.0,65027
1789388400.3969836,6.94779860007111,0.021567500079981983,379151,6.991,0,False,16.8,163.2,-542.4829005035879,0.0,0.0,0.0,65027
1789388400.4165785,6.967607400030829,0.01980879995971918,379172,7.012,0,False,4.8,175.2,-605.791366685603,0.0,0.0,0.0,65027
1789388400.4369369,6.987611400079913,0.020004000049084425,379193,7.033,0,False,352.5,-172.5,-614.8770230863362,0.0,0.0,0.0,65027
1789388400.455627,7.006497700000182,0.018886299920268357,379212,7.052,0,False,341.4,-161.39999999999998,-587.7276145597873,0.0,0.0,0.0,65027
1789388400.4768326,7.026940000010654,0.020442300010472536,379232,7.072,0,False,330.6,-150.60000000000002,-528.3162850788386,0.0,0.0,0.0,65027
1789388400.4954455,7.04644210007973,0.019502100069075823,379252,7.092,0,False,320.1,-140.10000000000002,-538.4035546330565,0.0,0.0,0.0,65027
1789388400.5266368,7.077074700035155,0.030632599955424666,379283,7.123,0,False,306.0,-126.0,-460.29393588914354,0.0,0.0,0.0,65027
1789388400.5361814,7.086707400041632,0.009632700006477535,379293,7.133,0,False,302.1,-122.10000000000002,-404.8709081957719,0.0,0.0,0.0,65027
1789388400.5553958,7.10616750002373,0.019460099982097745,379313,7.153,0,False,294.9,-114.89999999999998,-369.98782157458913,0.0,0.0,0.0,65027
1789388400.576203,7.126385100069456,0.020217600045725703,379333,7.173,0,False,288.9,-108.89999999999998,-296.7711294332627,0.0,0.0,0.0,65027
1789388400.597565,7.148976200027391,0.022591099957935512,379353,7.193,0,False,283.8,-103.80000000000001,-225.75261981471172,0.0,0.0,0.0,65027
1789388400.6177306,7.168212400050834,0.019236200023442507,379373,7.213,0,False,280.5,-100.5,-171.55155363213177,0.0,0.0,0.0,65027
1789388400.6368866,7.187935400055721,0.01972300000488758,379395,7.235,0,False,278.1,-98.10000000000002,-121.68534195635706,0.0,0.0,0.0,65027
1789388400.6557148,7.206387500045821,0.01845209999009967,379413,7.253,0,False,277.2,-97.19999999999999,-48.77493621229682,0.0,0.0,0.0,65027
1789388400.6761594,7.226354600046761,0.019967100000940263,379434,7.274,0,False,277.2,-97.19999999999999,0.0,0.0,0.0,0.0,65027
1789388400.6957703,7.247114400030114,0.020759799983352423,379454,7.294,0,False,278.7,-98.69999999999999,72.25503141662594,0.0,0.0,0.0,65027
1789388400.7178354,7.268634600099176,0.021520200069062412,379474,7.314,0,False,281.7,-101.69999999999999,139.40390843823153,0.0,0.0,0.0,65027
1789388400.7376413,7.288004400092177,0.019369799993000925,379495,7.335,0,False,285.9,-105.89999999999998,216.83238864198984,0.0,0.0,0.0,65027
1789388400.7563026,7.306933999992907,0.018929599900729954,379515,7.355,0,False,291.0,-111.0,269.41932353273666,0.0,0.0,0.0,65027
1789388400.776231,7.3263542000204325,0.019420200027525425,379535,7.375,0,False,297.3,-117.30000000000001,324.4044855908096,0.0,0.0,0.0,65027
1789388400.796374,7.346752400044352,0.020398200023919344,379555,7.395,0,False,304.8,-124.80000000000001,367.6795007013044,0.0,0.0,0.0,65027
1789388400.8180106,7.368374400073662,0.021622000029310584,379575,7.415,0,False,313.5,-133.5,402.36795801527836,0.0,0.0,0.0,65027
1789388400.8376682,7.388090700027533,0.019716299953870475,379596,7.436,0,False,323.7,-143.7,517.3384470648431,0.0,0.0,0.0,65027
1789388400.8557765,7.406829599989578,0.018738899962045252,379615,7.455,0,False,333.0,-153.0,496.2938069383324,0.0,0.0,0.0,65027
1789388400.875647,7.426120100077242,0.01929050008766353,379635,7.475,0,False,343.5,-163.5,544.309372607445,0.0,0.0,0.0,65027
1789388400.8966641,7.446946799987927,0.02082669991068542,379655,7.495,0,False,354.6,-174.60000000000002,532.9696998373236,0.0,0.0,0.0,65027
1789388400.9173567,7.468239800073206,0.021293000085279346,379675,7.515,0,False,5.7,174.3,521.2980770931296,0.0,0.0,0.0,65027
1789388400.9383786,7.48848560010083,0.020245800027623773,379697,7.537,0,False,17.4,162.60000000000002,577.8976372401326,0.0,0.0,0.0,65027
1789388400.9556408,7.5058860999997705,0.017400499898940325,379716,7.556,0,False,27.0,153.0,551.70828744895,0.0,0.0,0.0,65027
1789388400.9762821,7.526730600045994,0.020844500046223402,379736,7.576,0,False,36.9,143.10000000000002,474.9454281967144,0.0,0.0,0.0,65027
1789388400.994851,7.545724800089374,0.01899420004338026,379756,7.596,0,False,45.9,134.10000000000002,473.82885193612685,0.0,0.0,0.0,65027
1789388401.0171149,7.567693600081839,0.021968799992464483,379776,7.616,0,False,54.0,126.0,368.70470862215393,0.0,0.0,0.0,65027
1789388401.0377777,7.588004000019282,0.020310399937443435,379797,7.637,0,False,61.5,118.5,369.2689470960787,0.0,0.0,0.0,65027
1789388401.0550623,7.606082100071944,0.018078100052662194,379817,7.657,0,False,67.2,112.80000000000001,315.29862006492226,0.0,0.0,0.0,65027
1789388401.0761707,7.626301600015722,0.02021949994377792,379837,7.677,0,False,72.0,108.0,237.39459498735525,0.0,0.0,0.0,65027
1789388401.0963507,7.646743900026195,0.020442300010472536,379857,7.697,0,False,75.6,104.39999999999998,176.10542835961334,0.0,0.0,0.0,65027
1789388401.1176214,7.668120000045747,0.021376100019551814,379877,7.717,0,False,77.7,102.30000000000001,98.24055829076593,0.0,0.0,0.0,65027
1789388401.1377428,7.688155100098811,0.020035100053064525,379898,7.738,0,False,78.9,101.10000000000002,59.894884319104726,0.0,0.0,0.0,65027
1789388401.1589074,7.709098500083201,0.020943399984389544,379918,7.758,0,False,78.6,101.39999999999998,-14.324321754042828,0.0,0.0,0.0,65027
1789388401.1779566,7.728024400072172,0.01892589998897165,379939,7.779,0,False,77.1,102.89999999999998,-79.25646869496659,0.0,0.0,0.0,65027
1789388401.1965897,7.746676100068726,0.01865169999655336,379958,7.798,0,False,74.4,105.60000000000002,-144.7589228059062,0.0,0.0,0.0,65027
1789388401.2172415,7.768021000083536,0.021344900014810264,379978,7.818,0,False,70.5,109.5,-182.71343493265238,0.0,0.0,0.0,65027
1789388401.2358093,7.786812100093812,0.01879110001027584,379998,7.838,0,False,65.1,114.89999999999998,-287.3700846170281,0.0,0.0,0.0,65027
1789388401.2556052,7.807019200059585,0.020207099965773523,380018,7.858,0,False,58.8,121.19999999999999,-311.77160555798974,0.0,0.0,0.0,65027
1789388401.2762768,7.826444700011052,0.019425499951466918,380038,7.878,0,False,51.6,128.39999999999998,-370.6468311234523,0.0,0.0,0.0,65027
1789388401.295937,7.846481200074777,0.020036500063724816,380059,7.899,0,False,43.2,136.8,-419.23489498087685,0.0,0.0,0.0,65027
1789388401.317608,7.8680822000605986,0.021600999985821545,380079,7.919,0,False,34.2,145.8,-416.6473777097086,0.0,0.0,0.0,65027
1789388401.3367758,7.887453900068067,0.019371700007468462,380099,7.939,0,False,24.0,156.0,-526.5412945723676,0.0,0.0,0.0,65027
1789388401.3558953,7.906530200038105,0.019076299970038235,380119,7.959,0,False,14.1,165.89999999999998,-518.9685639012397,0.0,0.0,0.0,65027
1789388401.3750336,7.925912000006065,0.019381799967959523,380139,7.979,0,False,3.9,176.10000000000002,-526.2669110640824,0.0,0.0,0.0,65027
1789388401.397776,7.948423000052571,0.022511000046506524,380159,7.999,0,False,353.7,-173.7,-453.11181106691794,0.0,0.0,0.0,65027
1789388401.4170957,7.967732200049795,0.019309199997223914,380180,8.02,0,False,343.5,-163.5,-528.245603208131,0.0,0.0,0.0,65027
1789388401.4372132,7.987831100006588,0.020098899956792593,380200,8.04,0,False,333.9,-153.89999999999998,-477.6380807227025,0.0,0.0,0.0,65027
1789388401.4563012,8.006925499998033,0.019094399991445243,380220,8.06,0,False,325.2,-145.2,-455.63097054098586,0.0,0.0,0.0,65027
1789388401.4756663,8.026384300086647,0.019458800088614225,380240,8.08,0,False,317.1,-137.10000000000002,-416.26410483241744,0.0,0.0,0.0,65027
1789388401.4955375,8.046190900029615,0.019806599942967296,380260,8.1,0,False,309.9,-129.89999999999998,-363.5151929524653,0.0,0.0,0.0,65027
1789388401.5172782,8.067697399994358,0.021506499964743853,380280,8.12,0,False,303.6,-123.60000000000002,-292.93469464244316,0.0,0.0,0.0,65027
1789388401.5367723,8.087052299990319,0.019354899995960295,380301,8.141,0,False,298.5,-118.5,-263.4991656409737,0.0,0.0,0.0,65027
1789388401.5575547,8.108235400053672,0.021183100063353777,380321,8.161,0,False,294.6,-114.60000000000002,-184.10902976127076,0.0,0.0,0.0,65027
1789388401.5762224,8.126386300078593,0.018150900024920702,380341,8.181,0,False,291.9,-111.89999999999998,-148.75295419472408,0.0,0.0,0.0,65027
1789388401.5965614,8.146640400053002,0.020254099974408746,380361,8.201,0,False,290.4,-110.39999999999998,-74.05907948984476,0.0,0.0,0.0,65027
1789388401.6176906,8.168192000011913,0.021551599958911538,380381,8.221,0,False,290.1,-110.10000000000002,-13.920080206198575,0.0,0.0,0.0,65027
1789388401.636408,8.18722850002814,0.019036500016227365,380401,8.241,0,False,291.0,-111.0,47.27759825770422,0.0,0.0,0.0,65027
1789388401.6560757,8.207258900045417,0.020030400017276406,380422,8.262,0,False,293.1,-113.10000000000002,104.8406421333949,0.0,0.0,0.0,65027
1789388401.6757662,8.226386900059879,0.019128000014461577,380441,8.281,0,False,296.4,-116.39999999999998,172.52195720958883,0.0,0.0,0.0,65027
1789388401.6957493,8.24641010002233,0.020023199962452054,380462,8.302,0,False,300.9,-120.89999999999998,224.7393028306414,0.0,0.0,0.0,65027
1789388401.717004,8.267686300096102,0.02127620007377118,380482,8.322,0,False,306.3,-126.30000000000001,253.80471988778828,0.0,0.0,0.0,65027
1789388401.7376559,8.28833760006819,0.020651299972087145,380503,8.343,0,False,313.5,-133.5,348.6463326634015,0.0,0.0,0.0,65027
1789388401.7569275,8.307258300017565,0.018920699949376285,380523,8.363,0,False,320.7,-140.7,380.53560488058656,0.0,0.0,0.0,65027
1789388401.7763844,8.326546200085431,0.01928790006786585,380542,8.382,0,False,328.8,-148.8,419.9524039164241,0.0,0.0,0.0,65027
1789388401.7989047,8.349048000061885,0.022501799976453185,380562,8.402,0,False,337.5,-157.5,386.63573621239317,0.0,0.0,0.0,65027
1789388401.8179939,8.368849000078626,0.019801000016741455,380583,8.423,0,False,346.8,-166.8,469.6732484287156,0.0,0.0,0.0,65027
1789388401.8364863,8.387179700075649,0.018330699997022748,380604,8.444,0,False,356.7,-176.7,540.0775748666404,0.0,0.0,0.0,65027
1789388401.855585,8.40623520000372,0.019055499928072095,380623,8.463,0,False,6.0,174.0,488.04807195320444,0.0,0.0,0.0,65027
1789388401.876183,8.426729800063185,0.020494600059464574,380643,8.483,0,False,15.3,164.7,453.7780670526037,0.0,0.0,0.0,65027
1789388401.8960943,8.446723600034602,0.019993799971416593,380663,8.503,0,False,24.6,155.39999999999998,465.1441953653341,0.0,0.0,0.0,65027
1789388401.916784,8.467213400057517,0.020489800022915006,380683,8.523,0,False,33.0,147.0,409.96007723871236,0.0,0.0,0.0,65027
1789388401.937644,8.488373900065199,0.02116050000768155,380704,8.544,0,False,40.8,139.2,368.6113275758373,0.0,0.0,0.0,65027
1789388401.9559517,8.506286000018008,0.017912099952809513,380724,8.564,0,False,47.7,132.3,385.2144649805698,0.0,0.0,0.0,65027
1789388401.9756708,8.526648600003682,0.020362599985674024,380744,8.584,0,False,54.0,126.0,309.3907459966967,0.0,0.0,0.0,65027
1789388401.9956746,8.546730900066905,0.020082300063222647,380764,8.604,0,False,58.8,121.19999999999999,239.01644656681552,0.0,0.0,0.0,65027
1789388402.017162,8.567408500006422,0.020677599939517677,380784,8.624,0,False,62.7,117.30000000000001,188.60989725149778,0.0,0.0,0.0,65027
1789388402.0361772,8.58698910009116,0.019580600084736943,380805,8.645,0,False,65.7,114.30000000000001,153.21287330404633,0.0,0.0,0.0,65027
1789388402.055935,8.606434200075455,0.019445099984295666,380824,8.664,0,False,67.2,112.80000000000001,77.14025647651266,0.0,0.0,0.0,65027
1789388402.0763698,8.62706910003908,0.020634899963624775,380845,8.685,0,False,67.5,112.5,14.538476102566609,0.0,0.0,0.0,65027
1789388402.0963068,8.646570899989456,0.019501799950376153,380865,8.705,0,False,66.9,113.10000000000002,-30.766390872983056,0.0,0.0,0.0,65027
1789388402.1186001,8.669161000056192,0.02259010006673634,380885,8.725,0,False,64.8,115.19999999999999,-92.96107559489072,0.0,0.0,0.0,65027
1789388402.1399913,8.690204000100493,0.021043000044301152,380909,8.749,0,False,60.9,119.10000000000002,-185.3347902765509,0.0,0.0,0.0,65027
1789388402.1557243,8.705831300001591,0.015627299901098013,380925,8.765,0,False,57.3,122.69999999999999,-230.36609156947512,0.0,0.0,0.0,65027
1789388402.1756375,8.725745200063102,0.019913900061510503,380945,8.785,0,False,51.9,128.10000000000002,-271.1673747141627,0.0,0.0,0.0,65027
1789388402.1957731,8.746546300011687,0.020801099948585033,380966,8.806,0,False,45.6,134.39999999999998,-302.86859904389627,0.0,0.0,0.0,65027
1789388402.216095,8.767078400007449,0.02053209999576211,380986,8.826,0,False,38.7,141.3,-336.05914647913204,0.0,0.0,0.0,65027
1789388402.236938,8.787358200061135,0.020279800053685904,381006,8.846,0,False,30.6,149.39999999999998,-399.41222194287855,0.0,0.0,0.0,65027
1789388402.2551465,8.806125700008124,0.01876749994698912,381026,8.866,0,False,22.5,157.5,-431.5971771881892,0.0,0.0,0.0,65027
1789388402.2751083,8.826011300086975,0.019885600078850985,381046,8.886,0,False,13.5,166.5,-452.5888061870362,0.0,0.0,0.0,65027
1789388402.29685,8.847114000003785,0.021102699916809797,381067,8.907,0,False,4.5,175.5,-426.4857120406125,0.0,0.0,0.0,65027
1789388402.317962,8.868120300001465,0.02100629999767989,381086,8.926,0,False,355.5,-175.5,-428.4428957500386,0.0,0.0,0.0,65027
1789388402.3367505,8.887212700094096,0.01909240009263158,381107,8.947,0,False,346.5,-166.5,-471.39175568992044,0.0,0.0,0.0,65027
1789388402.356071,8.906480900011957,0.01926819991786033,381127,8.967,0,False,338.4,-158.39999999999998,-420.3817707170386,0.0,0.0,0.0,65027
1789388402.3757796,8.926412200089544,0.019931300077587366,381147,8.987,0,False,330.6,-150.60000000000002,-391.3442660356617,0.0,0.0,0.0,65027
1789388402.3993843,8.94973019999452,0.023317999904975295,381167,9.007,0,False,323.1,-143.10000000000002,-321.6399361250425,0.0,0.0,0.0,65027
1789388402.4169693,8.967206100001931,0.017475900007411838,381187,9.027,0,False,317.1,-137.10000000000002,-343.32995710980805,0.0,0.0,0.0,65027
1789388402.4365387,8.986961200018413,0.019755100016482174,381208,9.048,0,False,311.4,-131.39999999999998,-288.53308741764874,0.0,0.0,0.0,65027
1789388402.4559357,9.006165300030261,0.019204100011847913,381228,9.068,0,False,306.9,-126.89999999999998,-234.32496171253734,0.0,0.0,0.0,65027
1789388402.4763303,9.026401200098917,0.02023590006865561,381248,9.088,0,False,303.6,-123.60000000000002,-163.07651198137157,0.0,0.0,0.0,65027
1789388402.4969833,9.047074000001885,0.02067279990296811,381268,9.108,0,False,301.5,-121.5,-101.58275656209075,0.0,0.0,0.0,65027
1789388402.5170786,9.067745700012892,0.020671700011007488,381288,9.128,0,False,300.3,-120.30000000000001,-58.05037802217524,0.0,0.0,0.0,65027
1789388402.538226,9.08867339999415,0.02092769998125732,381310,9.15,0,False,300.3,-120.30000000000001,0.0,0.0,0.0,0.0,65027
1789388402.5559766,9.10672650008928,0.018053100095130503,381329,9.169,0,False,301.2,-121.19999999999999,49.852933582456345,0.0,0.0,0.0,65027
1789388402.5760338,9.127110600005835,0.020384099916554987,381348,9.188,0,False,303.6,-123.60000000000002,117.73882633154037,0.0,0.0,0.0,65027
1789388402.5961199,9.146649000002071,0.019538399996235967,381369,9.209,0,False,306.9,-126.89999999999998,168.89816979055055,0.0,0.0,0.0,65027
1789388402.617558,9.168656400055625,0.022007400053553283,381389,9.229,0,False,311.1,-131.10000000000002,190.84489716094018,0.0,0.0,0.0,65027
1789388402.6361618,9.1868581000017,0.018201699946075678,381410,9.25,0,False,316.8,-136.8,313.15756313348743,0.0,0.0,0.0,65027
1789388402.6558404,9.206832500058226,0.019974400056526065,381429,9.269,0,False,322.5,-142.5,285.3652667348913,0.0,0.0,0.0,65027
1789388402.6752462,9.226114400080405,0.01928190002217889,381449,9.289,0,False,329.4,-149.39999999999998,357.8485518576123,0.0,0.0,0.0,65027
1789388402.6992512,9.249738699989393,0.023624299908988178,381469,9.309,0,False,336.9,-156.89999999999998,317.46972519369876,0.0,0.0,0.0,65027
1789388402.7180474,9.268248400068842,0.01850970007944852,381489,9.329,0,False,344.7,-164.7,421.40066919076764,0.0,0.0,0.0,65027
1789388402.7366116,9.286706699989736,0.018458299920894206,381510,9.35,0,False,353.1,-173.10000000000002,455.07983053691214,0.0,0.0,0.0,65027
1789388402.755378,9.30602830008138,0.01932160009164363,381530,9.37,0,False,1.5,178.5,434.7466027740052,0.0,0.0,0.0,65027
1789388402.7751453,9.326055900077336,0.020027599995955825,381550,9.39,0,False,9.9,170.10000000000002,419.42119883042494,0.0,0.0,0.0,65027
1789388402.79601,9.346215300029144,0.020159399951808155,381570,9.41,0,False,18.0,162.0,401.79767351029125,0.0,0.0,0.0,65027
1789388402.8181515,9.368651400087401,0.02243610005825758,381590,9.43,0,False,25.8,154.2,347.65400313541704,0.0,0.0,0.0,65027
1789388402.8362548,9.387063200003468,0.01841179991606623,381611,9.451,0,False,33.0,147.0,391.0535652582903,0.0,0.0,0.0,65027
1789388402.8559794,9.406439400045201,0.019376200041733682,381631,9.471,0,False,39.3,140.7,325.1411518476623,0.0,0.0,0.0,65027
1789388402.875859,9.426286400062963,0.019847000017762184,381651,9.491,0,False,45.0,135.0,287.19705723276775,0.0,0.0,0.0,65027
1789388402.8958814,9.446561100077815,0.020274700014851987,381671,9.511,0,False,49.8,130.2,236.74826243958378,0.0,0.0,0.0,65027
1789388402.9180675,9.468299100059085,0.02173799998126924,381691,9.531,0,False,53.4,126.60000000000002,165.6086117905037,0.0,0.0,0.0,65027
1789388402.9368498,9.487319100066088,0.019020000007003546,381712,9.552,0,False,56.4,123.60000000000002,157.7287065665268,0.0,0.0,0.0,65027
1789388402.9557085,9.506440800032578,0.01912169996649027,381731,9.571,0,False,57.9,122.10000000000002,78.44490827848297,0.0,0.0,0.0,65027
1789388402.9754465,9.526137200067751,0.0196964000351727,381751,9.591,0,False,58.5,121.5,30.462419474043415,0.0,0.0,0.0,65027
1789388402.997734,9.548233800102025,0.02209660003427416,381772,9.612,0,False,57.9,122.10000000000002,-27.15349868619294,0.0,0.0,0.0,65027
1789388403.016003,9.567239099997096,0.019005299895070493,381792,9.632,0,False,56.4,123.60000000000002,-78.92535283745052,0.0,0.0,0.0,65027
1789388403.0367613,9.587387500097975,0.02014840010087937,381813,9.653,0,False,53.7,126.30000000000001,-134.0056771992605,0.0,0.0,0.0,65027
1789388403.0552876,9.606233200058341,0.01884569996036589,381832,9.672,0,False,50.1,129.89999999999998,-191.02500875908564,0.0,0.0,0.0,65027
1789388403.0766435,9.627014900092036,0.020781700033694506,381852,9.692,0,False,45.6,134.39999999999998,-216.5366641181378,0.0,0.0,0.0,65027
1789388403.0960014,9.646831199992448,0.01981629990041256,381872,9.712,0,False,39.9,140.10000000000002,-287.64199313926,0.0,0.0,0.0,65027
1789388403.117121,9.667288800003007,0.020457600010558963,381893,9.733,0,False,33.9,146.10000000000002,-293.28953527799774,0.0,0.0,0.0,65027
1789388403.136103,9.686699600075372,0.01941080007236451,381913,9.753,0,False,27.0,153.0,-355.4722100210416,0.0,0.0,0.0,65027
1789388403.1557465,9.706102500087582,0.01940290001221001,381933,9.773,0,False,19.5,160.5,-386.54015612513285,0.0,0.0,0.0,65027
1789388403.1756546,9.725789100048132,0.019686599960550666,381953,9.793,0,False,11.7,168.3,-396.20858937704713,0.0,0.0,0.0,65027
1789388403.1958265,9.745966700022109,0.020177599973976612,381973,9.813,0,False,3.9,176.10000000000002,-386.56728302968645,0.0,0.0,0.0,65027
1789388403.2170258,9.767223300063051,0.02125660004094243,381993,9.833,0,False,356.1,-176.10000000000002,-366.94485406774083,0.0,0.0,0.0,65027
1789388403.2371433,9.787328700069338,0.0201054000062868,382014,9.854,0,False,348.0,-168.0,-402.8768389321882,0.0,0.0,0.0,65027
1789388403.2562854,9.806870700092986,0.019542000023648143,382034,9.874,0,False,340.8,-160.8,-368.4372117125746,0.0,0.0,0.0,65027
1789388403.2753348,9.825870900065638,0.0190001999726519,382054,9.894,0,False,333.9,-153.89999999999998,-363.1540725851101,0.0,0.0,0.0,65027
1789388403.2963085,9.846721500041895,0.02085059997625649,382074,9.914,0,False,327.6,-147.60000000000002,-302.14957877346677,0.0,0.0,0.0,65027
1789388403.31703,9.867887700092979,0.02116620005108416,382094,9.934,0,False,321.9,-141.89999999999998,-269.2972751955108,0.0,0.0,0.0,65027
1789388403.3365812,9.886767300078645,0.018879599985666573,382115,9.955,0,False,317.1,-137.10000000000002,-254.24267482595624,0.0,0.0,0.0,65027
1789388403.3557115,9.906146800029092,0.01937949995044619,382134,9.974,0,False,313.5,-133.5,-185.7633070618593,0.0,0.0,0.0,65027
1789388403.3764155,9.926703000091948,0.020556200062856078,382155,9.995,0,False,310.5,-130.5,-145.94137004050836,0.0,0.0,0.0,65027
1789388403.3970387,9.948038200032897,0.02133519994094968,382175,10.015,0,False,308.7,-128.7,-84.36761806694788,0.0,0.0,0.0,65027
1789388403.4178536,9.968198899994604,0.020160699961706996,382195,10.035,0,False,308.1,-128.10000000000002,-29.760871454840313,0.0,0.0,0.0,65027
1789388403.4370742,9.987720800098032,0.01952190010342747,382216,10.056,0,False,308.4,-128.39999999999998,15.367356579561811,0.0,0.0,0.0,65027
1789388403.4558349,10.006140200071968,0.01841939997393638,382235,10.075,0,False,309.6,-129.60000000000002,65.14870200430289,0.0,0.0,0.0,65027
1789388403.4762158,10.026419100002386,0.020278899930417538,382255,10.095,0,False,311.7,-131.7,103.555913151386,0.0,0.0,0.0,65027
1789388403.497079,10.047340300050564,0.020921200048178434,382276,10.116,0,False,315.0,-135.0,157.7347376059021,0.0,0.0,0.0,65027
1789388403.5169177,10.06702340010088,0.01968310005031526,382296,10.136,0,False,319.2,-139.2,213.38102175285738,0.0,0.0,0.0,65027
1789388403.5365572,10.086749200010672,0.01972579990979284,382316,10.156,0,False,324.3,-144.3,258.54464829424415,0.0,0.0,0.0,65027
1789388403.5555809,10.106507600052282,0.019758400041610003,382336,10.176,0,False,329.7,-149.7,273.30148132581087,0.0,0.0,0.0,65027
1789388403.5757568,10.126272700028494,0.019765099976211786,382356,10.196,0,False,336.3,-156.3,333.9219132685101,0.0,0.0,0.0,65027
1789388403.5959718,10.146728800027631,0.020456099999137223,382376,10.216,0,False,342.9,-162.89999999999998,322.64214587718743,0.0,0.0,0.0,65027
1789388403.6171365,10.168084600009024,0.02135579998139292,382397,10.237,0,False,350.1,-170.10000000000002,337.14494452436,0.0,0.0,0.0,65027
1789388403.6362422,10.186635300051421,0.018550700042396784,382417,10.257,0,False,357.6,-177.60000000000002,404.29741103349687,0.0,0.0,0.0,65027
1789388403.6566432,10.2067239000462,0.020088599994778633,382437,10.277,0,False,5.1,174.89999999999998,373.3460769764631,0.0,0.0,0.0,65027
1789388403.6762226,10.226308200042695,0.019584299996495247,382457,10.297,0,False,12.3,167.7,367.64142712726425,0.0,0.0,0.0,65027
1789388403.6973517,10.24778299999889,0.021474799956195056,382477,10.317,0,False,19.2,160.8,321.3068347120734,0.0,0.0,0.0,65027
1789388403.7183714,10.268542700097896,0.020759700099006295,382497,10.337,0,False,25.8,154.2,317.9236679009595,0.0,0.0,0.0,65027
1789388403.7367272,10.287134399986826,0.018591699888929725,382518,10.358,0,False,32.1,147.89999999999998,338.8608915611474,0.0,0.0,0.0,65027
1789388403.756785,10.306881000055,0.019746600068174303,382538,10.378,0,False,37.2,142.8,258.2723092781775,0.0,0.0,0.0,65027
1789388403.7754853,10.326508200028911,0.019627199973911047,382558,10.398,0,False,42.0,138.0,244.55857210301463,0.0,0.0,0.0,65027
1789388403.7959485,10.346036600065418,0.019528400036506355,382578,10.418,0,False,45.6,134.39999999999998,184.3468995550153,0.0,0.0,0.0,65027
1789388403.8173563,10.368366200011224,0.022329599945805967,382598,10.438,0,False,48.3,131.7,120.91573546113231,0.0,0.0,0.0,65027
1789388403.8379874,10.388371800072491,0.020005600061267614,382619,10.459,0,False,50.4,129.60000000000002,104.97060790822047,0.0,0.0,0.0,65027
1789388403.8557625,10.405907400068827,0.017535599996335804,382638,10.478,0,False,51.0,129.0,34.216108951240265,0.0,0.0,0.0,65027
1789388403.87486,10.426079600001685,0.020172199932858348,382658,10.498,0,False,51.0,129.0,0.0,0.0,0.0,0.0,65027
1789388403.8969924,10.447949500055984,0.02186990005429834,382679,10.519,0,False,50.1,129.89999999999998,-41.152451440815724,0.0,0.0,0.0,65027
1789388403.919689,10.469858200056478,0.02190870000049472,382699,10.539,0,False,48.0,132.0,-95.85233263281593,0.0,0.0,0.0,65027
1789388403.9367907,10.48757940006908,0.017721200012601912,382721,10.561,0,False,44.7,135.3,-186.21763749934053,0.0,0.0,0.0,65027
1789388403.9555907,10.506394600030035,0.018815199960954487,382739,10.579,0,False,41.1,138.89999999999998,-191.3346659865829,0.0,0.0,0.0,65027
1789388403.975447,10.526078900089487,0.019684300059452653,382759,10.599,0,False,36.3,143.7,-243.84915823791204,0.0,0.0,0.0,65027
1789388403.998081,10.548227500054054,0.02214859996456653,382779,10.619,0,False,30.9,149.10000000000002,-243.80773541618703,0.0,0.0,0.0,65027
1789388404.0172021,10.56846930005122,0.0202417999971658,382800,10.64,0,False,24.9,155.10000000000002,-296.41632665277314,0.0,0.0,0.0,65027
1789388404.0368102,10.58687960007228,0.01841030002105981,382820,10.66,0,False,18.6,161.39999999999998,-342.19974648937546,0.0,0.0,0.0,65027
1789388404.0560436,10.60688640002627,0.020006799953989685,382840,10.68,0,False,11.7,168.3,-344.8827406615835,0.0,0.0,0.0,65027
1789388404.0763283,10.626544800004922,0.019658399978652596,382860,10.7,0,False,4.8,175.2,-350.99499488731726,0.0,0.0,0.0,65027
1789388404.095978,10.64686380000785,0.020319000002928078,382880,10.72,0,False,357.9,-177.89999999999998,-339.5836408782796,0.0,0.0,0.0,65027
1789388404.117101,10.667452500085346,0.02058870007749647,382900,10.74,0,False,351.0,-171.0,-335.13529139907695,0.0,0.0,0.0,65027
1789388404.1363785,10.687425500014797,0.019972999929450452,382921,10.761,0,False,344.1,-164.10000000000002,-345.4663808327479,0.0,0.0,0.0,65027
1789388404.1561763,10.706826800014824,0.019401300000026822,382941,10.781,0,False,338.1,-158.10000000000002,-309.25762706579997,0.0,0.0,0.0,65027
1789388404.1753345,10.726290500024334,0.01946370000950992,382961,10.801,0,False,332.4,-152.39999999999998,-292.85284900687117,0.0,0.0,0.0,65027
1789388404.1960983,10.746378600015305,0.020088099990971386,382981,10.821,0,False,327.3,-147.3,-253.881651440015,0.0,0.0,0.0,65027
1789388404.2168393,10.767625500098802,0.021246900083497167,383001,10.841,0,False,323.1,-143.10000000000002,-197.6758954715564,0.0,0.0,0.0,65027
1789388404.236931,10.78770640003495,0.020080899936147034,383022,10.862,0,False,319.5,-139.5,-179.27483386936106,0.0,0.0,0.0,65027
1789388404.2560868,10.806156100006774,0.018449699971824884,383042,10.882,0,False,317.1,-137.10000000000002,-130.08341618915713,0.0,0.0,0.0,65027
1789388404.2758038,10.826188100036234,0.020032000029459596,383062,10.902,0,False,315.6,-135.60000000000002,-74.88019158316992,0.0,0.0,0.0,65027
1789388404.2959802,10.84658400004264,0.02039590000640601,383082,10.922,0,False,314.7,-134.7,-44.12651560938028,0.0,0.0,0.0,65027
1789388404.3173306,10.86779520008713,0.021211200044490397,383102,10.942,0,False,315.0,-135.0,14.143471343948608,0.0,0.0,0.0,65027
1789388404.3369205,10.88762759999372,0.01983239990659058,383123,10.963,0,False,316.2,-136.2,60.50704935620081,0.0,0.0,0.0,65027
1789388404.355548,10.906122700078413,0.01849510008469224,383142,10.982,0,False,318.0,-138.0,97.32307431468347,0.0,0.0,0.0,65027
1789388404.375135,10.925907300086692,0.019784600008279085,383163,11.003,0,False,321.0,-141.0,151.63308829820247,0.0,0.0,0.0,65027
1789388404.3973224,10.948820600053295,0.022913299966603518,383183,11.023,0,False,324.6,-144.60000000000002,157.11399079342902,0.0,0.0,0.0,65027
1789388404.4178846,10.968271300080232,0.01945070002693683,383203,11.043,0,False,329.1,-149.10000000000002,231.3541411757959,0.0,0.0,0.0,65027
1789388404.437098,10.987596100079827,0.01932479999959469,383224,11.064,0,False,334.5,-154.5,279.4336810788849,0.0,0.0,0.0,65027
1789388404.4562776,11.007590100052767,0.01999399997293949,383243,11.083,0,False,339.9,-159.89999999999998,270.0810246728272,0.0,0.0,0.0,65027
1789388404.4749084,11.0258821999887,0.018292099935933948,383263,11.103,0,False,345.9,-165.89999999999998,328.0104537485764,0.0,0.0,0.0,65027
1789388404.4990804,11.049238500068896,0.02335630008019507,383283,11.123,0,False,352.2,-172.2,269.7345032547379,0.0,0.0,0.0,65027
1789388404.517693,11.067766500054859,0.018527999985963106,383304,11.144,0,False,358.8,-178.8,356.21761685018413,0.0,0.0,0.0,65027
1789388404.5363266,11.087021000101231,0.019254500046372414,383324,11.164,0,False,5.4,174.60000000000002,342.77701234020975,0.0,0.0,0.0,65027
1789388404.5592258,11.109946300042793,0.022925299941562116,383344,11.184,0,False,11.7,168.3,274.80556485887064,0.0,0.0,0.0,65027
1789388404.5760787,11.126156800077297,0.01621050003450364,383364,11.204,0,False,18.0,162.0,388.63699371337225,0.0,0.0,0.0,65027
1789388404.5961447,11.146458800067194,0.020301999989897013,383384,11.224,0,False,23.7,156.3,280.7605163450157,0.0,0.0,0.0,65027
1789388404.6192887,11.169983600033447,0.02352479996625334,383404,11.244,0,False,28.8,151.2,216.79249163929202,0.0,0.0,0.0,65027
1789388404.6374326,11.187498899991624,0.01751529995817691,383425,11.265,0,False,33.6,146.39999999999998,274.04612033259303,0.0,0.0,0.0,65027
1789388404.6566005,11.207525800098665,0.020026900107041,383445,11.285,0,False,37.5,142.5,194.73807624520256,0.0,0.0,0.0,65027
1789388404.6762385,11.22637690010015,0.018851100001484156,383465,11.305,0,False,40.5,139.5,159.14190682579843,0.0,0.0,0.0,65027
1789388404.6959279,11.246836000005715,0.02045909990556538,383485,11.325,0,False,42.9,137.10000000000002,117.30721346871894,0.0,0.0,0.0,65027
1789388404.7213619,11.272390600061044,0.0255546000553295,383505,11.345,0,False,44.4,135.60000000000002,58.69784683588385,0.0,0.0,0.0,65027
1789388404.7374725,11.287903300020844,0.015512699959799647,383526,11.366,0,False,45.0,135.0,38.67798652425838,0.0,0.0,0.0,65027
1789388404.756695,11.307048900052905,0.01914560003206134,383546,11.386,0,False,44.7,135.3,-15.669396597527868,0.0,0.0,0.0,65027
1789388404.7757802,11.326025400077924,0.01897650002501905,383566,11.406,0,False,43.5,136.5,-63.23610773419131,0.0,0.0,0.0,65027
1789388404.7953892,11.346137500018813,0.020112099940888584,383586,11.426,0,False,41.4,138.60000000000002,-104.4147556034476,0.0,0.0,0.0,65027
1789388404.8180375,11.368493400048465,0.02235590002965182,383606,11.446,0,False,38.7,141.3,-120.7734869282308,0.0,0.0,0.0,65027
1789388404.8381717,11.388359500095248,0.019866100046783686,383628,11.468,0,False,34.5,145.5,-211.41542578106402,0.0,0.0,0.0,65027
1789388404.8558383,11.406222000019625,0.017862499924376607,383646,11.486,0,False,30.6,149.39999999999998,-218.33450057445495,0.0,0.0,0.0,65027
1789388404.8759897,11.426594700082205,0.020372700062580407,383667,11.507,0,False,25.5,154.5,-250.3350063729367,0.0,0.0,0.0,65027
1789388404.8966146,11.446950300014578,0.02035559993237257,383687,11.527,0,False,20.1,159.89999999999998,-265.2832644550115,0.0,0.0,0.0,65027
1789388404.9174643,11.468231700011529,0.021281399996951222,383707,11.547,0,False,14.4,165.60000000000002,-267.83952187433965,0.0,0.0,0.0,65027
1789388404.9388967,11.489322400069796,0.02109070005826652,383727,11.567,0,False,8.4,171.60000000000002,-284.4855781659222,0.0,0.0,0.0,65027
1789388404.9565687,11.506628600065596,0.017306199995800853,383747,11.587,0,False,2.1,177.89999999999998,-364.03138768352574,0.0,0.0,0.0,65027
1789388404.976095,11.526152900070883,0.019524300005286932,383767,11.607,0,False,356.1,-176.10000000000002,-307.3093528769419,0.0,0.0,0.0,65027
1789388404.9957335,11.545997300068848,0.0198443999979645,383787,11.627,0,False,350.1,-170.10000000000002,-302.352300932023,0.0,0.0,0.0,65027
1789388405.0179164,11.568008300033398,0.022010999964550138,383808,11.648,0,False,344.4,-164.39999999999998,-258.9614287937937,0.0,0.0,0.0,65027
1789388405.037626,11.5881649000803,0.020156600046902895,383828,11.668,0,False,339.0,-159.0,-267.902324173451,0.0,0.0,0.0,65027
1789388405.0568862,11.607244200073183,0.019079299992881715,383849,11.689,0,False,333.9,-153.89999999999998,-267.3054043860508,0.0,0.0,0.0,65027
1789388405.0763195,11.626627300051041,0.019383099977858365,383868,11.708,0,False,330.0,-150.0,-201.20620563558006,0.0,0.0,0.0,65027
1789388405.096998,11.647754400037229,0.021127099986188114,383888,11.728,0,False,326.7,-146.7,-156.1974905291021,0.0,0.0,0.0,65027
1789388405.1172254,11.667968800058588,0.020214400021359324,383908,11.748,0,False,323.7,-143.7,-148.4090547743234,0.0,0.0,0.0,65027
1789388405.1376202,11.688066400005482,0.02009759994689375,383930,11.77,0,False,321.9,-141.89999999999998,-89.56293312417218,0.0,0.0,0.0,65027
1789388405.1559265,11.706576200085692,0.01850980008020997,383949,11.789,0,False,320.7,-140.7,-64.83052192892059,0.0,0.0,0.0,65027
1789388405.1761184,11.726683199987747,0.020106999902054667,383969,11.809,0,False,320.7,-140.7,0.0,0.0,0.0,0.0,65027
1789388405.1965392,11.74700460000895,0.020321400021202862,383989,11.829,0,False,321.0,-141.0,14.762762392699251,0.0,0.0,0.0,65027
1789388405.2177637,11.768673500046134,0.021668900037184358,384009,11.849,0,False,322.5,-142.5,69.2236337527961,0.0,0.0,0.0,65027
1789388405.2372549,11.788079700083472,0.01940620003733784,384030,11.87,0,False,324.9,-144.89999999999998,123.67181598573336,0.0,0.0,0.0,65027
1789388405.2554889,11.806272400077432,0.01819269999396056,384050,11.89,0,False,327.6,-147.60000000000002,148.41117596048778,0.0,0.0,0.0,65027
1789388405.2760627,11.826493700034916,0.020221299957484007,384070,11.91,0,False,331.2,-151.2,178.0300973512629,0.0,0.0,0.0,65027
1789388405.2963321,11.846810700022615,0.02031699998769909,384090,11.93,0,False,335.4,-155.39999999999998,206.72343370295195,0.0,0.0,0.0,65027
1789388405.3172715,11.867865100037307,0.021054400014691055,384110,11.95,0,False,340.2,-160.2,227.98084944955602,0.0,0.0,0.0,65027
1789388405.3369286,11.887224800069816,0.019359700032509863,384131,11.971,0,False,345.6,-165.60000000000002,278.9299416278176,0.0,0.0,0.0,65027
1789388405.3575654,11.90800749999471,0.020782699924893677,384151,11.991,0,False,351.0,-171.0,259.83149540314616,0.0,0.0,0.0,65027
1789388405.3769038,11.92709770007059,0.019090200075879693,384171,12.011,0,False,356.7,-176.7,298.5825175924631,0.0,0.0,0.0,65027
1789388405.3966205,11.946933300001547,0.01983559993095696,384191,12.031,0,False,2.4,177.60000000000002,287.36211759867825,0.0,0.0,0.0,65027
1789388405.4178257,11.968467800063081,0.021534500061534345,384211,12.051,0,False,8.1,171.89999999999998,264.69154072360016,0.0,0.0,0.0,65027
1789388405.4373372,11.98798950004857,0.01952169998548925,384232,12.072,0,False,13.8,166.2,291.98276811122383,0.0,0.0,0.0,65027
1789388405.4578412,12.008157800068147,0.020168300019577146,384253,12.093,0,False,19.2,160.8,267.7469094945179,0.0,0.0,0.0,65027
1789388405.4760227,12.026522600091994,0.018364800023846328,384271,12.111,0,False,23.7,156.3,245.0339777267838,0.0,0.0,0.0,65027
1789388405.49672,12.047737100045197,0.021214499953202903,384292,12.132,0,False,27.9,152.10000000000002,197.97779864077754,0.0,0.0,0.0,65027
1789388405.5169182,12.067856300040148,0.020119199994951487,384312,12.152,0,False,31.8,148.2,193.84468572202837,0.0,0.0,0.0,65027
1789388405.536543,12.087222800008021,0.019366499967873096,384332,12.172,0,False,34.8,145.2,154.90666898906213,0.0,0.0,0.0,65027
1789388405.5558295,12.106719300034456,0.01949650002643466,384352,12.192,0,False,36.9,143.10000000000002,107.71164040482516,0.0,0.0,0.0,65027
1789388405.576526,12.127034100005403,0.020314799970947206,384372,12.212,0,False,38.7,141.3,88.60535188996418,0.0,0.0,0.0,65027
1789388405.5967677,12.146973700029776,0.01993960002437234,384392,12.232,0,False,39.3,140.7,30.09087440403064,0.0,0.0,0.0,65027
1789388405.6164777,12.167160700075328,0.02018700004555285,384413,12.253,0,False,39.3,140.7,0.0,0.0,0.0,0.0,65027
1789388405.6375806,12.187919400050305,0.02075869997497648,384433,12.273,0,False,38.4,141.60000000000002,-43.35531613660336,0.0,0.0,0.0,65027
1789388405.6565933,12.20693049998954,0.019011099939234555,384453,12.293,0,False,36.9,143.10000000000002,-78.90127371874699,0.0,0.0,0.0,65027
1789388405.6756387,12.226009200094268,0.01907870010472834,384473,12.313,0,False,34.5,145.5,-125.79473375155183,0.0,0.0,0.0,65027
1789388405.6957495,12.246541000087745,0.020531799993477762,384493,12.333,0,False,31.5,148.5,-146.1148073209848,0.0,0.0,0.0,65027
1789388405.7172568,12.267354600015096,0.02081359992735088,384513,12.353,0,False,27.9,152.10000000000002,-172.96383194477,0.0,0.0,0.0,65027
1789388405.7379298,12.288304400048219,0.0209498000331223,384535,12.375,0,False,23.4,156.60000000000002,-214.7991862874756,0.0,0.0,0.0,65027
1789388405.7567542,12.306900300085545,0.01859590003732592,384554,12.394,0,False,18.9,161.10000000000002,-241.98882500806872,0.0,0.0,0.0,65027
1789388405.7759545,12.326115800067782,0.019215499982237816,384574,12.414,0,False,14.1,165.89999999999998,-249.79834011277228,0.0,0.0,0.0,65027
1789388405.7950795,12.346092300023884,0.01997649995610118,384594,12.434,0,False,8.7,171.3,-270.31762380129805,0.0,0.0,0.0,65027
1789388405.8177505,12.368210399989039,0.022118099965155125,384614,12.454,0,False,3.3,176.7,-244.14393679869295,0.0,0.0,0.0,65027
1789388405.8364563,12.387136000092141,0.018925600103102624,384635,12.475,0,False,357.6,-177.60000000000002,-301.1793533070372,0.0,0.0,0.0,65027
1789388405.8557367,12.40651640004944,0.019380399957299232,384655,12.495,0,False,352.5,-172.5,-263.1524638932548,0.0,0.0,0.0,65027
1789388405.8759077,12.426387000014074,0.019870599964633584,384675,12.515,0,False,347.4,-167.39999999999998,-256.6605945002762,0.0,0.0,0.0,65027
1789388405.8970525,12.447515000007115,0.021127999993041158,384695,12.535,0,False,342.9,-162.89999999999998,-212.9875048032065,0.0,0.0,0.0,65027
1789388405.9165766,12.467250399990007,0.019735399982891977,384715,12.555,0,False,338.4,-158.39999999999998,-228.01666061498193,0.0,0.0,0.0,65027
1789388405.9404113,12.490898000076413,0.023647600086405873,384739,12.579,0,False,334.2,-154.2,-177.60787499169578,0.0,0.0,0.0,65027
1789388405.955083,12.506583100068383,0.015685099991969764,384755,12.595,0,False,331.5,-151.5,-172.13788891255373,0.0,0.0,0.0,65027
1789388405.9765346,12.527234100038186,0.020650999969802797,384776,12.616,0,False,329.1,-149.10000000000002,-116.21713251219842,0.0,0.0,0.0,65027
1789388405.9960854,12.5467278000433,0.01949370000511408,384796,12.636,0,False,327.3,-147.3,-92.33752440674628,0.0,0.0,0.0,65027
1789388406.016795,12.567473900038749,0.020746099995449185,384816,12.656,0,False,326.1,-146.10000000000002,-57.84219685932381,0.0,0.0,0.0,65027
1789388406.0358882,12.586931900004856,0.01945799996610731,384836,12.676,0,False,325.8,-145.8,-15.417823030247861,0.0,0.0,0.0,65027
1789388406.0555408,12.605889200000092,0.0189572999952361,384856,12.696,0,False,326.1,-146.10000000000002,15.825038379695435,0.0,0.0,0.0,65027
1789388406.076358,12.627424800070003,0.021535600069910288,384876,12.716,0,False,327.3,-147.3,55.72168855775875,0.0,0.0,0.0,65027
1789388406.0957637,12.646786400000565,0.01936159993056208,384896,12.736,0,False,329.4,-149.39999999999998,108.46211095835827,0.0,0.0,0.0,65027
1789388406.117232,12.667527900077403,0.020741500076837838,384917,12.757,0,False,331.8,-151.8,115.71004947130749,0.0,0.0,0.0,65027
1789388406.136716,12.686863100039773,0.019335199962370098,384937,12.777,0,False,335.1,-155.10000000000002,170.6731767151323,0.0,0.0,0.0,65027
1789388406.1565719,12.706626300001517,0.01976319996174425,384957,12.797,0,False,338.7,-158.7,182.15673610389555,0.0,0.0,0.0,65027
1789388406.176968,12.727313100011088,0.020686800009571016,384977,12.817,0,False,342.9,-162.89999999999998,203.02801777253148,0.0,0.0,0.0,65027
1789388406.19675,12.746946800034493,0.019633700023405254,384997,12.837,0,False,347.1,-167.10000000000002,213.91790620174712,0.0,0.0,0.0,65027
1789388406.216437,12.767301300074905,0.02035450004041195,385017,12.857,0,False,351.9,-171.89999999999998,235.8200884556243,0.0,0.0,0.0,65027
1789388406.2359722,12.786893600015901,0.019592299940995872,385038,12.878,0,False,357.0,-177.0,260.3063456234935,0.0,0.0,0.0,65027
1789388406.25542,12.806285200058483,0.019391600042581558,385058,12.898,0,False,2.1,177.89999999999998,263.000473854713,0.0,0.0,0.0,65027
1789388406.275238,12.826083300053142,0.019798099994659424,385078,12.918,0,False,6.9,173.10000000000002,242.44750765451334,0.0,0.0,0.0,65027
1789388406.2954452,12.846746600000188,0.020663299947045743,385098,12.938,0,False,11.7,168.3,232.2959068639118,0.0,0.0,0.0,65027
1789388406.3179967,12.868207800085656,0.02146120008546859,385119,12.959,0,False,16.5,163.5,223.65944033344613,0.0,0.0,0.0,65027
1789388406.3365707,12.887417400022969,0.019209599937312305,385139,12.979,0,False,20.7,159.3,218.64068037367093,0.0,0.0,0.0,65027
1789388406.3553197,12.906039000023156,0.018621600000187755,385158,12.998,0,False,24.3,155.7,193.32388194159992,0.0,0.0,0.0,65027
1789388406.3758512,12.92612790002022,0.02008889999706298,385179,13.019,0,False,27.6,152.39999999999998,164.2698206712401,0.0,0.0,0.0,65027
1789388406.3959563,12.946465700049885,0.02033780002966523,385199,13.039,0,False,30.3,149.7,132.75772188052298,0.0,0.0,0.0,65027
1789388406.4186375,12.969140400062315,0.02267470001243055,385219,13.059,0,False,32.1,147.89999999999998,79.38363016989108,0.0,0.0,0.0,65027
1789388406.437852,12.988245700020343,0.0191052999580279,385240,13.08,0,False,33.6,146.39999999999998,78.51224546567308,0.0,0.0,0.0,65027
1789388406.4560478,13.00627540005371,0.01802970003336668,385259,13.099,0,False,34.2,145.8,33.27842387225543,0.0,0.0,0.0,65027
1789388406.4763062,13.026478199986741,0.0202027999330312,385279,13.119,0,False,34.2,145.8,0.0,0.0,0.0,0.0,65027
1789388406.4999108,13.050275700050406,0.02379750006366521,385300,13.14,0,False,33.6,146.39999999999998,-25.21273236242548,0.0,0.0,0.0,65027
1789388406.5165293,13.067122700042091,0.016846999991685152,385320,13.16,0,False,32.1,147.89999999999998,-89.0366237751722,0.0,0.0,0.0,65027
1789388406.5363579,13.086932500009425,0.019809799967333674,385340,13.18,0,False,30.0,150.0,-106.008137561353,0.0,0.0,0.0,65027
1789388406.5559194,13.106060200021602,0.01912770001217723,385360,13.2,0,False,27.3,152.7,-141.15654251588498,0.0,0.0,0.0,65027
1789388406.5757759,13.126499100006185,0.02043889998458326,385380,13.22,0,False,24.0,156.0,-161.4568299903199,0.0,0.0,0.0,65027
1789388406.597904,13.148191699991003,0.021692599984817207,385400,13.24,0,False,20.4,159.60000000000002,-165.9552106487769,0.0,0.0,0.0,65027
1789388406.6166964,13.167475500027649,0.019283800036646426,385421,13.261,0,False,16.2,163.8,-217.7993959706292,0.0,0.0,0.0,65027
1789388406.6362474,13.187009899993427,0.019534399965777993,385441,13.281,0,False,11.7,168.3,-230.36284748359196,0.0,0.0,0.0,65027
1789388406.6551292,13.205921499989927,0.018911599996499717,385461,13.301,0,False,7.2,172.8,-237.94919524698543,0.0,0.0,0.0,65027
1789388406.6758692,13.226464600069448,0.020543100079521537,385481,13.321,0,False,2.7,177.3,-219.05165153169074,0.0,0.0,0.0,65027
1789388406.696683,13.246922100079246,0.020457500009797513,385501,13.341,0,False,357.9,-177.89999999999998,-234.6327751534223,0.0,0.0,0.0,65027
1789388406.7202294,13.27056130010169,0.02363920002244413,385521,13.361,0,False,353.4,-173.39999999999998,-190.36177179124064,0.0,0.0,0.0,65027
1789388406.7375362,13.287618200061843,0.017056899960152805,385542,13.382,0,False,348.9,-168.89999999999998,-263.8228523654709,0.0,0.0,0.0,65027
1789388406.757686,13.30891010002233,0.02129189996048808,385564,13.404,0,False,344.4,-164.39999999999998,-211.34797779206008,0.0,0.0,0.0,65027
1789388406.775776,13.326208100072108,0.01729800004977733,385582,13.422,0,False,341.1,-161.10000000000002,-190.77349927759045,0.0,0.0,0.0,65027
1789388406.796021,13.346309200045653,0.02010109997354448,385602,13.442,0,False,338.1,-158.10000000000002,-149.24556387204527,0.0,0.0,0.0,65027
1789388406.8188987,13.369621000019833,0.023311799974180758,385622,13.462,0,False,335.4,-155.39999999999998,-115.82117223854273,0.0,0.0,0.0,65027
1789388406.8381093,13.388633100083098,0.01901210006326437,385643,13.483,0,False,333.3,-153.3,-110.45597240767924,0.0,0.0,0.0,65027
1789388406.8559756,13.406085800030269,0.017452699947170913,385662,13.502,0,False,331.8,-151.8,-85.94658732118697,0.0,0.0,0.0,65027
1789388406.875254,13.42611790006049,0.020032100030221045,385683,13.523,0,False,330.9,-150.89999999999998,-44.92789066759183,0.0,0.0,0.0,65027
1789388406.897371,13.448443800094537,0.022325900034047663,385703,13.543,0,False,330.9,-150.89999999999998,0.0,0.0,0.0,0.0,65027
1789388406.9173703,13.468008600058965,0.019564799964427948,385723,13.563,0,False,331.2,-151.2,15.333660479302683,0.0,0.0,0.0,65027
1789388406.9361842,13.486833600094542,0.018825000035576522,385743,13.583,0,False,332.4,-152.39999999999998,63.74501979984927,0.0,0.0,0.0,65027
1789388406.9563677,13.50659220002126,0.01975859992671758,385763,13.603,0,False,334.2,-154.2,91.099572169891,0.0,0.0,0.0,65027
1789388406.9755702,13.526456800056621,0.019864600035361946,385783,13.623,0,False,336.3,-156.3,105.71569506870061,0.0,0.0,0.0,65027
1789388406.9962883,13.546588200028054,0.020131399971432984,385804,13.644,0,False,339.3,-159.3,149.02093268511297,0.0,0.0,0.0,65027
1789388407.0172193,13.5681449000258,0.021556699997745454,385824,13.664,0,False,342.3,-162.3,139.16786893697832,0.0,0.0,0.0,65027
1789388407.036244,13.586594599997625,0.018449699971824884,385844,13.684,0,False,346.2,-166.2,211.38555130738112,0.0,0.0,0.0,65027
1789388407.0558224,13.605911300051957,0.019316700054332614,385864,13.704,0,False,350.1,-170.10000000000002,201.89783912523345,0.0,0.0,0.0,65027
1789388407.0756385,13.6264489000896,0.020537600037641823,385884,13.724,0,False,354.3,-174.3,204.5029600489894,0.0,0.0,0.0,65027
1789388407.094756,13.645753200049512,0.019304299959912896,385904,13.744,0,False,358.5,-178.5,217.5681070394505,0.0,0.0,0.0,65027
1789388407.1163383,13.66690130007919,0.021148100029677153,385924,13.764,0,False,2.7,177.3,198.5994010859663,0.0,0.0,0.0,65027
1789388407.1357358,13.686412300099619,0.019511000020429492,385945,13.785,0,False,7.2,172.8,230.6391264050105,0.0,0.0,0.0,65027
1789388407.1562803,13.706423600087874,0.020011299988254905,385965,13.805,0,False,11.4,168.60000000000002,209.88141712257902,0.0,0.0,0.0,65027
1789388407.1759193,13.726424799999222,0.02000119991134852,385985,13.825,0,False,15.0,165.0,179.9892014457284,0.0,0.0,0.0,65027
1789388407.1943421,13.745940800057724,0.01951600005850196,386005,13.845,0,False,18.6,161.39999999999998,184.4640289612875,0.0,0.0,0.0,65027
1789388407.2177892,13.767997900024056,0.022057099966332316,386025,13.865,0,False,21.9,158.10000000000002,149.61168988838472,0.0,0.0,0.0,65027
1789388407.235662,13.786295600002632,0.01829769997857511,386046,13.886,0,False,24.6,155.39999999999998,147.55952951253082,0.0,0.0,0.0,65027
1789388407.2552338,13.806268400046974,0.019972800044342875,386066,13.906,0,False,26.7,153.3,105.14299423904768,0.0,0.0,0.0,65027
1789388407.2751765,13.825983999995515,0.01971559994854033,386086,13.926,0,False,28.2,151.8,76.08188459469399,0.0,0.0,0.0,65027
1789388407.295821,13.846599700045772,0.020615700050257146,386106,13.946,0,False,29.1,150.89999999999998,43.656048439101134,0.0,0.0,0.0,65027
1789388407.31654,13.867446699994616,0.020846999948844314,386126,13.966,0,False,29.7,150.3,28.781119656176536,0.0,0.0,0.0,65027
1789388407.3373754,13.887654700083658,0.02020800008904189,386147,13.987,0,False,29.4,150.60000000000002,-14.845605635299416,0.0,0.0,0.0,65027
1789388407.3559678,13.906207900028676,0.018553199945017695,386166,14.006,0,False,28.5,151.5,-48.509152203778896,0.0,0.0,0.0,65027
1789388407.3755388,13.92610380006954,0.019895900040864944,386187,14.027,0,False,27.3,152.7,-60.313933902726845,0.0,0.0,0.0,65027
1789388407.3959408,13.946157700032927,0.020053899963386357,386207,14.047,0,False,25.2,154.8,-104.71778575908397,0.0,0.0,0.0,65027
1789388407.4162447,13.967111200094223,0.020953500061295927,386227,14.067,0,False,22.8,157.2,-114.5393367685213,0.0,0.0,0.0,65027
1789388407.4373965,13.987675200100057,0.020564000005833805,386248,14.088,0,False,19.8,160.2,-145.88601435270033,0.0,0.0,0.0,65027
1789388407.455974,14.006259800051339,0.018584599951282144,386267,14.107,0,False,16.5,163.5,-177.56637262306774,0.0,0.0,0.0,65027
1789388407.4764206,14.0266284000827,0.020368600031360984,386287,14.127,0,False,12.9,167.10000000000002,-176.74263299672887,0.0,0.0,0.0,65027
1789388407.4981318,14.048486900050193,0.021858499967493117,386308,14.148,0,False,9.0,171.0,-178.42029443007954,0.0,0.0,0.0,65027
1789388407.5178964,14.068352300091647,0.01986540004145354,386328,14.168,0,False,5.1,174.89999999999998,-196.3212415487126,0.0,0.0,0.0,65027
1789388407.5357175,14.08642220008187,0.018069899990223348,386348,14.188,0,False,0.9,179.10000000000002,-232.43072746790978,0.0,0.0,0.0,65027
1789388407.5556552,14.106061800033785,0.019639599951915443,386368,14.208,0,False,357.0,-177.0,-198.57838293796874,0.0,0.0,0.0,65027
1789388407.5761588,14.12628319999203,0.020221399958245456,386388,14.228,0,False,353.1,-173.10000000000002,-192.8649850184936,0.0,0.0,0.0,65027
1789388407.5967433,14.147638700087555,0.021355500095523894,386408,14.248,0,False,349.5,-169.5,-168.57483945105935,0.0,0.0,0.0,65027
1789388407.6169827,14.167834900086746,0.020196199999190867,386428,14.268,0,False,346.2,-166.2,-163.39707470376712,0.0,0.0,0.0,65027
1789388407.6381128,14.188368400093168,0.0205335000064224,386450,14.29,0,False,342.9,-162.89999999999998,-160.71298117553502,0.0,0.0,0.0,65027
1789388407.6558208,14.206203500041738,0.017835099948570132,386469,14.309,0,False,340.5,-160.5,-134.56610879225204,0.0,0.0,0.0,65027
1789388407.6757936,14.226726600085385,0.02052310004364699,386489,14.329,0,False,338.4,-158.39999999999998,-102.32372280668613,0.0,0.0,0.0,65027
1789388407.6968992,14.247488800087012,0.020762200001627207,386509,14.349,0,False,336.9,-156.89999999999998,-72.2466790553236,0.0,0.0,0.0,65027
1789388407.7176466,14.268131599994376,0.02064279990736395,386529,14.369,0,False,335.7,-155.7,-58.13164906820174,0.0,0.0,0.0,65027
1789388407.7370162,14.287605400080793,0.019473800086416304,386550,14.39,0,False,335.4,-155.39999999999998,-15.405313737880697,0.0,0.0,0.0,65027
1789388407.7557857,14.306713300058618,0.019107899977825582,386570,14.41,0,False,335.4,-155.39999999999998,0.0,0.0,0.0,0.0,65027
1789388407.775458,14.326207300066017,0.019494000007398427,386590,14.43,0,False,336.0,-156.0,30.778701127131875,0.0,0.0,0.0,65027
1789388407.7964952,14.34680510009639,0.020597800030373037,386610,14.45,0,False,337.2,-157.2,58.258648896022706,0.0,0.0,0.0,65027
1789388407.8166943,14.367441700072959,0.020636599976569414,386630,14.47,0,False,339.0,-159.0,87.22367066492122,0.0,0.0,0.0,65027
1789388407.837028,14.387091899989173,0.01965019991621375,386651,14.491,0,False,341.1,-161.10000000000002,106.86914173668397,0.0,0.0,0.0,65027
1789388407.8565447,14.406850400031544,0.019758500042371452,386670,14.51,0,False,343.5,-163.5,121.46671026916296,0.0,0.0,0.0,65027
1789388407.8755727,14.426395800081082,0.01954540004953742,386691,14.531,0,False,346.5,-166.5,153.4888000448474,0.0,0.0,0.0,65027
1789388407.8967679,14.447657500044443,0.021261699963361025,386711,14.551,0,False,349.8,-169.8,155.20866185143697,0.0,0.0,0.0,65027
1789388407.9170086,14.467899000039324,0.02024149999488145,386731,14.571,0,False,353.4,-173.39999999999998,177.85243192996134,0.0,0.0,0.0,65027
1789388407.936063,14.486913700005971,0.01901469996664673,386751,14.591,0,False,357.0,-177.0,189.32720507369055,0.0,0.0,0.0,65027
1789388407.9557292,14.50591330009047,0.018999600084498525,386771,14.611,0,False,0.6,179.39999999999998,189.4776723714941,0.0,0.0,0.0,65027
1789388407.9765422,14.526728100026958,0.02081479993648827,386791,14.631,0,False,4.2,175.8,172.95386028136676,0.0,0.0,0.0,65027
1789388407.9962752,14.546391500043683,0.019663400016725063,386812,14.652,0,False,7.8,172.2,183.08125740909247,0.0,0.0,0.0,65027
1789388408.0178158,14.568473700084724,0.022082200041040778,386832,14.672,0,False,11.4,168.60000000000002,163.02723430225385,0.0,0.0,0.0,65027
1789388408.0379858,14.588287000078708,0.0198132999939844,386853,14.693,0,False,14.7,165.3,166.5547890054629,0.0,0.0,0.0,65027
1789388408.055976,14.606108400039375,0.017821399960666895,386872,14.712,0,False,17.4,162.60000000000002,151.50324923738214,0.0,0.0,0.0,65027
1789388408.0756757,14.626375399995595,0.02026699995622039,386892,14.732,0,False,19.8,160.2,118.41910520473421,0.0,0.0,0.0,65027
1789388408.0960586,14.646618700004183,0.02024330000858754,386912,14.752,0,False,21.9,158.10000000000002,103.73802685872066,0.0,0.0,0.0,65027
1789388408.117757,14.668150900048204,0.02153220004402101,386933,14.773,0,False,23.4,156.60000000000002,69.66310906146884,0.0,0.0,0.0,65027
1789388408.136589,14.686973700067028,0.018822800018824637,386953,14.793,0,False,24.6,155.39999999999998,63.752470344469025,0.0,0.0,0.0,65027
1789388408.1559181,14.70634490007069,0.019371200003661215,386973,14.813,0,False,25.2,154.8,30.973816794343794,0.0,0.0,0.0,65027
1789388408.1761339,14.726209000102244,0.0198641000315547,386993,14.833,0,False,25.2,154.8,0.0,0.0,0.0,0.0,65027
1789388408.195374,14.745902599999681,0.019693599897436798,387013,14.853,0,False,24.9,155.10000000000002,-15.23337538908047,0.0,0.0,0.0,65027
1789388408.21754,14.768085499992594,0.022182899992913008,387033,14.873,0,False,23.7,156.3,-54.09572239803473,0.0,0.0,0.0,65027
1789388408.2372596,14.787591600092128,0.019506100099533796,387054,14.894,0,False,22.2,157.8,-76.89902093939581,0.0,0.0,0.0,65027
1789388408.2564323,14.80709310004022,0.019501499948091805,387074,14.914,0,False,20.4,159.60000000000002,-92.30059250781574,0.0,0.0,0.0,65027
1789388408.275792,14.826435500057414,0.01934240001719445,387094,14.934,0,False,18.0,162.0,-124.07974180383627,0.0,0.0,0.0,65027
1789388408.2959192,14.846065500052646,0.01962999999523163,387114,14.954,0,False,15.6,164.39999999999998,-122.26184414584797,0.0,0.0,0.0,65027
1789388408.317354,14.867941200034693,0.02187569998204708,387134,14.974,0,False,12.6,167.39999999999998,-137.13846882440498,0.0,0.0,0.0,65027
1789388408.33754,14.888732800027356,0.020791599992662668,387155,14.995,0,False,9.3,170.7,-158.717943841002,0.0,0.0,0.0,65027
1789388408.3559608,14.906382400076836,0.017649600049480796,387175,15.015,0,False,6.0,174.0,-186.97307535289383,0.0,0.0,0.0,65027
1789388408.375751,14.926093199988827,0.019710799911990762,387195,15.035,0,False,2.7,177.3,-167.42090705271212,0.0,0.0,0.0,65027
1789388408.3963485,14.94700120005291,0.020908000064082444,387215,15.055,0,False,359.1,-179.10000000000002,-172.18289597120759,0.0,0.0,0.0,65027
1789388408.416461,14.967510399990715,0.020509199937805533,387235,15.075,0,False,355.8,-175.8,-160.90339993794552,0.0,0.0,0.0,65027
1789388408.436173,14.987214700086042,0.0197043000953272,387256,15.096,0,False,352.5,-172.5,-167.47613384058204,0.0,0.0,0.0,65027
1789388408.455468,15.006359599996358,0.01914489991031587,387276,15.116,0,False,349.5,-169.5,-156.6996962143169,0.0,0.0,0.0,65027
1789388408.4759977,15.026176500017755,0.019816900021396577,387296,15.136,0,False,347.1,-167.10000000000002,-121.10875048108758,0.0,0.0,0.0,65027
1789388408.4973614,15.048667100025341,0.02249060000758618,387316,15.156,0,False,344.7,-164.7,-106.71124821883379,0.0,0.0,0.0,65027
1789388408.516967,15.06748399999924,0.018816899973899126,387336,15.176,0,False,342.6,-162.60000000000002,-111.60180491541489,0.0,0.0,0.0,65027
1789388408.5366364,15.087527800002135,0.020043800002895296,387357,15.197,0,False,341.1,-161.10000000000002,-74.83610891065204,0.0,0.0,0.0,65027
1789388408.5560272,15.106181900016963,0.018654100014828146,387376,15.216,0,False,340.2,-160.2,-48.24676608813205,0.0,0.0,0.0,65027
1789388408.5756435,15.125922900042497,0.01974100002553314,387397,15.237,0,False,339.6,-159.60000000000002,-30.393597042901675,0.0,0.0,0.0,65027
1789388408.5956697,15.146175500005484,0.020252599962987006,387417,15.257,0,False,339.3,-159.3,-14.812912937019524,0.0,0.0,0.0,65027
1789388408.61756,15.167915800004266,0.021740299998782575,387437,15.277,0,False,339.6,-159.60000000000002,13.799257600714384,0.0,0.0,0.0,65027
1789388408.636141,15.18718460004311,0.019268800038844347,387457,15.297,0,False,340.5,-160.5,46.707630894796246,0.0,0.0,0.0,65027
1789388408.6557417,15.205810200073756,0.018625600030645728,387477,15.317,0,False,342.0,-162.0,80.53431822502186,0.0,0.0,0.0,65027
1789388408.6763122,15.226431900053285,0.020621699979528785,387498,15.338,0,False,343.5,-163.5,72.73891102523332,0.0,0.0,0.0,65027
1789388408.6966374,15.246938300086185,0.020506400032900274,387518,15.358,0,False,345.6,-165.60000000000002,102.40705324341681,0.0,0.0,0.0,65027
1789388408.716824,15.267923800041899,0.02098549995571375,387538,15.378,0,False,348.0,-168.0,114.36468061589002,0.0,0.0,0.0,65027
1789388408.76804,15.318878200021572,0.050954399979673326,387558,15.398,0,False,350.7,-170.7,52.98855449337191,0.0,0.0,0.0,65027
1789388408.7755904,15.325965100084431,0.007086900062859058,387597,15.437,0,False,356.4,-176.39999999999998,804.3008860633553,0.0,0.0,0.0,65027
1789388408.7832246,15.333963200100698,0.007998100016266108,387604,15.444,0,False,357.6,-177.60000000000002,150.0356331578187,0.0,0.0,0.0,65027
1789388408.7957902,15.346047000028193,0.01208379992749542,387618,15.458,0,False,359.7,-179.7,173.78639274071693,0.0,0.0,0.0,65027
1789388408.817482,15.367566600092687,0.021519600064493716,387639,15.479,0,False,2.7,177.3,139.4077952661329,0.0,0.0,0.0,65027
1789388408.8362367,15.387090300093405,0.019523700000718236,387659,15.499,0,False,5.7,174.3,153.65939857146117,0.0,0.0,0.0,65027
1789388408.8572357,15.40757740009576,0.020487100002355874,387680,15.52,0,False,8.7,171.3,146.4336094252003,0.0,0.0,0.0,65027
1789388408.876014,15.426166300079785,0.018588899984024465,387699,15.539,0,False,11.4,168.60000000000002,145.24797068790528,0.0,0.0,0.0,65027
1789388408.8955815,15.4457451000344,0.019578799954615533,387719,15.559,0,False,13.8,166.2,122.58156810240182,0.0,0.0,0.0,65027
1789388408.9168947,15.467407300020568,0.021662199986167252,387739,15.579,0,False,16.2,163.8,110.79207105153513,0.0,0.0,0.0,65027
1789388408.9365773,15.487456500064582,0.02004920004401356,387760,15.6,0,False,18.0,162.0,89.77914311037406,0.0,0.0,0.0,65027
1789388408.9553823,15.50608300010208,0.018626500037498772,387780,15.62,0,False,19.5,160.5,80.53042691757484,0.0,0.0,0.0,65027
1789388408.9757192,15.52609390008729,0.020010899985209107,387800,15.64,0,False,20.4,159.60000000000002,44.975488392087975,0.0,0.0,0.0,65027
1789388408.9958627,15.545963500044309,0.01986959995701909,387820,15.66,0,False,21.0,159.0,30.196883746924136,0.0,0.0,0.0,65027
1789388409.017567,15.567693800083362,0.021730300039052963,387840,15.68,0,False,21.3,158.7,13.805607813093307,0.0,0.0,0.0,65027
1789388409.0361698,15.586515600094572,0.018821800011210144,387861,15.701,0,False,21.0,159.0,-15.938964382861007,0.0,0.0,0.0,65027
1789388409.0550041,15.605465100030415,0.01894949993584305,387881,15.721,0,False,20.4,159.60000000000002,-31.663104674603684,0.0,0.0,0.0,65027
1789388409.075434,15.625832200050354,0.020367100019939244,387901,15.741,0,False,19.2,160.8,-58.91854995680275,0.0,0.0,0.0,65027
1789388409.0948117,15.645710200071335,0.019878000020980835,387921,15.761,0,False,17.7,162.3,-75.46030779840929,0.0,0.0,0.0,65027
1789388409.1165044,15.667286200099625,0.021576000028289855,387941,15.781,0,False,15.9,164.10000000000002,-83.42602881163799,0.0,0.0,0.0,65027
1789388409.136134,15.686339300009422,0.01905309990979731,387962,15.802,0,False,13.8,166.2,-110.21828521038466,0.0,0.0,0.0,65027
1789388409.1552896,15.706098700058647,0.019759400049224496,387982,15.822,0,False,11.4,168.60000000000002,-121.46117766840797,0.0,0.0,0.0,65027
1789388409.176049,15.726170200039633,0.02007149998098612,388002,15.842,0,False,8.7,171.3,-134.51909436552918,0.0,0.0,0.0,65027
1789388409.1957192,15.746093800058588,0.019923600018955767,388022,15.862,0,False,6.0,174.0,-135.51767739922238,0.0,0.0,0.0,65027
1789388409.216379,15.767607300076634,0.021513500018045306,388042,15.882,0,False,3.0,177.0,-139.44732365647758,0.0,0.0,0.0,65027
1789388409.2360785,15.786951399990357,0.019344099913723767,388062,15.902,0,False,0.3,179.7,-139.57744284004966,0.0,0.0,0.0,65027
1789388409.2554102,15.806138000101782,0.019186600111424923,388082,15.922,0,False,357.6,-177.60000000000002,-140.723212258554,0.0,0.0,0.0,65027
1789388409.2751698,15.825759300030768,0.019621299928985536,388103,15.943,0,False,354.9,-174.89999999999998,-137.60556180130934,0.0,0.0,0.0,65027
1789388409.2950354,15.845840500085615,0.020081200054846704,388123,15.963,0,False,352.5,-172.5,-119.51476970723792,0.0,0.0,0.0,65027
1789388409.3170102,15.86803500005044,0.02219449996482581,388143,15.983,0,False,350.1,-170.10000000000002,-108.13489845698416,0.0,0.0,0.0,65027
1789388409.3373592,15.887434400036,0.019399399985559285,388164,16.004,0,False,348.0,-168.0,-108.25077072297294,0.0,0.0,0.0,65027
1789388409.3547957,15.905555800069124,0.01812140003312379,388183,16.023,0,False,346.5,-166.5,-82.77506137815931,0.0,0.0,0.0,65027
1789388409.3755066,15.925990700023249,0.020434899954125285,388203,16.043,0,False,345.0,-165.0,-73.40383380233718,0.0,0.0,0.0,65027
1789388409.3947635,15.945821200031787,0.019830500008538365,388224,16.064,0,False,344.1,-164.10000000000002,-45.384634760216166,0.0,0.0,0.0,65027
1789388409.4169698,15.967272700043395,0.021451500011608005,388244,16.084,0,False,343.5,-163.5,-27.970072007801132,0.0,0.0,0.0,65027
1789388409.4372976,15.98765370005276,0.02038100000936538,388265,16.105,0,False,343.5,-163.5,0.0,0.0,0.0,0.0,65027
1789388409.455475,16.005832000053488,0.018178300000727177,388284,16.124,0,False,343.5,-163.5,0.0,0.0,0.0,0.0,65027
1789388409.475137,16.025897100102156,0.020065100048668683,388304,16.144,0,False,344.1,-164.10000000000002,29.90266674697357,0.0,0.0,0.0,65027
1789388409.4958966,16.046398700098507,0.020501599996350706,388324,16.164,0,False,345.3,-165.3,58.53201702372445,0.0,0.0,0.0,65027
1789388409.5179174,16.06864250008948,0.022243799990974367,388345,16.185,0,False,346.5,-166.5,53.94761688591428,0.0,0.0,0.0,65027
1789388409.536181,16.087060300051235,0.01841779996175319,388365,16.205,0,False,348.3,-168.3,97.7315425152804,0.0,0.0,0.0,65027
1789388409.5559077,16.106944099999964,0.019883799948729575,388385,16.225,0,False,350.1,-170.10000000000002,90.52595603663865,0.0,0.0,0.0,65027
1789388409.5754924,16.125825399998575,0.018881299998611212,388405,16.245,0,False,352.2,-172.2,111.22115533117045,0.0,0.0,0.0,65027
1789388409.5963733,16.147326500038616,0.02150110004004091,388425,16.265,0,False,354.6,-174.60000000000002,111.62219586581988,0.0,0.0,0.0,65027
1789388409.616815,16.167629100033082,0.02030259999446571,388445,16.285,0,False,357.0,-177.0,118.21146063332745,0.0,0.0,0.0,65027
1789388409.636763,16.187604600097984,0.019975500064902008,388466,16.306,0,False,359.4,-179.39999999999998,120.14717990549343,0.0,0.0,0.0,65027
1789388409.6570122,16.20712050003931,0.019515899941325188,388486,16.326,0,False,2.1,177.89999999999998,138.3487314506444,0.0,0.0,0.0,65027
1789388409.6746254,16.225931400083937,0.018810900044627488,388506,16.346,0,False,4.5,175.5,127.58560166213104,0.0,0.0,0.0,65027
1789388409.6957371,16.246146699995734,0.020215299911797047,388526,16.366,0,False,6.9,173.10000000000002,118.7219586388346,0.0,0.0,0.0,65027
1789388409.7179217,16.268152500037104,0.022005800041370094,388546,16.386,0,False,9.0,171.0,95.42938661862199,0.0,0.0,0.0,65027
1789388409.7361882,16.287209100089967,0.01905660005286336,388567,16.407,0,False,11.1,168.89999999999998,110.19804131768288,0.0,0.0,0.0,65027
1789388409.755143,16.306117800064385,0.018908699974417686,388587,16.427,0,False,12.9,167.10000000000002,95.1942757796835,0.0,0.0,0.0,65027
1789388409.7746751,16.32569210010115,0.019574300036765635,388607,16.447,0,False,14.4,165.60000000000002,76.63109266653771,0.0,0.0,0.0,65027
1789388409.7954063,16.345919299987145,0.020227199885994196,388627,16.467,0,False,15.6,164.39999999999998,59.326056338173515,0.0,0.0,0.0,65027
1789388409.8163538,16.36700130009558,0.02108200010843575,388647,16.487,0,False,16.5,163.5,42.69044660709776,0.0,0.0,0.0,65027
1789388409.8367639,16.38682570005767,0.019824399962089956,388668,16.508,0,False,17.1,162.89999999999998,30.265733194818992,0.0,0.0,0.0,65027
1789388409.8559513,16.406228900072165,0.01940320001449436,388687,16.527,0,False,17.4,162.60000000000002,15.461367185614165,0.0,0.0,0.0,65027
1789388409.8759508,16.426154599990696,0.01992569991853088,388707,16.547,0,False,17.4,162.60000000000002,0.0,0.0,0.0,0.0,65027
1789388409.8951306,16.44578760000877,0.01963300001807511,388728,16.568,0,False,16.8,163.2,-30.56079047764502,0.0,0.0,0.0,65027
1789388409.9177697,16.468692300026305,0.022904700017534196,388748,16.588,0,False,15.9,164.10000000000002,-39.293245461020234,0.0,0.0,0.0,65027
1789388409.9373357,16.48765910009388,0.018966800067573786,388768,16.608,0,False,14.7,165.3,-63.26844779956029,0.0,0.0,0.0,65027
1789388409.9549677,16.506010100012645,0.01835099991876632,388788,16.628,0,False,13.2,166.8,-81.7394151076232,0.0,0.0,0.0,65027
1789388409.9757156,16.52639660006389,0.020386500051245093,388808,16.648,0,False,11.4,168.60000000000002,-88.29372356585934,0.0,0.0,0.0,65027
1789388409.9955695,16.546446199994534,0.020049599930644035,388828,16.668,0,False,9.6,170.39999999999998,-89.7773524771869,0.0,0.0,0.0,65027
1789388410.0166142,16.56763220007997,0.021186000085435808,388849,16.689,0,False,7.5,172.5,-99.12206133915892,0.0,0.0,0.0,65027
1789388410.0372045,16.58728690003045,0.01965469995047897,388869,16.709,0,False,5.4,174.60000000000002,-106.84467355345299,0.0,0.0,0.0,65027
1789388410.055359,16.605487700086087,0.018200800055637956,388889,16.729,0,False,3.0,177.0,-131.8623353184176,0.0,0.0,0.0,65027
1789388410.074488,16.62546710006427,0.01997939997818321,388909,16.749,0,False,0.9,179.10000000000002,-105.10826162412882,0.0,0.0,0.0,65027
1789388410.095419,16.64640490000602,0.02093779994174838,388929,16.769,0,False,358.5,-178.5,-114.6252235992837,0.0,0.0,0.0,65027
1789388410.1165714,16.667480900068767,0.02107600006274879,388949,16.789,0,False,356.4,-176.39999999999998,-99.63939996905347,0.0,0.0,0.0,65027
1789388410.135958,16.686677400022745,0.019196499953977764,388970,16.81,0,False,354.3,-174.3,-109.3949420485279,0.0,0.0,0.0,65027
1789388410.1553907,16.70592800003942,0.01925060001667589,388990,16.83,0,False,352.5,-172.5,-93.5035790282254,0.0,0.0,0.0,65027
1789388410.1762369,16.72658000001684,0.02065199997741729,389010,16.85,0,False,351.0,-171.0,-72.63219066629051,0.0,0.0,0.0,65027
1789388410.1953788,16.745753800030798,0.019173800013959408,389030,16.87,0,False,349.5,-169.5,-78.23175369034469,0.0,0.0,0.0,65027
1789388410.2161372,16.767141700023785,0.021387899992987514,389050,16.89,0,False,348.6,-168.60000000000002,-42.079867602479055,0.0,0.0,0.0,65027
1789388410.237259,16.787541400059126,0.020399700035341084,389071,16.911,0,False,347.7,-167.7,-44.118295780861764,0.0,0.0,0.0,65027
1789388410.255935,16.80638900003396,0.01884759997483343,389091,16.931,0,False,347.4,-167.39999999999998,-15.917145970871164,0.0,0.0,0.0,65027
1789388410.2761493,16.826418800046667,0.02002980001270771,389111,16.951,0,False,347.1,-167.10000000000002,-14.977683242449872,0.0,0.0,0.0,65027
1789388410.2970047,16.847363300039433,0.020944499992765486,389131,16.971,0,False,347.1,-167.10000000000002,0.0,0.0,0.0,0.0,65027
1789388410.3165061,16.867015600088052,0.01965230004861951,389151,16.991,0,False,347.7,-167.7,30.530777492485587,0.0,0.0,0.0,65027
1789388410.3358052,16.886721400078386,0.019705799990333617,389171,17.011,0,False,348.6,-168.60000000000002,45.671832680810496,0.0,0.0,0.0,65027
1789388410.356097,16.906401499989443,0.01968009991105646,389191,17.031,0,False,349.5,-169.5,45.73147514837306,0.0,0.0,0.0,65027
1789388410.3756979,16.92600490001496,0.01960340002551675,389212,17.052,0,False,350.7,-170.7,61.213870983503355,0.0,0.0,0.0,65027
1789388410.395287,16.946582700009458,0.02057779999449849,389232,17.072,0,False,352.2,-172.2,72.89408976669165,0.0,0.0,0.0,65027
1789388410.4170525,16.967299000010826,0.020716300001367927,389252,17.092,0,False,354.0,-174.0,86.88810259945815,0.0,0.0,0.0,65027
1789388410.4366155,16.9866901000496,0.01939110003877431,389272,17.112,0,False,355.8,-175.8,92.82609013417205,0.0,0.0,0.0,65027
1789388410.4548254,17.00570159999188,0.019011499942280352,389292,17.132,0,False,357.6,-177.60000000000002,94.67953635772459,0.0,0.0,0.0,65027
1789388410.4751213,17.025743500096723,0.02004190010484308,389312,17.152,0,False,359.7,-179.7,104.78048433603885,0.0,0.0,0.0,65027
1789388410.49439,17.045509100076742,0.019765599980019033,389333,17.173,0,False,1.5,178.5,91.06730895189745,0.0,0.0,0.0,65027
1789388410.5157948,17.066233800025657,0.02072469994891435,389353,17.193,0,False,3.6,176.39999999999998,101.328366884752,0.0,0.0,0.0,65027
1789388410.5352886,17.08624710002914,0.02001330000348389,389373,17.213,0,False,5.4,174.60000000000002,89.94018975814431,0.0,0.0,0.0,65027
1789388410.554605,17.105129400035366,0.018882300006225705,389393,17.233,0,False,7.2,172.8,95.32737004530864,0.0,0.0,0.0,65027
1789388410.5755668,17.125780200003646,0.020650799968279898,389413,17.253,0,False,8.7,171.3,72.6364112917676,0.0,0.0,0.0,65027
1789388410.5953774,17.145820200094022,0.020040000090375543,389434,17.274,0,False,10.2,169.8,74.8502990636409,0.0,0.0,0.0,65027
1789388410.616436,17.167384100030176,0.021563899936154485,389454,17.294,0,False,11.4,168.60000000000002,55.64856095385805,0.0,0.0,0.0,65027
1789388410.6364942,17.18695070000831,0.019566599978134036,389474,17.314,0,False,12.3,167.7,45.99674961443321,0.0,0.0,0.0,65027
1789388410.6554146,17.20615770004224,0.019207000033929944,389494,17.334,0,False,13.2,166.8,46.85791630187531,0.0,0.0,0.0,65027
1789388410.6755013,17.225722900009714,0.019565199967473745,389514,17.354,0,False,13.5,166.5,15.333346988466651,0.0,0.0,0.0,65027
1789388410.6969094,17.246964400052093,0.021241500042378902,389534,17.374,0,False,13.8,166.2,14.123296349197636,0.0,0.0,0.0,65027
1789388410.7162178,17.26681530009955,0.01985090004745871,389555,17.395,0,False,13.8,166.2,0.0,0.0,0.0,0.0,65027
1789388410.7345734,17.285926500102505,0.01911120000295341,389575,17.415,0,False,13.2,166.8,-31.395202808158118,0.0,0.0,0.0,65027
1789388410.7551215,17.30592290009372,0.019996399991214275,389595,17.435,0,False,12.6,167.39999999999998,-30.00540098535804,0.0,0.0,0.0,65027
1789388410.7752342,17.32539600005839,0.019473099964670837,389615,17.455,0,False,11.7,168.3,-46.21760282814934,0.0,0.0,0.0,65027
1789388410.7946472,17.345407400047407,0.020011399989016354,389635,17.475,0,False,10.5,169.5,-59.96581951580759,0.0,0.0,0.0,65027
1789388410.8164847,17.366952700074762,0.02154530002735555,389655,17.495,0,False,9.3,170.7,-55.69660197241985,0.0,0.0,0.0,65027
1789388410.835325,17.38605319999624,0.01910049992147833,389676,17.516,0,False,7.8,172.2,-78.53197592557586,0.0,0.0,0.0,65027
1789388410.8556516,17.40615160006564,0.020098400069400668,389696,17.536,0,False,6.3,173.7,-74.63280633385908,0.0,0.0,0.0,65027
1789388410.8749504,17.4253779000137,0.019226299948059022,389716,17.556,0,False,4.5,175.5,-93.62175794941393,0.0,0.0,0.0,65027
1789388410.8945005,17.445307700079866,0.019929800066165626,389736,17.576,0,False,3.0,177.0,-75.26417701231817,0.0,0.0,0.0,65027
1789388410.9171643,17.467312299995683,0.02200459991581738,389756,17.596,0,False,1.2,178.8,-81.8010782693728,0.0,0.0,0.0,65027
1789388410.9363916,17.486770800082013,0.019458500086329877,389777,17.617,0,False,359.4,-179.39999999999998,-92.50456057836149,0.0,0.0,0.0,65027
1789388410.9540584,17.504959500045516,0.018188699963502586,389797,17.637,0,False,357.9,-177.89999999999998,-82.4687857301455,0.0,0.0,0.0,65027
1789388410.9753053,17.52608490001876,0.021125399973243475,389817,17.657,0,False,356.4,-176.39999999999998,-71.00457278441287,0.0,0.0,0.0,65027
1789388410.9952378,17.5455748999957,0.019489999976940453,389837,17.677,0,False,354.9,-174.89999999999998,-76.96254498587591,0.0,0.0,0.0,65027
1789388411.0160224,17.567035700078122,0.021460800082422793,389857,17.697,0,False,353.7,-173.7,-55.915902267913765,0.0,0.0,0.0,65027
1789388411.035265,17.585563800064847,0.018528099986724555,389878,17.718,0,False,352.5,-172.5,-64.76648986457288,0.0,0.0,0.0,65027
1789388411.0549138,17.60580530005973,0.02024149999488145,389898,17.738,0,False,351.9,-171.89999999999998,-29.642071988328293,0.0,0.0,0.0,65027
1789388411.0752287,17.625344600062817,0.01953930000308901,389918,17.758,0,False,351.3,-171.3,-30.70734365638025,0.0,0.0,0.0,65027
1789388411.093517,17.64495500002522,0.01961039996240288,389938,17.778,0,False,350.7,-170.7,-30.59601033891938,0.0,0.0,0.0,65027
1789388411.117104,17.66753299999982,0.02257799997460097,389958,17.798,0,False,350.7,-170.7,0.0,0.0,0.0,0.0,65027
1789388411.1371064,17.687205100082792,0.019672100082971156,389980,17.82,0,False,350.7,-170.7,0.0,0.0,0.0,0.0,65027
1789388411.1550999,17.70537159999367,0.018166499910876155,389999,17.839,0,False,351.0,-171.0,16.51391305269561,0.0,0.0,0.0,65027
1789388411.1752682,17.725686600082554,0.020315000088885427,390019,17.859,0,False,351.6,-171.60000000000002,29.534826353670052,0.0,0.0,0.0,65027
1789388411.195365,17.746335900039412,0.020649299956858158,390039,17.879,0,False,352.5,-172.5,43.58501265807146,0.0,0.0,0.0,65027
1789388411.2162428,17.766648199991323,0.020312299951910973,390059,17.899,0,False,353.4,-173.39999999999998,44.3081286772405,0.0,0.0,0.0,65027
1789388411.235581,17.785900700022466,0.019252500031143427,390079,17.919,0,False,354.6,-174.60000000000002,62.32956748780102,0.0,0.0,0.0,65027
1789388411.254779,17.805358599987812,0.01945789996534586,390099,17.939,0,False,355.8,-175.8,61.67160907072013,0.0,0.0,0.0,65027
1789388411.2748206,17.82587370008696,0.020515100099146366,390120,17.96,0,False,357.0,-177.0,58.493499627131754,0.0,0.0,0.0,65027
1789388411.295018,17.845608200062998,0.019734499976038933,390140,17.98,0,False,358.5,-178.5,76.00901982929678,0.0,0.0,0.0,65027
1789388411.3166523,17.867416299995966,0.021808099932968616,390160,18.0,0,False,0.0,-180.0,68.78178312693623,0.0,0.0,0.0,65027
1789388411.3358586,17.886749100056477,0.019332800060510635,390181,18.021,0,False,1.5,178.5,77.58834702190474,0.0,0.0,0.0,65027
1789388411.3553925,17.905679100076668,0.018930000020191073,390200,18.04,0,False,2.7,177.3,63.391442087693996,0.0,0.0,0.0,65027
1789388411.3748395,17.92560760001652,0.019928499939851463,390220,18.06,0,False,4.2,175.8,75.2690872131533,0.0,0.0,0.0,65027
1789388411.3950748,17.945720000076108,0.020112400059588253,390241,18.081,0,False,5.4,174.60000000000002,59.66468429648746,0.0,0.0,0.0,65027
1789388411.4158916,17.96641480003018,0.02069479995407164,390261,18.101,0,False,6.6,173.39999999999998,57.985581047566114,0.0,0.0,0.0,65027
1789388411.4358354,17.986518200021237,0.020103399991057813,390281,18.121,0,False,7.8,172.2,59.691395511891535,0.0,0.0,0.0,65027
1789388411.454143,18.0053246000316,0.018806400010362267,390301,18.141,0,False,8.4,171.60000000000002,31.90403265215013,0.0,0.0,0.0,65027
1789388411.474957,18.02561260003131,0.020287999999709427,390321,18.161,0,False,9.3,170.7,44.36119873880599,0.0,0.0,0.0,65027
1789388411.497046,18.04710610001348,0.02149349998217076,390341,18.181,0,False,9.6,170.39999999999998,13.957708155901397,0.0,0.0,0.0,65027
1789388411.516384,18.067153200041503,0.020047100028023124,390362,18.202,0,False,9.9,170.10000000000002,14.964757974003826,0.0,0.0,0.0,65027
1789388411.5358922,18.086797400028445,0.019644199986942112,390382,18.222,0,False,10.2,169.8,15.271683255079225,0.0,0.0,0.0,65027
1789388411.5556085,18.105717400088906,0.01892000006046146,390402,18.242,0,False,10.2,169.8,0.0,0.0,0.0,0.0,65027
1789388411.575018,18.12556960002985,0.019852199940942228,390422,18.262,0,False,9.9,170.10000000000002,-15.111675325277464,0.0,0.0,0.0,65027
1789388411.5961502,18.146341599989682,0.02077199995983392,390442,18.282,0,False,9.3,170.7,-28.885037606402516,0.0,0.0,0.0,65027
1789388411.6159184,18.166685500065796,0.02034390007611364,390463,18.303,0,False,8.7,171.3,-29.492869988310236,0.0,0.0,0.0,65027
1789388411.6352422,18.186077199992724,0.019391699926927686,390483,18.323,0,False,7.8,172.2,-46.41160926537691,0.0,0.0,0.0,65027
1789388411.656247,18.206733400002122,0.020656200009398162,390503,18.343,0,False,6.9,173.10000000000002,-43.570453403361874,0.0,0.0,0.0,65027
1789388411.6749103,18.225231099990197,0.0184976999880746,390523,18.363,0,False,6.0,174.0,-48.65469764242216,0.0,0.0,0.0,65027
1789388411.6946507,18.245327200042084,0.020096100051887333,390543,18.383,0,False,4.8,175.2,-59.7130785028755,0.0,0.0,0.0,65027
1789388411.7163932,18.266913400031626,0.021586199989542365,390563,18.403,0,False,3.9,176.10000000000002,-41.69330407556768,0.0,0.0,0.0,65027
1789388411.7365694,18.287178000085987,0.020264600054360926,390584,18.424,0,False,2.4,177.60000000000002,-74.02070586027683,0.0,0.0,0.0,65027
1789388411.755792,18.30618960002903,0.0190115999430418,390604,18.444,0,False,1.5,178.5,-47.339519172314766,0.0,0.0,0.0,65027
1789388411.775031,18.325375300017186,0.019185699988156557,390624,18.464,0,False,0.3,179.7,-62.546584213281534,0.0,0.0,0.0,65027
1789388411.7950907,18.34583460004069,0.0204593000235036,390644,18.484,0,False,359.1,-179.10000000000002,-58.65303302759566,0.0,0.0,0.0,65027
1789388411.815548,18.36661740008276,0.02078280004207045,390664,18.504,0,False,357.9,-177.89999999999998,-57.7400541587705,0.0,0.0,0.0,65027
1789388411.8360682,18.3862792000873,0.019661800004541874,390685,18.525,0,False,357.0,-177.0,-45.77403898890627,0.0,0.0,0.0,65027
1789388411.8548987,18.405585600063205,0.019306399975903332,390705,18.545,0,False,356.1,-176.10000000000002,-46.61666603423132,0.0,0.0,0.0,65027
1789388411.87471,18.425377400009893,0.019791799946688116,390725,18.565,0,False,355.5,-175.5,-30.315585324033375,0.0,0.0,0.0,65027
1789388411.8948917,18.445232800091617,0.01985540008172393,390745,18.585,0,False,354.9,-174.89999999999998,-30.218479483185927,0.0,0.0,0.0,65027
1789388411.916681,18.46679590002168,0.02156309993006289,390765,18.605,0,False,354.6,-174.60000000000002,-13.912656388597442,0.0,0.0,0.0,65027
1789388411.9364119,18.486466800095513,0.019670900073833764,390785,18.625,0,False,354.3,-174.3,-15.25095439832321,0.0,0.0,0.0,65027
1789388411.9550745,18.50568370008841,0.019216899992898107,390805,18.645,0,False,354.3,-174.3,0.0,0.0,0.0,0.0,65027
1789388411.975368,18.525446200044826,0.019762499956414104,390825,18.665,0,False,354.3,-174.3,0.0,0.0,0.0,0.0,65027
1789388411.9953332,18.545585700077936,0.02013950003311038,390846,18.686,0,False,354.6,-174.60000000000002,14.896099680071295,0.0,0.0,0.0,65027
1789388412.016444,18.566761600086465,0.021175900008529425,390866,18.706,0,False,354.9,-174.89999999999998,14.167048384206469,0.0,0.0,0.0,65027
1789388412.0365987,18.586814600043,0.020052999956533313,390886,18.726,0,False,355.5,-175.5,29.920710183043777,0.0,0.0,0.0,65027
1789388412.0543518,18.605273300083354,0.018458700040355325,390906,18.746,0,False,356.1,-176.10000000000002,32.50499757232487,0.0,0.0,0.0,65027
1789388412.0747886,18.625726200058125,0.020452899974770844,390926,18.766,0,False,356.7,-176.7,29.335693263061994,0.0,0.0,0.0,65027
1789388412.0932841,18.64433010003995,0.018603899981826544,390946,18.786,0,False,357.6,-177.60000000000002,48.37695326674571,0.0,0.0,0.0,65027
1789388412.1166174,18.666696900036186,0.022366799996234477,390967,18.807,0,False,358.2,-178.2,26.82547347412137,0.0,0.0,0.0,65027
1789388412.135332,18.68549639999401,0.018799499957822263,390987,18.827,0,False,359.1,-179.10000000000002,47.873613767346725,0.0,0.0,0.0,65027
1789388412.1532128,18.704787700087763,0.019291300093755126,391007,18.847,0,False,0.0,-180.0,46.65315430406478,0.0,0.0,0.0,65027
1789388412.1748238,18.72507140005473,0.020283699966967106,391027,18.867,0,False,1.2,178.8,59.1608040916717,0.0,0.0,0.0,65027
1789388412.193717,18.74411070009228,0.019039300037547946,391047,18.887,0,False,2.1,177.89999999999998,47.27064536117872,0.0,0.0,0.0,65027
1789388412.215657,18.76596630003769,0.021855599945411086,391067,18.907,0,False,2.7,177.3,27.45291831377859,0.0,0.0,0.0,65027
1789388412.2343345,18.784763100091368,0.018796800053678453,391088,18.928,0,False,3.6,176.39999999999998,47.88049015948752,0.0,0.0,0.0,65027
1789388412.2535636,18.80438420001883,0.019621099927462637,391108,18.948,0,False,4.5,175.5,45.868988146802224,0.0,0.0,0.0,65027
1789388412.2741926,18.824337900034152,0.019953700015321374,391128,18.968,0,False,5.1,174.89999999999998,30.06961112672269,0.0,0.0,0.0,65027
1789388412.293305,18.844031500048004,0.01969360001385212,391148,18.988,0,False,5.7,174.3,30.46675059806055,0.0,0.0,0.0,65027
1789388412.315662,18.86593410000205,0.02190259995404631,391168,19.008,0,False,6.0,174.0,13.697004037394613,0.0,0.0,0.0,65027
1789388412.334965,18.885108300019056,0.019174200017005205,391189,19.029,0,False,6.3,173.7,15.646024331338335,0.0,0.0,0.0,65027
1789388412.3534107,18.90432780003175,0.01921950001269579,391209,19.049,0,False,6.6,173.39999999999998,15.609146949808316,0.0,0.0,0.0,65027
1789388412.3740013,18.924628200009465,0.020300399977713823,391229,19.069,0,False,6.6,173.39999999999998,0.0,0.0,0.0,0.0,65027
1789388412.393729,18.943836400052533,0.019208200043067336,391249,19.089,0,False,6.6,173.39999999999998,0.0,0.0,0.0,0.0,65027
1789388412.4158242,18.96600890008267,0.0221725000301376,391269,19.109,0,False,6.3,173.7,-13.530273969657973,0.0,0.0,0.0,65027
1789388412.4348712,18.985351799987257,0.019342899904586375,391290,19.13,0,False,6.0,174.0,-15.50956689430413,0.0,0.0,0.0,65027
1789388412.4530144,19.00398680008948,0.018635000102221966,391309,19.149,0,False,5.7,174.3,-16.098738843808245,0.0,0.0,0.0,65027
1789388412.473652,19.02396680007223,0.019979999982751906,391330,19.17,0,False,5.1,174.89999999999998,-30.03003005595371,0.0,0.0,0.0,65027
1789388412.494318,19.04504870006349,0.02108189999125898,391350,19.19,0,False,4.8,175.2,-14.230216447492777,0.0,0.0,0.0,65027
1789388412.5155864,19.065962300053798,0.020913599990308285,391370,19.21,0,False,4.2,175.8,-28.689465241663054,0.0,0.0,0.0,65027
1789388412.5338683,19.08478710008785,0.018824800034053624,391390,19.23,0,False,3.6,176.39999999999998,-31.872848525063127,0.0,0.0,0.0,65027
1789388412.5547738,19.105028000078164,0.020240899990312755,391410,19.25,0,False,3.0,177.0,-29.64295067349539,0.0,0.0,0.0,65027
1789388412.574351,19.12533800001256,0.020309999934397638,391431,19.271,0,False,2.4,177.60000000000002,-29.542097584343953,0.0,0.0,0.0,65027
1789388412.5938141,19.14443250000477,0.019094499992206693,391451,19.291,0,False,1.8,178.2,-31.4226609884983,0.0,0.0,0.0,65027
1789388412.6157153,19.16650330007542,0.022070800070650876,391471,19.311,0,False,1.2,178.8,-27.185240139883163,0.0,0.0,0.0,65027
1789388412.6346676,19.18542650004383,0.01892319996841252,391491,19.331,0,False,0.6,179.39999999999998,-31.7071109009862,0.0,0.0,0.0,65027
1789388412.6541138,19.205099700018764,0.019673199974931777,391511,19.351,0,False,0.0,-180.0,-30.49834296222951,0.0,0.0,0.0,65027
1789388412.6738186,19.224186400067993,0.019086700049228966,391531,19.371,0,False,359.4,-179.39999999999998,-31.43550212726587,0.0,0.0,0.0,65027
1789388412.6942358,19.24514590005856,0.020959499990567565,391551,19.391,0,False,358.8,-178.8,-28.626637098689606,0.0,0.0,0.0,65027
1789388412.7161484,19.266608400037512,0.02146249997895211,391572,19.412,0,False,358.5,-178.5,-13.977868388781177,0.0,0.0,0.0,65027
1789388412.7346358,19.285630200058222,0.019021800020709634,391592,19.432,0,False,358.2,-178.2,-15.771378085848443,0.0,0.0,0.0,65027
1789388412.7542498,19.305059600039385,0.019429399981163442,391612,19.452,0,False,357.9,-177.89999999999998,-15.440517992879737,0.0,0.0,0.0,65027
1789388412.7738357,19.324187400052324,0.019127800012938678,391632,19.472,0,False,357.9,-177.89999999999998,0.0,0.0,0.0,0.0,65027
1789388412.793664,19.34420510008931,0.020017700036987662,391652,19.492,0,False,357.9,-177.89999999999998,0.0,0.0,0.0,0.0,65027
1789388412.8161654,19.366461600060575,0.02225649997126311,391672,19.512,0,False,357.9,-177.89999999999998,0.0,0.0,0.0,0.0,65027
1789388412.8363125,19.386727400007658,0.020265799947082996,391693,19.533,0,False,357.9,-177.89999999999998,0.0,0.0,0.0,0.0,65027
1789388412.8545494,19.40513640001882,0.01840900001116097,391713,19.553,0,False,358.2,-178.2,16.296376762351457,0.0,0.0,0.0,65027
1789388412.8735392,19.424252800061367,0.019116400042548776,391733,19.573,0,False,358.5,-178.5,15.693331345456222,0.0,0.0,0.0,65027
1789388412.8946066,19.44562620006036,0.02137339999899268,391753,19.593,0,False,358.8,-178.8,14.0361383782716,0.0,0.0,0.0,65027
1789388412.9164567,19.46680630010087,0.021180100040510297,391773,19.613,0,False,359.1,-179.10000000000002,14.164239046379093,0.0,0.0,0.0,65027
1789388412.9351935,19.485745700076222,0.01893939997535199,391794,19.634,0,False,359.4,-179.39999999999998,15.83999495181362,0.0,0.0,0.0,65027
1789388412.953215,19.50402870005928,0.01828299998305738,391814,19.654,0,False,359.7,-179.7,16.40868567948463,0.0,0.0,0.0,65027
1789388412.974468,19.52504300000146,0.021014299942180514,391834,19.674,0,False,0.0,-180.0,14.275993053560763,0.0,0.0,0.0,65027
1789388412.9930825,19.544217900023796,0.01917490002233535,391854,19.694,0,False,0.3,179.7,15.645453152327505,0.0,0.0,0.0,65027
1789388413.0155,19.565673600067385,0.021455700043588877,391874,19.714,0,False,0.6,179.39999999999998,13.982298381807105,0.0,0.0,0.0,65027
1789388413.0347776,19.58560099999886,0.01992739993147552,391895,19.735,0,False,0.6,179.39999999999998,0.0,0.0,0.0,0.0,65027
1789388413.0540142,19.60502700007055,0.019426000071689487,391914,19.754,0,False,0.9,179.10000000000002,15.443220369241986,0.0,0.0,0.0,65027
1789388413.0749454,19.6257203000132,0.0206932999426499,391935,19.775,0,False,1.2,178.8,14.497446073436395,0.0,0.0,0.0,65027
1789388413.0934646,19.644191900035366,0.018471600022166967,391955,19.795,0,False,1.2,178.8,0.0,0.0,0.0,0.0,65027
1789388413.1155686,19.666344100027345,0.022152199991978705,391975,19.815,0,False,1.5,178.5,13.542672967409159,0.0,0.0,0.0,65027
1789388413.13494,19.68631770007778,0.01997360005043447,391996,19.836,0,False,1.5,178.5,0.0,0.0,0.0,0.0,65027
1789388413.1553104,19.705449000000954,0.019131299923174083,392015,19.855,0,False,1.8,178.2,15.681109030997733,0.0,0.0,0.0,65027
1789388413.1745162,19.72519770008512,0.01974870008416474,392035,19.875,0,False,1.8,178.2,0.0,0.0,0.0,0.0,65027
1789388413.195616,19.74567970004864,0.020481999963521957,392056,19.896,0,False,1.8,178.2,0.0,0.0,0.0,0.0,65027
1789388413.2164917,19.767114700051025,0.021435000002384186,392076,19.916,0,False,1.8,178.2,0.0,0.0,0.0,0.0,65027
1789388413.2358,19.786450800020248,0.01933609996922314,392096,19.936,0,False,1.8,178.2,0.0,0.0,0.0,0.0,65027
1789388413.2554111,19.806101100053638,0.019650300033390522,392116,19.956,0,False,1.8,178.2,0.0,0.0,0.0,0.0,65027
1789388413.2748666,19.82563860004302,0.019537499989382923,392136,19.976,0,False,1.8,178.2,0.0,0.0,0.0,0.0,65027
1789388413.2943685,19.845364900073037,0.01972630003001541,392157,19.997,0,False,1.8,178.2,0.0,0.0,0.0,0.0,65027
1789388413.317134,19.867964500095695,0.022599600022658706,392177,20.017,0,False,1.8,178.2,0.0,0.0,0.0,0.0,65027
1789388413.336768,19.887538100010715,0.019573599915020168,392199,20.039,0,False,1.5,178.5,-15.326766731846847,0.0,0.0,0.0,65027
1789388413.3547883,19.905479700071737,0.017941600061021745,392217,20.057,0,False,1.5,178.5,0.0,0.0,0.0,0.0,65027
1789388413.3754032,19.92579270002898,0.020312999957241118,392237,20.077,0,False,1.5,178.5,0.0,0.0,0.0,0.0,65027
1789388413.3965948,19.947523900074884,0.021731200045906007,392257,20.097,0,False,1.5,178.5,0.0,0.0,0.0,0.0,65027
1789388413.4170363,19.967091500060633,0.01956759998574853,392278,20.118,0,False,1.5,178.5,0.0,0.0,0.0,0.0,65027
1789388413.435799,19.986400700057857,0.019309199997223914,392298,20.138,0,False,1.5,178.5,0.0,0.0,0.0,0.0,65027
1789388413.4550025,20.005267500062473,0.01886680000461638,392318,20.158,0,False,1.5,178.5,0.0,0.0,0.0,0.0,65027
1789388413.4746776,20.02546830009669,0.020200800034217536,392338,20.178,0,False,1.5,178.5,0.0,0.0,0.0,0.0,65027
1789388413.4943895,20.045353900059126,0.019885599962435663,392358,20.198,0,False,1.5,178.5,0.0,0.0,0.0,0.0,65027
1789388413.5164695,20.066782100009732,0.02142819995060563,392378,20.218,0,False,1.5,178.5,0.0,0.0,0.0,0.0,65027
1789388413.535794,20.086136300000362,0.01935419999063015,392399,20.239,0,False,1.5,178.5,0.0,0.0,0.0,0.0,65027
1789388413.5554712,20.106269400101155,0.020133100100792944,392419,20.259,0,False,1.5,178.5,0.0,0.0,0.0,0.0,65027
1789388413.5744293,20.125055100070313,0.018785699969157577,392439,20.279,0,False,1.5,178.5,0.0,0.0,0.0,0.0,65027
1789388413.5944204,20.145338500034995,0.020283399964682758,392459,20.299,0,False,1.5,178.5,0.0,0.0,0.0,0.0,65027
1789388413.6168146,20.166976500069723,0.021638000034727156,392479,20.319,0,False,1.5,178.5,0.0,0.0,0.0,0.0,65027
1789388413.6361144,20.186199799994938,0.019223299925215542,392500,20.34,0,False,1.5,178.5,0.0,0.0,0.0,0.0,65027
1789388413.654101,20.205476200091653,0.019276400096714497,392520,20.36,0,False,1.5,178.5,0.0,0.0,0.0,0.0,65027
1789388413.6750445,20.225796000100672,0.020319800009019673,392540,20.38,0,False,1.5,178.5,0.0,0.0,0.0,0.0,65027
1789388413.6951494,20.245649000047706,0.019852999947033823,392560,20.4,0,False,1.5,178.5,0.0,0.0,0.0,0.0,65027
1789388413.716945,20.267876100027934,0.02222709998022765,392580,20.42,0,False,1.5,178.5,0.0,0.0,0.0,0.0,65027
1789388413.736485,20.28667280008085,0.018796700052917004,392601,20.441,0,False,1.5,178.5,0.0,0.0,0.0,0.0,65027
1789388413.753836,20.304691200028174,0.018018399947322905,392621,20.461,0,False,1.5,178.5,0.0,0.0,0.0,0.0,65027
1789388413.7742405,20.32508580002468,0.020394599996507168,392641,20.481,0,False,1.5,178.5,0.0,0.0,0.0,0.0,65027
1789388413.7948678,20.345034199999645,0.01994839997496456,392661,20.501,0,False,1.5,178.5,0.0,0.0,0.0,0.0,65027
1789388413.8165517,20.366683600004762,0.02164940000511706,392681,20.521,0,False,1.5,178.5,0.0,0.0,0.0,0.0,65027
1789388413.8349922,20.385777199990116,0.01909359998535365,392702,20.542,0,False,1.5,178.5,0.0,0.0,0.0,0.0,65027
1789388413.8550193,20.405414100037888,0.019636900047771633,392721,20.561,0,False,1.5,178.5,0.0,0.0,0.0,0.0,65027
1789388413.8755186,20.426087100058794,0.02067300002090633,392742,20.582,0,False,1.5,178.5,0.0,0.0,0.0,0.0,65027
1789388413.8953853,20.445483900024556,0.019396799965761602,392762,20.602,0,False,1.5,178.5,0.0,0.0,0.0,0.0,65027
1789388413.9163868,20.46679930004757,0.021315400023013353,392782,20.622,0,False,1.5,178.5,0.0,0.0,0.0,0.0,65027
1789388413.9351661,20.486297900089994,0.019498600042425096,392802,20.642,0,False,1.5,178.5,0.0,0.0,0.0,0.0,65027
1789388413.955355,20.505431000026874,0.01913309993688017,392822,20.662,0,False,1.5,178.5,0.0,0.0,0.0,0.0,65027
1789388413.9747334,20.525763600016944,0.020332599990069866,392842,20.682,0,False,1.5,178.5,0.0,0.0,0.0,0.0,65027
1789388413.9943137,20.545222399989143,0.019458799972198904,392863,20.703,0,False,1.5,178.5,0.0,0.0,0.0,0.0,65027
1789388414.0169718,20.56728160008788,0.022059200098738074,392883,20.723,0,False,1.5,178.5,0.0,0.0,0.0,0.0,65027
1789388414.0358512,20.58620380004868,0.018922199960798025,392903,20.743,0,False,1.5,178.5,0.0,0.0,0.0,0.0,65027
1789388414.054682,20.605698900064453,0.01949510001577437,392923,20.763,0,False,1.5,178.5,0.0,0.0,0.0,0.0,65027
1789388414.0737898,20.625158600043505,0.019459699979051948,392943,20.783,0,False,1.5,178.5,0.0,0.0,0.0,0.0,65027
1789388414.0948265,20.645244700019248,0.0200860999757424,392963,20.803,0,False,1.5,178.5,0.0,0.0,0.0,0.0,65027
1789388414.1165538,20.666669100057334,0.021424400038085878,392984,20.824,0,False,1.5,178.5,0.0,0.0,0.0,0.0,65027
1789388414.1350605,20.686034000013024,0.019364899955689907,393004,20.844,0,False,1.5,178.5,0.0,0.0,0.0,0.0,65027
1789388414.152896,20.704238400096074,0.018204400083050132,393024,20.864,0,False,1.5,178.5,0.0,0.0,0.0,0.0,65027
1789388414.1748896,20.724986999994144,0.020748599898070097,393044,20.884,0,False,1.5,178.5,0.0,0.0,0.0,0.0,65027
1789388414.1953444,20.74634650000371,0.021359500009566545,393064,20.904,0,False,1.5,178.5,0.0,0.0,0.0,0.0,65027
1789388414.2151804,20.766193600022234,0.019847100018523633,393084,20.924,0,False,1.5,178.5,0.0,0.0,0.0,0.0,65027
1789388414.2352839,20.78569150005933,0.01949790003709495,393105,20.945,0,False,1.5,178.5,0.0,0.0,0.0,0.0,65027
1789388414.2543833,20.805203800089657,0.019512300030328333,393125,20.965,0,False,1.5,178.5,0.0,0.0,0.0,0.0,65027
1789388414.2741003,20.824314400088042,0.019110599998384714,393145,20.985,0,False,1.5,178.5,0.0,0.0,0.0,0.0,65027
1789388414.2944613,20.845214900095016,0.020900500006973743,393165,21.005,0,False,1.5,178.5,0.0,0.0,0.0,0.0,65027
1789388414.3153095,20.866311500081792,0.02109659998677671,393185,21.025,0,False,1.5,178.5,0.0,0.0,0.0,0.0,65027
1789388414.3345594,20.885678000049666,0.019366499967873096,393206,21.046,0,False,1.5,178.5,0.0,0.0,0.0,0.0,65027
1789388414.3551528,20.905278100050054,0.01960010000038892,393226,21.066,0,False,1.5,178.5,0.0,0.0,0.0,0.0,65027
1789388414.3732698,20.92408750008326,0.018809400033205748,393246,21.086,0,False,1.5,178.5,0.0,0.0,0.0,0.0,65027
1789388414.3933132,20.94417610007804,0.020088599994778633,393266,21.106,0,False,1.5,178.5,0.0,0.0,0.0,0.0,65027
1789388414.415062,20.966108200023882,0.02193209994584322,393286,21.126,0,False,1.5,178.5,0.0,0.0,0.0,0.0,65027
1789388414.434294,20.985046399990097,0.018938199966214597,393307,21.147,0,False,1.5,178.5,0.0,0.0,0.0,0.0,65027
1789388414.4543862,21.004538800101727,0.01949240011163056,393326,21.166,0,False,1.5,178.5,0.0,0.0,0.0,0.0,65027
1789388414.4751544,21.025331699987873,0.020792899886146188,393347,21.187,0,False,1.5,178.5,0.0,0.0,0.0,0.0,65027
1789388414.4941194,21.044451100053266,0.019119400065392256,393367,21.207,0,False,2.1,177.89999999999998,31.38173781331379,0.0,0.0,0.0,65027
1789388414.515616,21.066598700010218,0.022147599956952035,393387,21.227,0,False,3.0,177.0,40.63645730234077,0.0,0.0,0.0,65027
1789388414.5343585,21.08536800008733,0.01876930007711053,393407,21.247,0,False,4.5,175.5,79.91773768001475,0.0,0.0,0.0,65027
1789388414.5550084,21.105398699990474,0.020030699903145432,393427,21.267,0,False,6.3,173.7,89.86206216974756,0.0,0.0,0.0,65027
1789388414.5745373,21.12475610000547,0.01935740001499653,393447,21.287,0,False,8.4,171.60000000000002,108.4856436490999,0.0,0.0,0.0,65027
1789388414.595096,21.145168000017293,0.02041190001182258,393468,21.308,0,False,10.5,169.5,102.88116239956463,0.0,0.0,0.0,65027
1789388414.6163094,21.16696140007116,0.021793400053866208,393488,21.328,0,False,12.0,168.0,68.82817716797229,0.0,0.0,0.0,65027
1789388414.6357608,21.185968600097112,0.019007200025953352,393508,21.348,0,False,13.5,166.5,78.91746274842309,0.0,0.0,0.0,65027
1789388414.6546474,21.20499070000369,0.01902209990657866,393528,21.368,0,False,14.7,165.3,63.084517792117005,0.0,0.0,0.0,65027
1789388414.6759627,21.226182300015353,0.02119160001166165,393548,21.388,0,False,15.6,164.39999999999998,42.469657765564634,0.0,0.0,0.0,65027
1789388414.6950862,21.245368900010362,0.0191865999950096,393568,21.408,0,False,16.5,163.5,46.90773770413174,0.0,0.0,0.0,65027
1789388414.7165189,21.266770699992776,0.02140179998241365,393589,21.429,0,False,18.3,161.7,84.10507534315397,0.0,0.0,0.0,65027
1789388414.7358973,21.28627120004967,0.019500500056892633,393609,21.449,0,False,20.1,159.89999999999998,92.3053252351744,0.0,0.0,0.0,65027
1789388414.7546263,21.305073200026527,0.018801999976858497,393629,21.469,0,False,21.9,158.10000000000002,95.73449644800827,0.0,0.0,0.0,65027
1789388414.7743914,21.324622999993153,0.01954979996662587,393649,21.489,0,False,23.4,156.60000000000002,76.72712777423304,0.0,0.0,0.0,65027
1789388414.7937708,21.34420799999498,0.019585000001825392,393669,21.509,0,False,24.9,155.10000000000002,76.58922644167447,0.0,0.0,0.0,65027
1789388414.815781,21.366246700054035,0.022038700059056282,393689,21.529,0,False,26.4,153.60000000000002,68.06209059429577,0.0,0.0,0.0,65027
1789388414.8348198,21.385638400097378,0.019391700043343008,393710,21.55,0,False,27.9,152.10000000000002,77.35268164458516,0.0,0.0,0.0,65027
1789388414.8539326,21.404808500083163,0.019170099985785782,393730,21.57,0,False,29.4,150.60000000000002,78.24685323040661,0.0,0.0,0.0,65027
1789388414.8745093,21.425123400054872,0.020314899971708655,393750,21.59,0,False,30.6,149.39999999999998,59.069943818141205,0.0,0.0,0.0,65027
1789388414.893415,21.44409770006314,0.018974300008267164,393770,21.61,0,False,32.1,147.89999999999998,79.05429972891991,0.0,0.0,0.0,65027
1789388414.9158413,21.46651570009999,0.02241800003685057,393790,21.63,0,False,33.0,147.0,40.14631093409721,0.0,0.0,0.0,65027
1789388414.9347165,21.48502320004627,0.018507499946281314,393811,21.651,0,False,34.2,145.8,64.83857914267361,0.0,0.0,0.0,65027
1789388414.9549086,21.505137900006957,0.020114699960686266,393831,21.671,0,False,35.1,144.89999999999998,44.74339670783237,0.0,0.0,0.0,65027
1789388414.9744277,21.52543959999457,0.020301699987612665,393851,21.691,0,False,36.0,144.0,44.33126292621563,0.0,0.0,0.0,65027
1789388414.9948359,21.545139000052586,0.01969940005801618,393871,21.711,0,False,36.9,143.10000000000002,45.686670525469786,0.0,0.0,0.0,65027
1789388415.016008,21.56624750001356,0.02110849996097386,393891,21.731,0,False,37.8,142.2,42.636852531632165,0.0,0.0,0.0,65027
1789388415.0357854,21.58592340000905,0.01967589999549091,393912,21.752,0,False,38.7,141.3,45.741236751877025,0.0,0.0,0.0,65027
1789388415.0545554,21.604629200068302,0.018705800059251487,393932,21.772,0,False,39.6,140.39999999999998,48.1134192148539,0.0,0.0,0.0,65027
1789388415.0735972,21.624312400002964,0.01968319993466139,393952,21.792,0,False,40.5,139.5,45.724272627802705,0.0,0.0,0.0,65027
1789388415.094883,21.644939900026657,0.020627500023692846,393972,21.812,0,False,41.4,138.60000000000002,43.63107497109496,0.0,0.0,0.0,65027
1789388415.1167283,21.666823900071904,0.021884000045247376,393992,21.832,0,False,42.0,138.0,27.41729111494397,0.0,0.0,0.0,65027
1789388415.1357632,21.68608730006963,0.019263399997726083,394013,21.853,0,False,42.6,137.39999999999998,31.147149520376484,0.0,0.0,0.0,65027
1789388415.1541374,21.704821499995887,0.018734199926257133,394032,21.872,0,False,43.2,136.8,32.02698820135134,0.0,0.0,0.0,65027
1789388415.1747644,21.725252900039777,0.02043140004388988,394053,21.893,0,False,43.5,136.5,14.683281584011077,0.0,0.0,0.0,65027
1789388415.1940358,21.744410500046797,0.019157600007019937,394073,21.913,0,False,43.8,136.2,15.659581570242729,0.0,0.0,0.0,65027
1789388415.215607,21.766582300071605,0.022171800024807453,394093,21.933,0,False,44.1,135.89999999999998,13.53070114579552,0.0,0.0,0.0,65027
1789388415.2347593,21.785520200035535,0.01893789996393025,394113,21.953,0,False,44.1,135.89999999999998,0.0,0.0,0.0,0.0,65027
1789388415.2558475,21.80622690008022,0.020706700044684112,394133,21.973,0,False,44.4,135.60000000000002,14.488064218471562,0.0,0.0,0.0,65027
1789388415.274119,21.824339600047097,0.0181126999668777,394154,21.994,0,False,44.4,135.60000000000002,0.0,0.0,0.0,0.0,65027
1789388415.2937374,21.844649400096387,0.02030980004929006,394174,22.014,0,False,44.4,135.60000000000002,0.0,0.0,0.0,0.0,65027
1789388415.3154721,21.86567319999449,0.02102379989810288,394194,22.034,0,False,44.4,135.60000000000002,0.0,0.0,0.0,0.0,65027
1789388415.3353214,21.885455600102432,0.01978240010794252,394214,22.054,0,False,44.7,135.3,15.164995064454443,0.0,0.0,0.0,65027
1789388415.3544462,21.904658999992535,0.019203399890102446,394234,22.074,0,False,44.7,135.3,0.0,0.0,0.0,0.0,65027
1789388415.373382,21.923957300023176,0.019298300030641258,394254,22.094,0,False,44.7,135.3,0.0,0.0,0.0,0.0,65027
1789388415.393656,21.944051300059073,0.020094000035896897,394274,22.114,0,False,44.7,135.3,0.0,0.0,0.0,0.0,65027
1789388415.4154336,21.966244500014,0.022193199954926968,394295,22.135,0,False,45.0,135.0,13.517654083651435,0.0,0.0,0.0,65027
1789388415.4353304,21.985814000014216,0.019569500000216067,394315,22.155,0,False,45.0,135.0,0.0,0.0,0.0,0.0,65027
1789388415.4542894,22.00500230002217,0.01918830000795424,394335,22.175,0,False,45.0,135.0,0.0,0.0,0.0,0.0,65027
1789388415.4738395,22.024196900078095,0.019194600055925548,394355,22.195,0,False,45.0,135.0,0.0,0.0,0.0,0.0,65027
1789388415.4936016,22.044175300048664,0.019978399970568717,394375,22.215,0,False,45.0,135.0,0.0,0.0,0.0,0.0,65027
1789388415.5152125,22.06603740004357,0.021862099994905293,394396,22.236,0,False,45.3,134.7,13.722377999822655,0.0,0.0,0.0,65027
1789388415.5352654,22.08631270006299,0.020275300019420683,394416,22.256,0,False,45.3,134.7,0.0,0.0,0.0,0.0,65027
1789388415.555232,22.105384499998763,0.019071799935773015,394436,22.276,0,False,45.3,134.7,0.0,0.0,0.0,0.0,65027
1789388415.5750158,22.12604330002796,0.020658800029195845,394456,22.296,0,False,45.3,134.7,0.0,0.0,0.0,0.0,65027
1789388415.5940983,22.14438730000984,0.018343999981880188,394476,22.316,0,False,45.6,134.39999999999998,16.354121254706985,0.0,0.0,0.0,65027
1789388415.6152296,22.16622970008757,0.021842400077730417,394496,22.336,0,False,45.6,134.39999999999998,0.0,0.0,0.0,0.0,65027
1789388415.6354885,22.185948900063522,0.019719199975952506,394517,22.357,0,False,45.6,134.39999999999998,0.0,0.0,0.0,0.0,65027
1789388415.654164,22.20505840005353,0.01910949999000877,394537,22.377,0,False,45.6,134.39999999999998,0.0,0.0,0.0,0.0,65027
1789388415.6743913,22.22551800007932,0.02045960002578795,394557,22.397,0,False,45.6,134.39999999999998,0.0,0.0,0.0,0.0,65027
1789388415.693912,22.244693899992853,0.019175899913534522,394577,22.417,0,False,45.9,134.10000000000002,15.644637349628045,0.0,0.0,0.0,65027
1789388415.7159584,22.266200400074013,0.021506500081159174,394597,22.437,0,False,45.9,134.10000000000002,0.0,0.0,0.0,0.0,65027
1789388415.7349877,22.285614100052044,0.019413699978031218,394618,22.458,0,False,45.9,134.10000000000002,0.0,0.0,0.0,0.0,65027
1789388415.7543213,22.30476600001566,0.019151899963617325,394638,22.478,0,False,45.9,134.10000000000002,0.0,0.0,0.0,0.0,65027
1789388415.7739012,22.32419439998921,0.01942839997354895,394658,22.498,0,False,45.9,134.10000000000002,0.0,0.0,0.0,0.0,65027
1789388415.7935128,22.34411960002035,0.019925200031138957,394678,22.518,0,False,45.9,134.10000000000002,0.0,0.0,0.0,0.0,65027
1789388415.8150861,22.365743200061843,0.021623600041493773,394698,22.538,0,False,45.9,134.10000000000002,0.0,0.0,0.0,0.0,65027
1789388415.8352103,22.385971800074913,0.02022860001306981,394719,22.559,0,False,45.9,134.10000000000002,0.0,0.0,0.0,0.0,65027
1789388415.854159,22.404910500044934,0.018938699970021844,394738,22.578,0,False,45.9,134.10000000000002,0.0,0.0,0.0,0.0,65027
1789388415.8743215,22.424571600044146,0.01966109999921173,394759,22.599,0,False,45.9,134.10000000000002,0.0,0.0,0.0,0.0,65027
1789388415.894019,22.444178700097837,0.019607100053690374,394779,22.619,0,False,45.9,134.10000000000002,0.0,0.0,0.0,0.0,65027
1789388415.915055,22.46601690002717,0.021838199929334223,394799,22.639,0,False,45.9,134.10000000000002,0.0,0.0,0.0,0.0,65027
1789388415.9343002,22.484838200034574,0.018821300007402897,394819,22.659,0,False,45.9,134.10000000000002,0.0,0.0,0.0,0.0,65027
1789388415.9537158,22.50403670000378,0.01919849996920675,394839,22.679,0,False,45.9,134.10000000000002,0.0,0.0,0.0,0.0,65027
1789388415.9739256,22.524004200007766,0.01996750000398606,394859,22.699,0,False,45.9,134.10000000000002,0.0,0.0,0.0,0.0,65027
1789388415.9932764,22.54406750004273,0.020063300034962595,394879,22.719,0,False,45.9,134.10000000000002,0.0,0.0,0.0,0.0,65027
1789388416.0153897,22.565852800034918,0.02178529999218881,394900,22.74,0,False,45.9,134.10000000000002,0.0,0.0,0.0,0.0,65027
1789388416.0334985,22.58474479999859,0.01889199996367097,394920,22.76,0,False,45.9,134.10000000000002,0.0,0.0,0.0,0.0,65027
1789388416.0524614,22.604086500010453,0.019341700011864305,394940,22.78,0,False,45.9,134.10000000000002,0.0,0.0,0.0,0.0,65027
1789388416.0738647,22.62415070005227,0.02006420004181564,394960,22.8,0,False,45.9,134.10000000000002,0.0,0.0,0.0,0.0,65027
1789388416.094218,22.644497400033288,0.0203466999810189,394980,22.82,0,False,45.9,134.10000000000002,0.0,0.0,0.0,0.0,65027
1789388416.114756,22.66495600005146,0.020458600018173456,395001,22.841,0,False,45.9,134.10000000000002,0.0,0.0,0.0,0.0,65027
1789388416.1346383,22.68498800008092,0.020032000029459596,395021,22.861,0,False,45.9,134.10000000000002,0.0,0.0,0.0,0.0,65027
1789388416.154487,22.70476290001534,0.0197748999344185,395041,22.881,0,False,45.9,134.10000000000002,0.0,0.0,0.0,0.0,65027
1789388416.1733809,22.723950700019486,0.019187800004146993,395061,22.901,0,False,45.9,134.10000000000002,0.0,0.0,0.0,0.0,65027
1789388416.1939962,22.744935400085524,0.020984700066037476,395081,22.921,0,False,45.9,134.10000000000002,0.0,0.0,0.0,0.0,65027
1789388416.2144325,22.764945200062357,0.020009799976833165,395101,22.941,0,False,45.6,134.39999999999998,-14.99265361709481,0.0,0.0,0.0,65027
1789388416.2340455,22.78426019998733,0.019314999924972653,395122,22.962,0,False,45.6,134.39999999999998,0.0,0.0,0.0,0.0,65027
1789388416.2542982,22.804625099990517,0.02036490000318736,395142,22.982,0,False,45.6,134.39999999999998,0.0,0.0,0.0,0.0,65027
1789388416.2737043,22.824498300091363,0.01987320010084659,395162,23.002,0,False,45.6,134.39999999999998,0.0,0.0,0.0,0.0,65027
1789388416.2930617,22.84385810000822,0.01935979991685599,395182,23.022,0,False,45.6,134.39999999999998,0.0,0.0,0.0,0.0,65027
1789388416.3162172,22.86651000007987,0.022651900071650743,395202,23.042,0,False,45.6,134.39999999999998,0.0,0.0,0.0,0.0,65027
1789388416.3343725,22.88474370003678,0.018233699956908822,395223,23.063,0,False,45.6,134.39999999999998,0.0,0.0,0.0,0.0,65027
1789388416.353813,22.904066000017338,0.019322299980558455,395242,23.082,0,False,45.6,134.39999999999998,0.0,0.0,0.0,0.0,65027
1789388416.3733745,22.92385420005303,0.01978820003569126,395263,23.103,0,False,45.6,134.39999999999998,0.0,0.0,0.0,0.0,65027
1789388416.393509,22.943929700064473,0.020075500011444092,395283,23.123,0,False,45.6,134.39999999999998,0.0,0.0,0.0,0.0,65027
1789388416.4155796,22.96579909999855,0.021869399934075773,395303,23.143,0,False,45.6,134.39999999999998,0.0,0.0,0.0,0.0,65027
1789388416.4342232,22.984470000024885,0.018670900026336312,395323,23.163,0,False,45.6,134.39999999999998,0.0,0.0,0.0,0.0,65027
1789388416.4530692,23.003982900059782,0.01951290003489703,395343,23.183,0,False,45.6,134.39999999999998,0.0,0.0,0.0,0.0,65027
1789388416.4747515,23.025768700055778,0.021785799995996058,395363,23.203,0,False,45.6,134.39999999999998,0.0,0.0,0.0,0.0,65027
1789388416.493948,23.044176700059325,0.018408000003546476,395384,23.224,0,False,45.6,134.39999999999998,0.0,0.0,0.0,0.0,65027
1789388416.515005,23.065356700099073,0.021180000039748847,395404,23.244,0,False,45.6,134.39999999999998,0.0,0.0,0.0,0.0,65027
1789388416.5347936,23.085224300040863,0.019867599941790104,395424,23.264,0,False,45.6,134.39999999999998,0.0,0.0,0.0,0.0,65027
1789388416.5548222,23.104907300090417,0.01968300004955381,395444,23.284,0,False,45.6,134.39999999999998,0.0,0.0,0.0,0.0,65027
1789388416.5736344,23.123967900057323,0.01906059996690601,395464,23.304,0,False,45.6,134.39999999999998,0.0,0.0,0.0,0.0,65027
1789388416.5937092,23.14400110009592,0.020033200038596988,395484,23.324,0,False,45.3,134.7,-14.975141236647966,0.0,0.0,0.0,65027
1789388416.6149516,23.165871100034565,0.02186999993864447,395505,23.345,0,False,43.8,136.2,-68.58710581656142,0.0,0.0,0.0,65027
1789388416.6332796,23.184260900015943,0.01838979998137802,395525,23.365,0,False,41.7,138.3,-114.1937379485643,0.0,0.0,0.0,65027
1789388416.6535785,23.204563300008886,0.02030239999294281,395545,23.385,0,False,38.7,141.3,-147.7657814368159,0.0,0.0,0.0,65027
1789388416.6740034,23.224493400077336,0.019930100068449974,395565,23.405,0,False,35.1,144.89999999999998,-180.63130579554473,0.0,0.0,0.0,65027
1789388416.693647,23.24391000007745,0.01941660000011325,395585,23.425,0,False,30.6,149.39999999999998,-231.76045239505132,0.0,0.0,0.0,65027
1789388416.7145238,23.26508390007075,0.021173899993300438,395605,23.445,0,False,25.8,154.2,-226.69418489360785,0.0,0.0,0.0,65027
1789388416.7341208,23.285219000070356,0.02013509999960661,395626,23.466,0,False,20.1,159.89999999999998,-283.08774230628865,0.0,0.0,0.0,65027
1789388416.753093,23.30391250003595,0.01869349996559322,395646,23.486,0,False,14.1,165.89999999999998,-320.96718169649597,0.0,0.0,0.0,65027
1789388416.774701,23.32487080001738,0.020958299981430173,395666,23.506,0,False,8.1,171.89999999999998,-286.2827617371744,0.0,0.0,0.0,65027
1789388416.793065,23.34387910005171,0.019008300034329295,395686,23.526,0,False,1.8,178.2,-331.4341623723379,0.0,0.0,0.0,65027
1789388416.8149657,23.365088600083254,0.021209500031545758,395706,23.546,0,False,355.5,-175.5,-297.03670480820887,0.0,0.0,0.0,65027
1789388416.8336654,23.38454170001205,0.01945309992879629,395727,23.567,0,False,349.5,-169.5,-308.4341324499259,0.0,0.0,0.0,65027
1789388416.8539011,23.404032799997367,0.019491099985316396,395747,23.587,0,False,343.8,-163.8,-292.4411656753123,0.0,0.0,0.0,65027
1789388416.8730524,23.423899400047958,0.019866600050590932,395767,23.607,0,False,338.4,-158.39999999999998,-271.81299196887045,0.0,0.0,0.0,65027
1789388416.893515,23.444562599994242,0.020663199946284294,395787,23.627,0,False,333.6,-153.60000000000002,-232.2970310735004,0.0,0.0,0.0,65027
1789388416.9144332,23.464900900027715,0.02033830003347248,395807,23.647,0,False,329.4,-149.39999999999998,-206.5069348513763,0.0,0.0,0.0,65027
1789388416.9343235,23.48510300007183,0.020202100044116378,395828,23.668,0,False,326.1,-146.10000000000002,-163.34935441333192,0.0,0.0,0.0,65027
1789388416.9530194,23.50401590007823,0.01891290000639856,395847,23.687,0,False,323.4,-143.39999999999998,-142.75970364600823,0.0,0.0,0.0,65027
1789388416.9734108,23.52407500008121,0.020059100002981722,395868,23.708,0,False,321.3,-141.3,-104.69063914571478,0.0,0.0,0.0,65027
1789388416.994501,23.54491370008327,0.02083870000205934,395888,23.728,0,False,320.4,-140.39999999999998,-43.188874541650556,0.0,0.0,0.0,65027
1789388417.01477,23.56541040004231,0.020496699959039688,395908,23.748,0,False,320.1,-140.10000000000002,-14.63650249061899,0.0,0.0,0.0,65027
1789388417.0344372,23.58485980005935,0.019449400017037988,395929,23.769,0,False,320.7,-140.7,30.849280670578846,0.0,0.0,0.0,65027
1789388417.0538697,23.603994000004604,0.019134199945256114,395948,23.788,0,False,322.2,-142.2,78.39366183543466,0.0,0.0,0.0,65027
1789388417.0729892,23.623944399994798,0.019950399990193546,395968,23.808,0,False,324.3,-144.3,105.26104744928725,0.0,0.0,0.0,65027
1789388417.0941794,23.644445300102234,0.020500900107435882,395989,23.829,0,False,327.3,-147.3,146.33503818263424,0.0,0.0,0.0,65027
1789388417.1145682,23.6652841999894,0.020838899887166917,396009,23.849,0,False,331.2,-151.2,187.14999453506127,0.0,0.0,0.0,65027
1789388417.1338038,23.684809700003825,0.019525500014424324,396029,23.869,0,False,335.4,-155.39999999999998,215.1033262603912,0.0,0.0,0.0,65027
1789388417.1532106,23.70410100009758,0.019291300093755126,396049,23.889,0,False,340.2,-160.2,248.81682295501903,0.0,0.0,0.0,65027
1789388417.1734662,23.724077900056727,0.019976899959146976,396069,23.909,0,False,345.6,-165.60000000000002,270.31221115604046,0.0,0.0,0.0,65027
1789388417.193843,23.743925100076012,0.019847200019285083,396089,23.929,0,False,351.0,-171.0,272.07868085941175,0.0,0.0,0.0,65027
1789388417.2150185,23.765552500030026,0.021627399954013526,396110,23.95,0,False,356.7,-176.7,263.55456560288957,0.0,0.0,0.0,65027
1789388417.2353163,23.785683599999174,0.020131099969148636,396130,23.97,0,False,2.7,177.3,298.0463069179099,0.0,0.0,0.0,65027
1789388417.2545266,23.804611500003375,0.018927900004200637,396150,23.99,0,False,8.4,171.60000000000002,301.142757449849,0.0,0.0,0.0,65027
1789388417.2731771,23.823898900067434,0.019287400064058602,396170,24.01,0,False,14.1,165.89999999999998,295.52972308702925,0.0,0.0,0.0,65027
1789388417.2934353,23.84390760003589,0.020008699968457222,396190,24.03,0,False,19.2,160.8,254.8891236332148,0.0,0.0,0.0,65027
1789388417.3150382,23.865860700025223,0.02195309998933226,396210,24.05,0,False,24.3,155.7,232.31343192889634,0.0,0.0,0.0,65027
1789388417.3341672,23.88461599999573,0.018755299970507622,396231,24.071,0,False,28.5,151.5,223.93670091144446,0.0,0.0,0.0,65027
1789388417.353931,23.904092200100422,0.019476200104691088,396251,24.091,0,False,32.4,147.60000000000002,200.24439978210336,0.0,0.0,0.0,65027
1789388417.3735218,23.924199300003238,0.020107099902816117,396271,24.111,0,False,35.4,144.60000000000002,149.20102921355817,0.0,0.0,0.0,65027
1789388417.3931296,23.94400930008851,0.019810000085271895,396291,24.131,0,False,37.8,142.2,121.15093335028955,0.0,0.0,0.0,65027
1789388417.4157636,23.966380800004117,0.022371499915607274,396311,24.151,0,False,39.3,140.7,67.04959460288752,0.0,0.0,0.0,65027
1789388417.4334612,23.984381700051017,0.018000900046899915,396332,24.172,0,False,39.9,140.10000000000002,33.33166666315251,0.0,0.0,0.0,65027
1789388417.4543462,24.004586499999277,0.020204799948260188,396352,24.192,0,False,39.9,140.10000000000002,0.0,0.0,0.0,0.0,65027
1789388417.4740403,24.024912200053222,0.020325700053945184,396372,24.212,0,False,39.0,141.0,-44.27891770573074,0.0,0.0,0.0,65027
1789388417.4944384,24.04484930005856,0.019937100005336106,396392,24.232,0,False,37.5,142.5,-75.23661914714424,0.0,0.0,0.0,65027
1789388417.514878,24.065501200035214,0.02065189997665584,396412,24.252,0,False,35.1,144.89999999999998,-116.21206778615424,0.0,0.0,0.0,65027
1789388417.5342271,24.08475979999639,0.019258599961176515,396433,24.273,0,False,31.8,148.2,-171.3520197030155,0.0,0.0,0.0,65027
1789388417.5532951,24.104029800044373,0.01927000004798174,396453,24.293,0,False,28.2,151.8,-186.81888900031652,0.0,0.0,0.0,65027
1789388417.5734947,24.123897400102578,0.019867600058205426,396473,24.313,0,False,24.0,156.0,-211.3994638353597,0.0,0.0,0.0,65027
1789388417.5930963,24.14392540010158,0.020027999999001622,396493,24.333,0,False,19.2,160.8,-239.66446975430833,0.0,0.0,0.0,65027
1789388417.6147728,24.16530590003822,0.021380499936640263,396513,24.353,0,False,14.1,165.89999999999998,-238.53511447877815,0.0,0.0,0.0,65027
1789388417.634386,24.18468330008909,0.019377400050871074,396533,24.373,0,False,8.4,171.60000000000002,-294.15711008886126,0.0,0.0,0.0,65027
1789388417.6532643,24.20386640005745,0.019183099968358874,396553,24.393,0,False,3.3,176.7,-265.859011755768,0.0,0.0,0.0,65027
1789388417.674408,24.224485700018704,0.020619299961254,396573,24.413,0,False,357.6,-177.60000000000002,-276.4400348562265,0.0,0.0,0.0,65027
1789388417.6936557,24.244104200042784,0.019618500024080276,396594,24.434,0,False,352.2,-172.2,-275.25040106898734,0.0,0.0,0.0,65027
1789388417.7144175,24.265292900032364,0.021188699989579618,396614,24.454,0,False,347.1,-167.10000000000002,-240.69433247476687,0.0,0.0,0.0,65027
1789388417.7350302,24.285336600034498,0.020043700002133846,396634,24.474,0,False,342.3,-162.3,-239.47674329036082,0.0,0.0,0.0,65027
1789388417.753565,24.304591300082393,0.019254700047895312,396654,24.494,0,False,338.1,-158.10000000000002,-218.1285602763301,0.0,0.0,0.0,65027
1789388417.7744334,24.325059300055727,0.020467999973334372,396674,24.514,0,False,334.2,-154.2,-190.5413330604328,0.0,0.0,0.0,65027
1789388417.7936997,24.344099300098605,0.01904000004287809,396694,24.534,0,False,330.9,-150.89999999999998,-173.31932734077782,0.0,0.0,0.0,65027
1789388417.814511,24.365309900022112,0.02121059992350638,396715,24.555,0,False,328.5,-148.5,-113.1509720920344,0.0,0.0,0.0,65027
1789388417.8341458,24.3849641000852,0.019654200063087046,396735,24.575,0,False,326.7,-146.7,-91.58347804653867,0.0,0.0,0.0,65027
1789388417.853369,24.404059200081974,0.01909509999677539,396755,24.595,0,False,325.5,-145.5,-62.843347256763984,0.0,0.0,0.0,65027
1789388417.8740282,24.424099800060503,0.020040599978528917,396775,24.615,0,False,325.2,-145.2,-14.969611704311506,0.0,0.0,0.0,65027
1789388417.893875,24.444794500013813,0.02069469995331019,396795,24.635,0,False,325.5,-145.5,14.496465311255953,0.0,0.0,0.0,65027
1789388417.9146543,24.46554810006637,0.020753600052557886,396815,24.655,0,False,326.7,-146.7,57.821293508645425,0.0,0.0,0.0,65027
1789388417.9343069,24.48512770002708,0.019579599960707128,396836,24.676,0,False,328.8,-148.8,107.25448958172586,0.0,0.0,0.0,65027
1789388417.9532843,24.504100500023924,0.018972799996845424,396856,24.696,0,False,331.2,-151.2,126.49687976466421,0.0,0.0,0.0,65027
1789388417.9733613,24.524317300063558,0.02021680003963411,396876,24.716,0,False,334.5,-154.5,163.23058018729537,0.0,0.0,0.0,65027
1789388417.9939322,24.54434060002677,0.020023299963213503,396896,24.736,0,False,338.1,-158.10000000000002,179.79054434653065,0.0,0.0,0.0,65027
1789388418.01513,24.565933800069615,0.02159320004284382,396916,24.756,0,False,342.3,-162.3,194.5056773274282,0.0,0.0,0.0,65027
1789388418.0339444,24.584879200090654,0.01894540002103895,396937,24.777,0,False,347.1,-167.10000000000002,253.35965430498118,0.0,0.0,0.0,65027
1789388418.0530522,24.604081900091842,0.019202700001187623,396957,24.797,0,False,351.9,-171.89999999999998,249.96484867769067,0.0,0.0,0.0,65027
1789388418.0727654,24.624402899993584,0.020320999901741743,396977,24.817,0,False,357.0,-177.0,250.97190220265165,0.0,0.0,0.0,65027
1789388418.0945294,24.644749900093302,0.02034700009971857,396997,24.837,0,False,2.1,177.89999999999998,250.65120042293427,0.0,0.0,0.0,65027
1789388418.1143544,24.664876500028186,0.020126599934883416,397017,24.857,0,False,7.2,172.8,253.39600411894094,0.0,0.0,0.0,65027
1789388418.1341832,24.684352400014177,0.01947589998599142,397037,24.877,0,False,12.0,168.0,246.45844368951086,0.0,0.0,0.0,65027
1789388418.154058,24.704512900090776,0.02016050007659942,397057,24.897,0,False,16.8,163.2,238.08933219724247,0.0,0.0,0.0,65027
1789388418.1731067,24.724126400076784,0.01961349998600781,397078,24.918,0,False,21.0,159.0,214.1382212759707,0.0,0.0,0.0,65027
1789388418.19334,24.743990499991924,0.019864099915139377,397098,24.938,0,False,24.9,155.10000000000002,196.33409098126967,0.0,0.0,0.0,65027
1789388418.2155104,24.765641600009985,0.021651100018061697,397118,24.958,0,False,28.2,151.8,152.41719807525243,0.0,0.0,0.0,65027
1789388418.234222,24.784464200027287,0.018822600017301738,397138,24.978,0,False,30.9,149.10000000000002,143.4445824444098,0.0,0.0,0.0,65027
1789388418.2541258,24.805122300051153,0.0206581000238657,397158,24.998,0,False,33.0,147.0,101.6550407624092,0.0,0.0,0.0,65027
1789388418.2733247,24.824228400015272,0.019106099964119494,397178,25.018,0,False,34.2,145.8,62.807166415623364,0.0,0.0,0.0,65027
1789388418.2935557,24.844164600013755,0.019936199998483062,397199,25.039,0,False,35.1,144.89999999999998,45.14400939338923,0.0,0.0,0.0,65027
1789388418.3161507,24.866210700012743,0.02204609999898821,397219,25.059,0,False,35.1,144.89999999999998,0.0,0.0,0.0,0.0,65027
1789388418.3343341,24.884518400067464,0.018307700054720044,397239,25.079,0,False,34.2,145.8,-49.15964306330057,0.0,0.0,0.0,65027
1789388418.3532073,24.904217100003734,0.019698699936270714,397259,25.099,0,False,32.7,147.3,-76.14715716533598,0.0,0.0,0.0,65027
1789388418.3738642,24.92447790002916,0.02026080002542585,397279,25.119,0,False,30.6,149.39999999999998,-103.6484244138753,0.0,0.0,0.0,65027
1789388418.3935797,24.944074400002137,0.019596499972976744,397300,25.14,0,False,27.9,152.10000000000002,-137.77970574966167,0.0,0.0,0.0,65027
1789388418.4152424,24.966043599997647,0.02196919999551028,397320,25.16,0,False,24.6,155.39999999999998,-150.21029444287518,0.0,0.0,0.0,65027
1789388418.4341185,24.984561400022358,0.018517800024710596,397340,25.18,0,False,20.7,159.3,-210.6081713160177,0.0,0.0,0.0,65027
1789388418.4542298,25.004620400024578,0.020059000002220273,397360,25.2,0,False,16.8,163.2,-194.42644197459126,0.0,0.0,0.0,65027
1789388418.4739058,25.024131700047292,0.01951130002271384,397380,25.22,0,False,12.3,167.7,-230.63558013875962,0.0,0.0,0.0,65027
1789388418.4934998,25.043932800064795,0.019801100017502904,397400,25.24,0,False,7.5,172.5,-242.41077494468078,0.0,0.0,0.0,65027
1789388418.5146792,25.065777000039816,0.021844199975021183,397420,25.26,0,False,2.7,177.3,-219.7379627310135,0.0,0.0,0.0,65027
1789388418.5340374,25.084608800010756,0.018831799970939755,397441,25.281,0,False,357.9,-177.89999999999998,-254.88800897455698,0.0,0.0,0.0,65027
1789388418.5545862,25.105140800005756,0.02053199999500066,397461,25.301,0,False,353.1,-173.10000000000002,-233.78141443447825,0.0,0.0,0.0,65027
1789388418.5736606,25.12438470008783,0.019243900082074106,397481,25.321,0,False,348.9,-168.89999999999998,-218.2509773012379,0.0,0.0,0.0,65027
1789388418.5938103,25.144193900050595,0.01980919996276498,397501,25.341,0,False,344.7,-164.7,-212.02269692338197,0.0,0.0,0.0,65027
1789388418.6153955,25.165912299999036,0.021718399948440492,397521,25.361,0,False,340.8,-160.8,-179.57123955993913,0.0,0.0,0.0,65027
1789388418.6334603,25.18441280000843,0.018500500009395182,397542,25.382,0,False,337.5,-157.5,-178.37355738083616,0.0,0.0,0.0,65027
1789388418.6547487,25.205248200101778,0.020835400093346834,397562,25.402,0,False,334.8,-154.8,-129.58714437464312,0.0,0.0,0.0,65027
1789388418.6743383,25.224869700032286,0.019621499930508435,397582,25.422,0,False,332.7,-152.7,-107.02545714840299,0.0,0.0,0.0,65027
1789388418.694158,25.244259600061923,0.01938990002963692,397602,25.442,0,False,331.2,-151.2,-77.35986249064162,0.0,0.0,0.0,65027
1789388418.7159214,25.26652910001576,0.022269499953836203,397622,25.462,0,False,330.3,-150.3,-40.414019257982524,0.0,0.0,0.0,65027
1789388418.7343376,25.284806900075637,0.018277800059877336,397643,25.483,0,False,330.0,-150.0,-16.41335385096803,0.0,0.0,0.0,65027
1789388418.7536826,25.3040120000951,0.019205100019462407,397663,25.503,0,False,330.6,-150.60000000000002,31.24170139140041,0.0,0.0,0.0,65027
1789388418.773974,25.324202900053933,0.020190899958834052,397683,25.523,0,False,331.5,-151.5,44.57453614424965,0.0,0.0,0.0,65027
1789388418.7945285,25.345263900002465,0.02106099994853139,397703,25.543,0,False,333.3,-153.3,85.46602746302783,0.0,0.0,0.0,65027
1789388418.8157492,25.36628290009685,0.021019000094383955,397723,25.563,0,False,335.7,-155.7,114.18240588148771,0.0,0.0,0.0,65027
1789388418.8341968,25.385115900076926,0.018832999980077147,397744,25.584,0,False,338.7,-158.7,159.29485494470387,0.0,0.0,0.0,65027
1789388418.8536706,25.404195100069046,0.019079199992120266,397763,25.603,0,False,342.0,-162.0,172.9632270411189,0.0,0.0,0.0,65027
1789388418.8737886,25.424778199987486,0.020583099918439984,397784,25.624,0,False,345.6,-165.60000000000002,174.90076879891427,0.0,0.0,0.0,65027
1789388418.8935065,25.44406110001728,0.01928290002979338,397804,25.644,0,False,349.8,-169.8,217.8095615032337,0.0,0.0,0.0,65027
1789388418.9161134,25.46622300008312,0.02216190006583929,397824,25.664,0,False,354.0,-174.0,189.51443637605496,0.0,0.0,0.0,65027
1789388418.9337993,25.484626900055446,0.018403899972327054,397844,25.684,0,False,358.5,-178.5,244.513391551052,0.0,0.0,0.0,65027
1789388418.9534976,25.504227700061165,0.019600800005719066,397864,25.704,0,False,2.7,177.3,214.27696822448698,0.0,0.0,0.0,65027
1789388418.9750378,25.525256199995056,0.021028499933891,397884,25.724,0,False,7.2,172.8,213.99529277632809,0.0,0.0,0.0,65027
1789388418.994224,25.54440200002864,0.019145800033584237,397904,25.744,0,False,11.4,168.60000000000002,219.3692607586332,0.0,0.0,0.0,65027
1789388419.014336,25.565399300074205,0.02099730004556477,397925,25.765,0,False,15.3,164.7,185.7381659326146,0.0,0.0,0.0,65027
1789388419.0343645,25.584989299997687,0.019589999923482537,397945,25.785,0,False,19.2,160.8,199.08116463671217,0.0,0.0,0.0,65027
1789388419.0535407,25.603916199994273,0.018926899996586144,397965,25.805,0,False,22.2,157.8,158.5045623182408,0.0,0.0,0.0,65027
1789388419.0740392,25.62416490004398,0.020248700049705803,397985,25.825,0,False,24.9,155.10000000000002,133.34189322633665,0.0,0.0,0.0,65027
1789388419.0933504,25.64464300009422,0.020478100050240755,398005,25.845,0,False,27.3,152.7,117.19837260838999,0.0,0.0,0.0,65027
1789388419.114562,25.665151600027457,0.020508599933236837,398025,25.865,0,False,28.8,151.2,73.14004880309045,0.0,0.0,0.0,65027
1789388419.134423,25.68464320001658,0.019491599989123642,398046,25.886,0,False,30.0,150.0,61.56498187268318,0.0,0.0,0.0,65027
1789388419.1577787,25.70799980009906,0.023356600082479417,398066,25.906,0,False,30.3,149.7,12.844335174666607,0.0,0.0,0.0,65027
1789388419.1733115,25.724197100033052,0.016197299933992326,398086,25.926,0,False,30.3,149.7,0.0,0.0,0.0,0.0,65027
1789388419.1930254,25.744038600008935,0.01984149997588247,398106,25.946,0,False,29.4,150.60000000000002,-45.35947388523872,0.0,0.0,0.0,65027
1789388419.214614,25.765025700093247,0.02098710008431226,398126,25.966,0,False,27.9,152.10000000000002,-71.4724756623828,0.0,0.0,0.0,65027
1789388419.2334561,25.78430759999901,0.019281899905763566,398147,25.987,0,False,25.8,154.2,-108.91042948378141,0.0,0.0,0.0,65027
1789388419.2530577,25.80490310001187,0.020595500012859702,398167,26.007,0,False,23.4,156.60000000000002,-116.53030994641843,0.0,0.0,0.0,65027
1789388419.273655,25.824102799990214,0.019199699978344142,398187,26.027,0,False,20.4,159.60000000000002,-156.2524416206389,0.0,0.0,0.0,65027
1789388419.2933884,25.84405690000858,0.01995410001836717,398207,26.047,0,False,17.1,162.89999999999998,-165.37954590597707,0.0,0.0,0.0,65027
1789388419.3159795,25.866465700091794,0.022408800083212554,398227,26.067,0,False,13.5,166.5,-160.65117215700081,0.0,0.0,0.0,65027
1789388419.3325903,25.884213600074872,0.01774789998307824,398248,26.088,0,False,9.3,170.7,-236.6477162934479,0.0,0.0,0.0,65027
1789388419.3536727,25.904170699999668,0.01995709992479533,398268,26.108,0,False,5.4,174.60000000000002,-195.41917486490723,0.0,0.0,0.0,65027
1789388419.3738153,25.923899400047958,0.019728700048290193,398288,26.128,0,False,1.2,178.8,-212.88782280229282,0.0,0.0,0.0,65027
1789388419.3934026,25.943936900002882,0.020037499954923987,398308,26.148,0,False,357.0,-177.0,-209.60698737109382,0.0,0.0,0.0,65027
1789388419.4166114,25.96670750004705,0.022770600044168532,398328,26.168,0,False,353.1,-173.10000000000002,-171.2734838974414,0.0,0.0,0.0,65027
1789388419.4333382,25.984582800068893,0.017875300021842122,398349,26.189,0,False,349.2,-169.2,-218.17815618392754,0.0,0.0,0.0,65027
1789388419.4536734,26.00471390003804,0.020131099969148636,398369,26.209,0,False,345.9,-165.89999999999998,-163.925468804851,0.0,0.0,0.0,65027
1789388419.4729125,26.023965900065377,0.01925200002733618,398389,26.229,0,False,342.9,-162.89999999999998,-155.82796570435585,0.0,0.0,0.0,65027
1789388419.4935687,26.04397020000033,0.02000429993495345,398409,26.249,0,False,340.2,-160.2,-134.9709816779085,0.0,0.0,0.0,65027
1789388419.5146902,26.065651300013997,0.021681100013665855,398429,26.269,0,False,337.8,-157.8,-110.69549047268029,0.0,0.0,0.0,65027
1789388419.5340953,26.08426610007882,0.01861480006482452,398449,26.289,0,False,336.3,-156.3,-80.58104276040422,0.0,0.0,0.0,65027
1789388419.552322,26.10390800004825,0.019641899969428778,398469,26.309,0,False,335.1,-155.10000000000002,-61.09388612444333,0.0,0.0,0.0,65027
1789388419.573847,26.124638200039044,0.020730199990794063,398489,26.329,0,False,334.5,-154.5,-28.943280830212576,0.0,0.0,0.0,65027
1789388419.593413,26.143994400044903,0.019356200005859137,398510,26.35,0,False,334.5,-154.5,0.0,0.0,0.0,0.0,65027
1789388419.6145868,26.165048700058833,0.021054300013929605,398530,26.37,0,False,335.1,-155.10000000000002,28.49774153512871,0.0,0.0,0.0,65027
1789388419.634709,26.184776200097986,0.0197275000391528,398550,26.39,0,False,336.3,-156.3,60.8287921742933,0.0,0.0,0.0,65027
1789388419.6538353,26.203906500013545,0.01913029991555959,398570,26.41,0,False,338.1,-158.10000000000002,94.09157242411997,0.0,0.0,0.0,65027
1789388419.6737819,26.224825800047256,0.020919300033710897,398590,26.43,0,False,340.2,-160.2,100.3857680044682,0.0,0.0,0.0,65027
1789388419.693432,26.244156300090253,0.0193305000429973,398611,26.451,0,False,342.9,-162.89999999999998,139.67564180928136,0.0,0.0,0.0,65027
1789388419.7158291,26.26643850002438,0.022282199934124947,398631,26.471,0,False,345.9,-165.89999999999998,134.63661617206535,0.0,0.0,0.0,65027
1789388419.736431,26.28650759998709,0.020069099962711334,398651,26.491,0,False,349.5,-169.5,179.3802415997166,0.0,0.0,0.0,65027
1789388419.7565825,26.306640000082552,0.0201324000954628,398671,26.511,0,False,352.8,-172.8,163.91488269417644,0.0,0.0,0.0,65027
1789388419.7747803,26.325592700042762,0.01895269996020943,398691,26.531,0,False,356.7,-176.7,205.77543084562618,0.0,0.0,0.0,65027
1789388419.794879,26.345520100090653,0.019927400047890842,398711,26.551,0,False,0.3,179.7,180.6557800489911,0.0,0.0,0.0,65027
1789388419.8158977,26.36673830007203,0.02121819998137653,398732,26.572,0,False,4.2,175.8,183.80446990899713,0.0,0.0,0.0,65027
1789388419.8355072,26.38642210001126,0.019683799939230084,398752,26.592,0,False,7.8,172.2,182.89151541441674,0.0,0.0,0.0,65027
1789388419.8541977,26.40505599998869,0.0186338999774307,398773,26.613,0,False,11.4,168.60000000000002,193.19627154596185,0.0,0.0,0.0,65027
1789388419.8737864,26.424778199987486,0.019722199998795986,398792,26.632,0,False,14.7,165.3,167.32413220642078,0.0,0.0,0.0,65027
1789388419.8933613,26.444088499993086,0.019310300005599856,398812,26.652,0,False,17.7,162.3,155.35750346343767,0.0,0.0,0.0,65027
1789388419.915232,26.465380800073035,0.0212923000799492,398832,26.672,0,False,20.4,159.60000000000002,126.80640371692668,0.0,0.0,0.0,65027
1789388419.93545,26.48551590007264,0.02013509999960661,398853,26.693,0,False,22.5,157.5,104.29548400757996,0.0,0.0,0.0,65027
1789388419.9541066,26.504601900000125,0.0190859999274835,398873,26.713,0,False,24.0,156.0,78.5916381483386,0.0,0.0,0.0,65027
1789388419.9726295,26.524028100073338,0.019426200073212385,398893,26.733,0,False,25.2,154.8,61.77224549718912,0.0,0.0,0.0,65027
1789388419.9943805,26.54454320005607,0.020515099982731044,398913,26.753,0,False,25.8,154.2,29.246749979529962,0.0,0.0,0.0,65027
1789388420.0160756,26.566311400034465,0.021768199978396297,398933,26.773,0,False,26.1,153.89999999999998,13.781571296558482,0.0,0.0,0.0,65027
1789388420.0336995,26.584894100087695,0.018582700053229928,398954,26.794,0,False,25.5,154.5,-32.28809582468109,0.0,0.0,0.0,65027
1789388420.0538075,26.60409310006071,0.019198999973013997,398974,26.814,0,False,24.6,155.39999999999998,-46.877441599304156,0.0,0.0,0.0,65027
1789388420.0732353,26.62418740009889,0.020094300038181245,398994,26.834,0,False,23.1,156.89999999999998,-74.64803437541218,0.0,0.0,0.0,65027
1789388420.0938628,26.644754600012675,0.02056719991378486,399014,26.854,0,False,21.3,158.7,-87.51799017588135,0.0,0.0,0.0,65027
1789388420.115597,26.665811900049448,0.021057300036773086,399034,26.874,0,False,18.9,161.10000000000002,-113.97472590544862,0.0,0.0,0.0,65027
1789388420.1353493,26.68551900004968,0.019707100000232458,399055,26.895,0,False,16.2,163.8,-137.00645959923784,0.0,0.0,0.0,65027
1789388420.1540241,26.704323600046337,0.01880459999665618,399075,26.915,0,False,13.2,166.8,-159.53543284799773,0.0,0.0,0.0,65027
1789388420.1741204,26.724509000079706,0.02018540003336966,399095,26.935,0,False,9.9,170.10000000000002,-163.4844984268129,0.0,0.0,0.0,65027
1789388420.1933904,26.74410180002451,0.01959279994480312,399115,26.955,0,False,6.3,173.7,-183.74096658680344,0.0,0.0,0.0,65027
1789388420.2149534,26.765471799997613,0.021369999973103404,399135,26.975,0,False,3.0,177.0,-154.42208723226204,0.0,0.0,0.0,65027
1789388420.234858,26.78544830007013,0.0199765000725165,399156,26.996,0,False,359.4,-179.39999999999998,-180.2117481506619,0.0,0.0,0.0,65027
1789388420.254463,26.80479190009646,0.019343600026331842,399175,27.015,0,False,356.1,-176.10000000000002,-170.59906095596307,0.0,0.0,0.0,65027
1789388420.2734892,26.824059500009753,0.019267599913291633,399196,27.036,0,False,352.8,-172.8,-171.27198067484923,0.0,0.0,0.0,65027
1789388420.2932515,26.84408190008253,0.02002240007277578,399216,27.056,0,False,349.5,-169.5,-164.81540614538923,0.0,0.0,0.0,65027
1789388420.31486,26.865465800045058,0.02138389996252954,399236,27.076,0,False,346.8,-166.8,-126.26321694036773,0.0,0.0,0.0,65027
1789388420.3337233,26.884728700038977,0.019262899993918836,399256,27.096,0,False,344.4,-164.39999999999998,-124.59183200648384,0.0,0.0,0.0,65027
1789388420.3540137,26.904449500027113,0.019720799988135695,399276,27.116,0,False,342.3,-162.3,-106.48655233374684,0.0,0.0,0.0,65027
1789388420.373614,26.924072400084697,0.019622900057584047,399296,27.136,0,False,340.5,-160.5,-91.72956060102493,0.0,0.0,0.0,65027
1789388420.3933737,26.943938500015065,0.019866099930368364,399317,27.157,0,False,339.6,-159.60000000000002,-45.30330578999001,0.0,0.0,0.0,65027
1789388420.4151824,26.966213900013827,0.022275399998761714,399337,27.177,0,False,339.0,-159.0,-26.935543246513046,0.0,0.0,0.0,65027
1789388420.4345868,26.98489600000903,0.018682099995203316,399357,27.197,0,False,338.7,-158.7,-16.05815192494619,0.0,0.0,0.0,65027
1789388420.4544349,27.005168800009415,0.02027280000038445,399377,27.217,0,False,339.0,-159.0,14.79815319020176,0.0,0.0,0.0,65027
1789388420.473621,27.024217800004408,0.01904899999499321,399397,27.237,0,False,339.9,-159.89999999999998,47.24657463575678,0.0,0.0,0.0,65027
1789388420.494351,27.04441339999903,0.02019559999462217,399417,27.257,0,False,341.1,-161.10000000000002,59.41888333694419,0.0,0.0,0.0,65027
1789388420.516448,27.067154900054447,0.02274150005541742,399438,27.278,0,False,342.9,-162.89999999999998,79.15045162428339,0.0,0.0,0.0,65027
1789388420.534154,27.084815200068988,0.017660300014540553,399458,27.298,0,False,345.0,-165.0,118.91077718221062,0.0,0.0,0.0,65027
1789388420.5544925,27.104902500053868,0.020087299984879792,399478,27.318,0,False,347.4,-167.39999999999998,119.47847654022775,0.0,0.0,0.0,65027
1789388420.5752215,27.125512900063768,0.02061040000990033,399498,27.338,0,False,350.1,-170.10000000000002,131.00182425877634,0.0,0.0,0.0,65027
1789388420.5934522,27.14426370000001,0.0187507999362424,399518,27.358,0,False,353.1,-173.10000000000002,159.99317416861044,0.0,0.0,0.0,65027
1789388420.6147456,27.16511930001434,0.020855600014328957,399539,27.379,0,False,356.1,-176.10000000000002,143.84625702155935,0.0,0.0,0.0,65027
1789388420.6349552,27.185636600013822,0.02051729999948293,399559,27.399,0,False,359.4,-179.39999999999998,160.83987659600044,0.0,0.0,0.0,65027
1789388420.6541138,27.20429060002789,0.018654000014066696,399579,27.419,0,False,2.4,177.60000000000002,160.823415768079,0.0,0.0,0.0,65027
1789388420.6739528,27.224909200100228,0.020618600072339177,399599,27.439,0,False,5.7,174.3,160.0496633341813,0.0,0.0,0.0,65027
1789388420.6935704,27.244007500004955,0.019098299904726446,399619,27.459,0,False,8.7,171.3,157.08204473517353,0.0,0.0,0.0,65027
1789388420.7144272,27.26552030001767,0.02151280001271516,399639,27.479,0,False,11.4,168.60000000000002,125.50667502157557,0.0,0.0,0.0,65027
1789388420.7343667,27.2847612000769,0.019240900059230626,399660,27.5,0,False,14.1,165.89999999999998,140.3260757910694,0.0,0.0,0.0,65027
1789388420.753978,27.3041160000721,0.019354799995198846,399680,27.52,0,False,16.5,163.5,124.00024803125581,0.0,0.0,0.0,65027
1789388420.7728522,27.324405600083992,0.020289600011892617,399700,27.54,0,False,18.3,161.7,88.7154009416131,0.0,0.0,0.0,65027
1789388420.7933602,27.344074700027704,0.019669099943712354,399720,27.56,0,False,20.1,159.89999999999998,91.5141010595871,0.0,0.0,0.0,65027
1789388420.8149025,27.365536199999042,0.021461499971337616,399740,27.58,0,False,21.0,159.0,41.93555908030561,0.0,0.0,0.0,65027
1789388420.834171,27.385063100024126,0.019526900025084615,399761,27.601,0,False,21.9,158.10000000000002,46.09026516466255,0.0,0.0,0.0,65027
1789388420.854518,27.404657900100574,0.019594800076447427,399781,27.621,0,False,21.9,158.10000000000002,0.0,0.0,0.0,0.0,65027
1789388420.8741765,27.424764099996537,0.020106199895963073,399801,27.641,0,False,21.9,158.10000000000002,0.0,0.0,0.0,0.0,65027
1789388420.8938184,27.443952000001445,0.019187900004908442,399821,27.661,0,False,21.3,158.7,-31.269706421573428,0.0,0.0,0.0,65027
1789388420.91495,27.465118000051007,0.021166000049561262,399841,27.681,0,False,20.1,159.89999999999998,-56.69469891288519,0.0,0.0,0.0,65027
1789388420.9335458,27.484446600079536,0.019328600028529763,399861,27.701,0,False,18.6,161.39999999999998,-77.6052066774594,0.0,0.0,0.0,65027
1789388420.95414,27.504900800064206,0.020454199984669685,399881,27.721,0,False,16.8,163.2,-88.0014863132805,0.0,0.0,0.0,65027
1789388420.9746253,27.52513620001264,0.02023539994843304,399901,27.741,0,False,14.4,165.60000000000002,-118.60403086255052,0.0,0.0,0.0,65027
1789388420.99424,27.54478310002014,0.019646900007501245,399922,27.762,0,False,12.0,168.0,-122.15667607020337,0.0,0.0,0.0,65027
1789388421.0149,27.56560209998861,0.020818999968469143,399942,27.782,0,False,9.3,170.7,-129.68922638403387,0.0,0.0,0.0,65027
1789388421.0339692,27.585015000076964,0.019412900088354945,399962,27.802,0,False,6.6,173.39999999999998,-139.08277422287952,0.0,0.0,0.0,65027
1789388421.054164,27.604836000013165,0.01982099993620068,399982,27.822,0,False,3.6,176.39999999999998,-151.354624370936,0.0,0.0,0.0,65027
1789388421.0735734,27.624223300023004,0.019387300009839237,400002,27.842,0,False,0.6,179.39999999999998,-154.74047435576236,0.0,0.0,0.0,65027
1789388421.0936956,27.644675999996252,0.020452699973247945,400022,27.862,0,False,357.9,-177.89999999999998,-132.0119105805901,0.0,0.0,0.0,65027
1789388421.1154606,27.66558300005272,0.02090700005646795,400043,27.883,0,False,354.9,-174.89999999999998,-143.49260974301748,0.0,0.0,0.0,65027
1789388421.1340551,27.68497900001239,0.019395999959670007,400063,27.903,0,False,352.2,-172.2,-139.20395986874013,0.0,0.0,0.0,65027
1789388421.1544194,27.704666700097732,0.01968770008534193,400083,27.923,0,False,349.8,-169.8,-121.90352299133446,0.0,0.0,0.0,65027
1789388421.1733518,27.724155500065535,0.01948879996780306,400103,27.943,0,False,347.7,-167.7,-107.75419746056083,0.0,0.0,0.0,65027
1789388421.1940627,27.74476999999024,0.020614499924704432,400123,27.963,0,False,345.9,-165.89999999999998,-87.31717997402838,0.0,0.0,0.0,65027
1789388421.2163842,27.767123199999332,0.02235320000909269,400143,27.983,0,False,344.4,-164.39999999999998,-67.104486131285,0.0,0.0,0.0,65027
1789388421.2364306,27.78716060006991,0.02003740007057786,400164,28.004,0,False,343.5,-163.5,-44.916006908576044,0.0,0.0,0.0,65027
1789388421.255188,27.80638980004005,0.019229199970141053,400184,28.024,0,False,342.9,-162.89999999999998,-31.20254617621627,0.0,0.0,0.0,65027
1789388421.2759347,27.826375600066967,0.019985800026915967,400204,28.044,0,False,342.6,-162.60000000000002,-15.010657546654533,0.0,0.0,0.0,65027
1789388421.2951155,27.84604550001677,0.01966989994980395,400224,28.064,0,False,342.6,-162.60000000000002,0.0,0.0,0.0,0.0,65027
1789388421.3166912,27.866959000006318,0.020913499989546835,400244,28.084,0,False,343.2,-163.2,28.689602424264855,0.0,0.0,0.0,65027
1789388421.3369215,27.886987500009127,0.02002850000280887,400265,28.105,0,False,344.4,-164.39999999999998,59.914621655725405,0.0,0.0,0.0,65027
1789388421.355547,27.90577770001255,0.018790200003422797,400285,28.125,0,False,345.6,-165.60000000000002,63.86307755007691,0.0,0.0,0.0,65027
1789388421.3751528,27.925918700057082,0.02014100004453212,400305,28.145,0,False,347.4,-167.39999999999998,89.36994171193692,0.0,0.0,0.0,65027
1789388421.3959558,27.946818600059487,0.020899900002405047,400325,28.165,0,False,349.2,-169.2,86.1248139844151,0.0,0.0,0.0,65027
1789388421.4168744,27.967620000010356,0.02080139995086938,400345,28.185,0,False,351.3,-171.3,100.95474366917571,0.0,0.0,0.0,65027
1789388421.4363658,27.9870699000312,0.019449900020845234,400366,28.206,0,False,353.7,-173.7,123.39395047932388,0.0,0.0,0.0,65027
1789388421.456037,28.006841500056908,0.019771600025705993,400386,28.226,0,False,356.4,-176.39999999999998,136.55950942207969,0.0,0.0,0.0,65027
1789388421.4753418,28.02593920007348,0.01909770001657307,400406,28.246,0,False,359.1,-179.10000000000002,141.37828103158878,0.0,0.0,0.0,65027
1789388421.4942067,28.045922900084406,0.01998370001092553,400426,28.266,0,False,1.5,178.5,120.09787970635288,0.0,0.0,0.0,65027
1789388421.5166564,28.0668422000017,0.020919299917295575,400446,28.286,0,False,4.2,175.8,129.06741672400295,0.0,0.0,0.0,65027
1789388421.5355446,28.086422500084154,0.019580300082452595,400466,28.306,0,False,6.9,173.10000000000002,137.89369869870714,0.0,0.0,0.0,65027
1789388421.554683,28.10569590004161,0.019273399957455695,400487,28.327,0,False,9.3,170.7,124.52395557077583,0.0,0.0,0.0,65027
1789388421.5764987,28.126560700009577,0.020864799967966974,400506,28.346,0,False,11.4,168.60000000000002,100.6479814435822,0.0,0.0,0.0,65027
1789388421.5938842,28.144753100001253,0.01819239999167621,400527,28.367,0,False,13.2,166.8,98.9424155594417,0.0,0.0,0.0,65027
1789388421.6168013,28.166951599996537,0.022198499995283782,400547,28.387,0,False,15.0,165.0,81.08655991992401,0.0,0.0,0.0,65027
1789388421.6358988,28.186383399995975,0.019431799999438226,400567,28.407,0,False,16.2,163.8,61.75444374863269,0.0,0.0,0.0,65027
1789388421.654216,28.204469999996945,0.018086600000970066,400587,28.427,0,False,17.1,162.89999999999998,49.76059623985352,0.0,0.0,0.0,65027
1789388421.6753445,28.226207000087015,0.02173700009007007,400607,28.447,0,False,18.0,162.0,41.40405742608177,0.0,0.0,0.0,65027
1789388421.6956604,28.24600420007482,0.01979719998780638,400627,28.467,0,False,18.0,162.0,0.0,0.0,0.0,0.0,65027
1789388421.7172117,28.267305199988186,0.02130099991336465,400648,28.488,0,False,18.0,162.0,0.0,0.0,0.0,0.0,65027
1789388421.7364728,28.28673280007206,0.019427600083872676,400670,28.51,0,False,17.7,162.3,-15.441948501351368,0.0,0.0,0.0,65027
1789388421.7557504,28.306245299987495,0.01951249991543591,400688,28.528,0,False,16.8,163.2,-46.124279508031435,0.0,0.0,0.0,65027
1789388421.7752934,28.325835600029677,0.019590300042182207,400708,28.548,0,False,15.6,164.39999999999998,-61.254804541846006,0.0,0.0,0.0,65027
1789388421.7951055,28.346132500097156,0.02029690006747842,400728,28.568,0,False,14.1,165.89999999999998,-73.9029110363232,0.0,0.0,0.0,65027
1789388421.8163965,28.36714220000431,0.021009699907153845,400748,28.588,0,False,12.3,167.7,-85.67471253538028,0.0,0.0,0.0,65027
1789388421.8366432,28.387183399987407,0.020041199983097613,400769,28.609,0,False,10.5,169.5,-89.81498121460287,0.0,0.0,0.0,65027
1789388421.8553987,28.406223500031047,0.01904010004363954,400789,28.629,0,False,8.4,171.60000000000002,-110.29353812148229,0.0,0.0,0.0,65027
1789388421.8754203,28.42612530000042,0.019901799969375134,400809,28.649,0,False,6.0,174.0,-120.59210743214798,0.0,0.0,0.0,65027
1789388421.895789,28.44593879999593,0.0198134999955073,400829,28.669,0,False,3.6,176.39999999999998,-121.12953292170512,0.0,0.0,0.0,65027
1789388421.9160907,28.46704880008474,0.02111000008881092,400849,28.689,0,False,1.2,178.8,-113.69019374244789,0.0,0.0,0.0,65027
1789388421.9357765,28.486718900036067,0.019670099951326847,400870,28.71,0,False,358.8,-178.8,-122.01259810263878,0.0,0.0,0.0,65027
1789388421.9552789,28.505539800040424,0.0188209000043571,400890,28.73,0,False,356.7,-176.7,-111.57808603806757,0.0,0.0,0.0,65027
1789388421.9759727,28.526130100013688,0.020590299973264337,400910,28.75,0,False,354.3,-174.3,-116.5597394460634,0.0,0.0,0.0,65027
1789388421.9956393,28.54590420005843,0.019774100044742227,400930,28.77,0,False,352.5,-172.5,-91.02816289627384,0.0,0.0,0.0,65027
1789388422.0159922,28.566434300038964,0.020530099980533123,400950,28.79,0,False,350.7,-170.7,-87.67614389149551,0.0,0.0,0.0,65027
1789388422.0355835,28.58587010006886,0.0194358000298962,400970,28.81,0,False,349.2,-169.2,-77.17716778793238,0.0,0.0,0.0,65027
1789388422.0537534,28.60477610002272,0.018905999953858554,400990,28.83,0,False,348.0,-168.0,-63.471913833104544,0.0,0.0,0.0,65027
1789388422.0737038,28.624433399992995,0.019657299970276654,401011,28.851,0,False,347.1,-167.10000000000002,-45.78451778020615,0.0,0.0,0.0,65027
1789388422.0947204,28.644905799999833,0.020472400006838143,401031,28.871,0,False,346.5,-166.5,-29.307750913405958,0.0,0.0,0.0,65027
1789388422.1147158,28.665043500019237,0.020137700019404292,401051,28.891,0,False,346.5,-166.5,0.0,0.0,0.0,0.0,65027
1789388422.1345358,28.685592900030315,0.020549400011077523,401071,28.911,0,False,346.5,-166.5,0.0,0.0,0.0,0.0,65027
1789388422.1542702,28.704723000060767,0.019130100030452013,401091,28.931,0,False,346.8,-166.8,15.682092593476254,0.0,0.0,0.0,65027
1789388422.1733294,28.724248800077476,0.019525800016708672,401111,28.951,0,False,347.4,-167.39999999999998,30.72857447513199,0.0,0.0,0.0,65027
1789388422.1936576,28.744641300057992,0.020392499980516732,401132,28.972,0,False,348.6,-168.60000000000002,58.845163719335126,0.0,0.0,0.0,65027
1789388422.2137628,28.764704400091432,0.020063100033439696,401152,28.992,0,False,349.8,-169.8,59.8112952634397,0.0,0.0,0.0,65027
1789388422.2333982,28.78435410000384,0.019649699912406504,401172,29.012,0,False,351.3,-171.3,76.33704365393001,0.0,0.0,0.0,65027
1789388422.2529964,28.80404250009451,0.019688400090672076,401192,29.032,0,False,353.1,-173.10000000000002,91.4243916067518,0.0,0.0,0.0,65027
1789388422.2737622,28.824210199993104,0.020167699898593128,401212,29.052,0,False,354.9,-174.89999999999998,89.25162557211198,0.0,0.0,0.0,65027
1789388422.2939181,28.844805300002918,0.020595100009813905,401233,29.073,0,False,357.0,-177.0,101.9660015731576,0.0,0.0,0.0,65027
1789388422.3140063,28.864938599988818,0.02013329998590052,401253,29.093,0,False,359.1,-179.10000000000002,104.30480852471608,0.0,0.0,0.0,65027
1789388422.3338313,28.88423690001946,0.019298300030641258,401273,29.113,0,False,1.2,178.8,108.81787497684508,0.0,0.0,0.0,65027
1789388422.3543022,28.904778200085275,0.02054130006581545,401293,29.133,0,False,3.3,176.7,102.23306184474592,0.0,0.0,0.0,65027
1789388422.3734195,28.923880700021982,0.019102499936707318,401313,29.153,0,False,5.4,174.60000000000002,109.93325517382358,0.0,0.0,0.0,65027
1789388422.3929718,28.943891300004907,0.02001059998292476,401333,29.173,0,False,7.2,172.8,89.95232534436593,0.0,0.0,0.0,65027
1789388422.414734,28.965756400022656,0.021865100017748773,401353,29.193,0,False,9.0,171.0,82.32297124362019,0.0,0.0,0.0,65027
1789388422.4341073,28.984302400029264,0.018546000006608665,401374,29.214,0,False,10.5,169.5,80.87997408958759,0.0,0.0,0.0,65027
1789388422.4546714,29.00489340000786,0.020590999978594482,401394,29.234,0,False,12.0,168.0,72.84736057303363,0.0,0.0,0.0,65027
1789388422.472261,29.02379790006671,0.018904500058852136,401414,29.254,0,False,12.9,167.10000000000002,47.60771230120818,0.0,0.0,0.0,65027
1789388422.4929285,29.0439346000785,0.0201367000117898,401434,29.274,0,False,13.8,166.2,44.69451297745243,0.0,0.0,0.0,65027
1789388422.5151918,29.065645900089294,0.02171130001079291,401454,29.294,0,False,14.4,165.60000000000002,27.635378798216973,0.0,0.0,0.0,65027
1789388422.5340889,29.084253999986686,0.018608099897392094,401475,29.315,0,False,14.4,165.60000000000002,0.0,0.0,0.0,0.0,65027
1789388422.5543785,29.10493930010125,0.020685300114564598,401495,29.335,0,False,14.4,165.60000000000002,0.0,0.0,0.0,0.0,65027
1789388422.5739598,29.124480700003915,0.019541399902664125,401515,29.355,0,False,14.1,165.89999999999998,-15.35202193774826,0.0,0.0,0.0,65027
1789388422.5936148,29.144131200038828,0.01965050003491342,401535,29.375,0,False,13.5,166.5,-30.533574155057774,0.0,0.0,0.0,65027
1789388422.6142645,29.164916999987327,0.020785799948498607,401555,29.395,0,False,12.6,167.39999999999998,-43.298790627734014,0.0,0.0,0.0,65027
1789388422.6338902,29.184420000063255,0.019503000075928867,401576,29.416,0,False,11.4,168.60000000000002,-61.528995299603224,0.0,0.0,0.0,65027
1789388422.6529953,29.203900400083512,0.01948040002025664,401596,29.436,0,False,10.2,169.8,-61.60037775159504,0.0,0.0,0.0,65027
1789388422.674378,29.224807200022042,0.02090679993852973,401616,29.456,0,False,8.7,171.3,-71.7469916204444,0.0,0.0,0.0,65027
1789388422.6931124,29.244100100011565,0.019292899989522994,401636,29.476,0,False,6.9,173.10000000000002,-93.29857102755423,0.0,0.0,0.0,65027
1789388422.7147608,29.265771300066262,0.021671200054697692,401656,29.496,0,False,5.1,174.89999999999998,-83.05954425490263,0.0,0.0,0.0,65027
1789388422.7344275,29.28489500004798,0.019123699981719255,401677,29.517,0,False,3.3,176.7,-94.12404512310218,0.0,0.0,0.0,65027
1789388422.7530057,29.30402770009823,0.019132700050249696,401696,29.536,0,False,1.5,178.5,-94.07976894387784,0.0,0.0,0.0,65027
1789388422.7741,29.324195299996063,0.02016759989783168,401716,29.556,0,False,359.7,-179.7,-89.25206812504653,0.0,0.0,0.0,65027
1789388422.7935019,29.344029500032775,0.01983420003671199,401737,29.577,0,False,357.9,-177.89999999999998,-90.75233670469757,0.0,0.0,0.0,65027
1789388422.8142226,29.365630500018597,0.021600999985821545,401757,29.597,0,False,356.1,-176.10000000000002,-83.32947554193962,0.0,0.0,0.0,65027
1789388422.8350046,29.385199600015767,0.01956909999717027,401777,29.617,0,False,354.6,-174.60000000000002,-76.65145562222601,0.0,0.0,0.0,65027
1789388422.853125,29.403964100056328,0.01876450004056096,401797,29.637,0,False,353.4,-173.39999999999998,-63.950544773703,0.0,0.0,0.0,65027
1789388422.874219,29.424684700090438,0.020720600034110248,401817,29.657,0,False,352.2,-172.2,-57.913380791316314,0.0,0.0,0.0,65027
1789388422.8929563,29.443920299992897,0.01923559990245849,401837,29.677,0,False,351.3,-171.3,-46.78824702966237,0.0,0.0,0.0,65027
1789388422.9150777,29.465755100012757,0.021834800019860268,401858,29.698,0,False,350.4,-170.39999999999998,-41.21860512491168,0.0,0.0,0.0,65027
1789388422.9353528,29.485518400091678,0.01976330007892102,401879,29.719,0,False,350.1,-170.10000000000002,-15.179651110996694,0.0,0.0,0.0,65027
1789388422.953966,29.50414279999677,0.018624399905093014,401898,29.738,0,False,349.8,-169.8,-16.107901544681372,0.0,0.0,0.0,65027
1789388422.9744709,29.52464920002967,0.020506400032900274,401918,29.758,0,False,349.8,-169.8,0.0,0.0,0.0,0.0,65027
1789388422.9945457,29.54463310004212,0.01998390001244843,401938,29.778,0,False,350.1,-170.10000000000002,15.012084718855403,0.0,0.0,0.0,65027
1789388423.014336,29.565231900080107,0.02059880003798753,401958,29.798,0,False,350.7,-170.7,29.12791030999226,0.0,0.0,0.0,65027
1789388423.0344422,29.585006200009957,0.019774299929849803,401979,29.819,0,False,351.6,-171.60000000000002,45.513621376879264,0.0,0.0,0.0,65027
1789388423.0551205,29.605175900040194,0.020169700030237436,401999,29.839,0,False,352.5,-172.5,44.621387459939456,0.0,0.0,0.0,65027
1789388423.073051,29.623907300061546,0.018731400021351874,402019,29.859,0,False,353.7,-173.7,64.06355096960782,0.0,0.0,0.0,65027
1789388423.0945492,29.644908200018108,0.021000899956561625,402039,29.879,0,False,354.9,-174.89999999999998,57.140408386406065,0.0,0.0,0.0,65027
1789388423.1149902,29.66540649998933,0.020498299971222878,402059,29.899,0,False,356.4,-176.39999999999998,73.17680013005068,0.0,0.0,0.0,65027
1789388423.1335866,29.684575300081633,0.019168800092302263,402080,29.92,0,False,357.9,-177.89999999999998,78.25215938280688,0.0,0.0,0.0,65027
1789388423.1535547,29.704257200006396,0.019681899924762547,402100,29.94,0,False,359.4,-179.39999999999998,76.21215460570414,0.0,0.0,0.0,65027
1789388423.173295,29.723914400092326,0.019657200085930526,402120,29.96,0,False,1.2,178.8,91.56950085115867,0.0,0.0,0.0,65027
1789388423.1938887,29.74426930001937,0.020354899927042425,402140,29.98,0,False,2.7,177.3,73.69232987518552,0.0,0.0,0.0,65027
1789388423.2147818,29.765120600000955,0.020851299981586635,402160,30.0,0,False,4.2,175.8,71.93796076621697,0.0,0.0,0.0,65027
1789388423.2338736,29.784322199993767,0.01920159999281168,402181,30.021,0,False,5.7,174.3,78.11849015506732,0.0,0.0,0.0,65027
1789388423.2545197,29.804889400023967,0.020567200030200183,402201,30.041,0,False,6.9,173.10000000000002,58.34532645367133,0.0,0.0,0.0,65027
1789388423.2734299,29.824206400080584,0.019317000056616962,402221,30.061,0,False,8.1,171.89999999999998,62.12144724765031,0.0,0.0,0.0,65027
1789388423.2937953,29.844654600019567,0.020448199938982725,402241,30.081,0,False,9.0,171.0,44.0136541448929,0.0,0.0,0.0,65027
1789388423.3143961,29.865020300028846,0.020365700009278953,402261,30.101,0,False,9.9,170.10000000000002,44.19195017062761,0.0,0.0,0.0,65027
1789388423.3351915,29.88578570005484,0.020765400025993586,402282,30.122,0,False,10.5,169.5,28.894218230755488,0.0,0.0,0.0,65027
1789388423.354368,29.904742900049314,0.01895719999447465,402301,30.141,0,False,10.8,169.2,15.825121858051332,0.0,0.0,0.0,65027
1789388423.3738537,29.92396310006734,0.019220200018025935,402321,30.161,0,False,11.1,168.89999999999998,15.608578460091579,0.0,0.0,0.0,65027
1789388423.3929977,29.94390429998748,0.019941199920140207,402342,30.182,0,False,11.1,168.89999999999998,0.0,0.0,0.0,0.0,65027
1789388423.4155507,29.965825300081633,0.021921000094152987,402362,30.202,0,False,10.8,169.2,-13.685506989255964,0.0,0.0,0.0,65027
1789388423.4335585,29.984529900015332,0.018704599933698773,402382,30.222,0,False,10.2,169.8,-32.07767084710623,0.0,0.0,0.0,65027
1789388423.45416,30.00475170009304,0.020221800077706575,402402,30.242,0,False,9.6,170.39999999999998,-29.67094905964684,0.0,0.0,0.0,65027
1789388423.4733,30.023925499990582,0.019173799897544086,402422,30.262,0,False,8.7,171.3,-46.93905249920147,0.0,0.0,0.0,65027
1789388423.493586,30.043944200035185,0.020018700044602156,402442,30.282,0,False,7.8,172.2,-44.95796420320918,0.0,0.0,0.0,65027
1789388423.514242,30.065217800089158,0.021273600053973496,402463,30.303,0,False,6.9,173.10000000000002,-42.3059565713657,0.0,0.0,0.0,65027
1789388423.5342882,30.08477020007558,0.019552399986423552,402483,30.323,0,False,5.7,174.3,-61.373539863813306,0.0,0.0,0.0,65027
1789388423.5536,30.104061900055967,0.0192916999803856,402503,30.343,0,False,4.2,175.8,-77.75364542912709,0.0,0.0,0.0,65027
1789388423.5737045,30.12432030006312,0.020258400007151067,402523,30.363,0,False,3.0,177.0,-59.234687812285145,0.0,0.0,0.0,65027
1789388423.594092,30.144149400060996,0.019829099997878075,402543,30.383,0,False,1.5,178.5,-75.64639848306358,0.0,0.0,0.0,65027
1789388423.6146111,30.165450400090776,0.02130100002977997,402563,30.403,0,False,0.3,179.7,-56.33538323657681,0.0,0.0,0.0,65027
1789388423.6342864,30.184600200038403,0.01914979994762689,402584,30.424,0,False,359.1,-179.10000000000002,-62.66384000260816,0.0,0.0,0.0,65027
1789388423.653909,30.204087999998592,0.019487799960188568,402604,30.444,0,False,357.9,-177.89999999999998,-61.57698675332842,0.0,0.0,0.0,65027
1789388423.6734605,30.224537800066173,0.020449800067581236,402624,30.464,0,False,356.7,-176.7,-58.68028029781723,0.0,0.0,0.0,65027
1789388423.6927598,30.24426210008096,0.019724300014786422,402644,30.484,0,False,355.8,-175.8,-45.62899567159735,0.0,0.0,0.0,65027
1789388423.715873,30.266122000059113,0.021859899978153408,402664,30.504,0,False,354.9,-174.89999999999998,-41.17127712841716,0.0,0.0,0.0,65027
1789388423.7354198,30.2856895000441,0.01956749998498708,402685,30.525,0,False,354.3,-174.3,-30.663089329771733,0.0,0.0,0.0,65027
1789388423.7540529,30.30415990005713,0.018470400013029575,402704,30.544,0,False,353.7,-173.7,-32.48440746149324,0.0,0.0,0.0,65027
1789388423.773156,30.324117200099863,0.01995730004273355,402725,30.565,0,False,353.4,-173.39999999999998,-15.032093487477598,0.0,0.0,0.0,65027
1789388423.793855,30.34412800008431,0.020010799984447658,402745,30.585,0,False,353.4,-173.39999999999998,0.0,0.0,0.0,0.0,65027
1789388423.8149686,30.36505580006633,0.02092779998201877,402765,30.605,0,False,353.4,-173.39999999999998,0.0,0.0,0.0,0.0,65027
1789388423.8357868,30.38594200008083,0.02088620001450181,402785,30.625,0,False,353.4,-173.39999999999998,0.0,0.0,0.0,0.0,65027
1789388423.8531475,30.40412500000093,0.018182999920099974,402805,30.645,0,False,354.0,-174.0,32.997855284416886,0.0,0.0,0.0,65027
1789388423.87405,30.424620300065726,0.02049530006479472,402825,30.665,0,False,354.3,-174.3,14.637502210339859,0.0,0.0,0.0,65027
1789388423.8935401,30.44435650005471,0.01973619998898357,402846,30.686,0,False,355.2,-175.2,45.60148359371828,0.0,0.0,0.0,65027
1789388423.9145355,30.46535860002041,0.021002099965699017,402866,30.706,0,False,355.8,-175.8,28.5685717609169,0.0,0.0,0.0,65027
1789388423.9346955,30.485355200013146,0.019996599992737174,402886,30.726,0,False,356.7,-176.7,45.0076513170669,0.0,0.0,0.0,65027
1789388423.9534082,30.504060200066306,0.018705000053159893,402906,30.746,0,False,357.6,-177.60000000000002,48.115477008405264,0.0,0.0,0.0,65027
1789388423.9725223,30.524042100063525,0.019981899997219443,402926,30.766,0,False,358.8,-178.8,60.054349194369564,0.0,0.0,0.0,65027
1789388423.9934309,30.54419929999858,0.02015719993505627,402946,30.786,0,False,359.7,-179.7,44.6490585448204,0.0,0.0,0.0,65027
1789388424.015229,30.56562600005418,0.021426700055599213,402966,30.806,0,False,0.9,179.10000000000002,56.00489094849701,0.0,0.0,0.0,65027
1789388424.0337234,30.584897099994123,0.01927109993994236,402987,30.827,0,False,1.8,178.2,46.70205659276434,0.0,0.0,0.0,65027
1789388424.054314,30.604898900026456,0.02000180003233254,403007,30.847,0,False,3.0,177.0,59.994600388975535,0.0,0.0,0.0,65027
1789388424.0740075,30.6241232000757,0.019224300049245358,403027,30.867,0,False,3.9,176.10000000000002,46.815748697978464,0.0,0.0,0.0,65027
1789388424.0940409,30.644489300088026,0.02036610001232475,403047,30.887,0,False,4.8,175.2,44.19108221286165,0.0,0.0,0.0,65027
1789388424.1158183,30.665996700059623,0.021507399971596897,403067,30.907,0,False,5.7,174.3,41.84606234080194,0.0,0.0,0.0,65027
1789388424.133558,30.684504200005904,0.018507499946281314,403088,30.928,0,False,6.3,173.7,32.419289571336805,0.0,0.0,0.0,65027
1789388424.1533895,30.704168900032528,0.019664700026623905,403108,30.948,0,False,6.9,173.10000000000002,30.511525687534434,0.0,0.0,0.0,65027
1789388424.1729789,30.72393740003463,0.019768500002101064,403128,30.968,0,False,7.2,172.8,15.175658242563996,0.0,0.0,0.0,65027
1789388424.193425,30.744866500026546,0.02092909999191761,403148,30.988,0,False,7.5,172.5,14.334108973432457,0.0,0.0,0.0,65027
1789388424.2148194,30.765246200026013,0.02037969999946654,403168,31.008,0,False,7.5,172.5,0.0,0.0,0.0,0.0,65027
1789388424.2348957,30.78566040005535,0.020414200029335916,403189,31.029,0,False,7.5,172.5,0.0,0.0,0.0,0.0,65027
1789388424.2553668,30.805943500017747,0.02028309996239841,403209,31.049,0,False,7.5,172.5,0.0,0.0,0.0,0.0,65027
1789388424.275286,30.825448799994774,0.01950529997702688,403229,31.069,0,False,7.2,172.8,-15.38043507935525,0.0,0.0,0.0,65027
1789388424.2950716,30.845504500088282,0.020055700093507767,403249,31.089,0,False,6.9,173.10000000000002,-14.958340950517325,0.0,0.0,0.0,65027
1789388424.3157556,30.866623500012793,0.021118999924510717,403269,31.109,0,False,6.3,173.7,-28.41043620174619,0.0,0.0,0.0,65027
1789388424.3357575,30.88634520000778,0.01972169999498874,403289,31.129,0,False,5.7,174.3,-30.42334079478207,0.0,0.0,0.0,65027
1789388424.3544288,30.905281800078228,0.01893660007044673,403309,31.149,0,False,5.1,174.89999999999998,-31.684674005255044,0.0,0.0,0.0,65027
1789388424.3740509,30.92554230010137,0.020260500023141503,403329,31.169,0,False,4.2,175.8,-44.42141106942215,0.0,0.0,0.0,65027
1789388424.3954656,30.945586599991657,0.02004429989028722,403349,31.189,0,False,3.6,176.39999999999998,-29.933697025294144,0.0,0.0,0.0,65027
1789388424.4150343,30.96537550003268,0.019788900041021407,403370,31.21,0,False,2.7,177.3,-45.480041747360914,0.0,0.0,0.0,65027
1789388424.4344566,30.984532200032845,0.019156700000166893,403390,31.23,0,False,1.8,178.2,-46.98095183367516,0.0,0.0,0.0,65027
1789388424.453364,31.003936500055715,0.019404300022870302,403410,31.25,0,False,0.9,179.10000000000002,-46.38147209326012,0.0,0.0,0.0,65027
1789388424.4730182,31.02417210000567,0.02023559994995594,403430,31.27,0,False,0.3,179.7,-29.65071465554945,0.0,0.0,0.0,65027
1789388424.4932203,31.0439276000252,0.019755500019527972,403450,31.29,0,False,359.4,-179.39999999999998,-45.55693346715884,0.0,0.0,0.0,65027
1789388424.5147817,31.065660700085573,0.021733100060373545,403471,31.311,0,False,358.8,-178.8,-27.60765828773593,0.0,0.0,0.0,65027
1789388424.5353897,31.08634660008829,0.020685900002717972,403491,31.331,0,False,358.2,-178.2,-29.0052644516887,0.0,0.0,0.0,65027
1789388424.5559337,31.106617200071923,0.020270599983632565,403512,31.352,0,False,357.6,-177.60000000000002,-29.59951853839719,0.0,0.0,0.0,65027
1789388424.5741062,31.125673400005326,0.01905619993340224,403531,31.371,0,False,357.3,-177.3,-15.742907875046114,0.0,0.0,0.0,65027
1789388424.5945973,31.14542449999135,0.0197510999860242,403551,31.391,0,False,357.0,-177.0,-15.189027457320867,0.0,0.0,0.0,65027
1789388424.6162868,31.16639110003598,0.020966600044630468,403571,31.411,0,False,356.7,-176.7,-14.308471538609865,0.0,0.0,0.0,65027
1789388424.6362503,31.186731800087728,0.020340700051747262,403592,31.432,0,False,356.7,-176.7,0.0,0.0,0.0,0.0,65027
1789388424.6551096,31.20547180005815,0.018739999970421195,403612,31.452,0,False,356.7,-176.7,0.0,0.0,0.0,0.0,65027
1789388424.675741,31.22623640007805,0.02076460001990199,403632,31.472,0,False,356.7,-176.7,0.0,0.0,0.0,0.0,65027
1789388424.6952856,31.24612990010064,0.01989350002259016,403652,31.492,0,False,357.0,-177.0,15.080302594281797,0.0,0.0,0.0,65027
1789388424.7168956,31.26696720009204,0.02083729999139905,403672,31.512,0,False,357.3,-177.3,14.397258767874987,0.0,0.0,0.0,65027
1789388424.7354562,31.286413100082427,0.01944589999038726,403693,31.533,0,False,357.6,-177.60000000000002,15.427416583871722,0.0,0.0,0.0,65027
1789388424.7553413,31.305883300025016,0.019470199942588806,403713,31.553,0,False,358.2,-178.2,30.816324525129062,0.0,0.0,0.0,65027
1789388424.7739825,31.32487020001281,0.01898689998779446,403733,31.573,0,False,358.5,-178.5,15.800367632044379,0.0,0.0,0.0,65027
1789388424.7956488,31.345811300096102,0.02094110008329153,403753,31.593,0,False,359.1,-179.10000000000002,28.651789906622447,0.0,0.0,0.0,65027
1789388424.8165097,31.36666729999706,0.020855999900959432,403773,31.613,0,False,359.4,-179.39999999999998,14.384349895693743,0.0,0.0,0.0,65027
1789388424.8343947,31.38526740006637,0.01860010006930679,403793,31.633,0,False,0.0,-180.0,32.25789096641049,0.0,0.0,0.0,65027
1789388424.8537843,31.404691600007936,0.019424199941568077,403813,31.653,0,False,0.6,179.39999999999998,30.889303127280183,0.0,0.0,0.0,65027
1789388424.874679,31.42558410007041,0.02089250006247312,403834,31.674,0,False,1.2,178.8,28.71843954557204,0.0,0.0,0.0,65027
1789388424.894403,31.444925700081512,0.019341600011102855,403854,31.694,0,False,1.5,178.5,15.51060924782848,0.0,0.0,0.0,65027
1789388424.9163773,31.467008400009945,0.022082699928432703,403874,31.714,0,False,2.1,177.89999999999998,27.17059064084193,0.0,0.0,0.0,65027
1789388424.9370196,31.487243000068702,0.02023460005875677,403894,31.734,0,False,2.4,177.60000000000002,14.826089921662806,0.0,0.0,0.0,65027
1789388424.9556165,31.50597340008244,0.01873040001373738,403914,31.754,0,False,3.0,177.0,32.03348564685955,0.0,0.0,0.0,65027
1789388424.9752607,31.526305600069463,0.02033219998702407,403934,31.774,0,False,3.3,176.7,14.754920775492579,0.0,0.0,0.0,65027
1789388424.995419,31.545722000068054,0.01941639999859035,403954,31.794,0,False,3.6,176.39999999999998,15.450855978543482,0.0,0.0,0.0,65027
1789388425.0167775,31.56721370003652,0.021491699968464673,403975,31.815,0,False,3.6,176.39999999999998,0.0,0.0,0.0,0.0,65027
1789388425.0362966,31.586832500062883,0.019618800026364625,403995,31.835,0,False,3.9,176.10000000000002,15.29145511432187,0.0,0.0,0.0,65027
1789388425.0549407,31.605987300048582,0.019154799985699356,404015,31.855,0,False,3.9,176.10000000000002,0.0,0.0,0.0,0.0,65027
1789388425.0757422,31.625859700026922,0.019872399978339672,404035,31.875,0,False,3.9,176.10000000000002,0.0,0.0,0.0,0.0,65027
1789388425.0956254,31.64628190000076,0.02042219997383654,404055,31.895,0,False,3.9,176.10000000000002,0.0,0.0,0.0,0.0,65027
1789388425.115791,31.66664850001689,0.020366600016131997,404076,31.916,0,False,3.9,176.10000000000002,0.0,0.0,0.0,0.0,65027
1789388425.1364324,31.687311200075783,0.02066270005889237,404096,31.936,0,False,3.6,176.39999999999998,-14.518915685992539,0.0,0.0,0.0,65027
1789388425.1552353,31.70611390005797,0.018802699982188642,404116,31.956,0,False,3.3,176.7,-15.955155391735993,0.0,0.0,0.0,65027
1789388425.1749854,31.72601039998699,0.01989649992901832,404136,31.976,0,False,3.0,177.0,-15.07802885282714,0.0,0.0,0.0,65027
1789388425.19464,31.745592400082387,0.019582000095397234,404156,31.996,0,False,3.0,177.0,0.0,0.0,0.0,0.0,65027
1789388425.2158732,31.767125500016846,0.021533099934458733,404176,32.016,0,False,2.7,177.3,-13.932039553670158,0.0,0.0,0.0,65027
1789388425.2365162,31.786624200060032,0.019498700043186545,404197,32.037,0,False,2.4,177.60000000000002,-15.385641059945467,0.0,0.0,0.0,65027
1789388425.255855,31.806249400018714,0.01962519995868206,404217,32.057,0,False,2.4,177.60000000000002,0.0,0.0,0.0,0.0,65027
1789388425.2755241,31.826397500000894,0.0201480999821797,404237,32.077,0,False,2.1,177.89999999999998,-14.889741477625732,0.0,0.0,0.0,65027
1789388425.2957091,31.84587330010254,0.01947580010164529,404257,32.097,0,False,2.1,177.89999999999998,0.0,0.0,0.0,0.0,65027
1789388425.3166976,31.867019400000572,0.021146099898032844,404277,32.117,0,False,2.1,177.89999999999998,0.0,0.0,0.0,0.0,65027
1789388425.336319,31.886596800060943,0.019577400060370564,404298,32.138,0,False,2.1,177.89999999999998,0.0,0.0,0.0,0.0,65027
1789388425.3557181,31.906180900055915,0.019584099994972348,404318,32.158,0,False,2.1,177.89999999999998,0.0,0.0,0.0,0.0,65027
1789388425.376535,31.926640600082465,0.0204597000265494,404338,32.178,0,False,2.1,177.89999999999998,0.0,0.0,0.0,0.0,65027
1789388425.395214,31.945982100092806,0.019341500010341406,404358,32.198,0,False,2.1,177.89999999999998,0.0,0.0,0.0,0.0,65027
1789388425.417304,31.968169300002046,0.022187199909240007,404378,32.218,0,False,2.1,177.89999999999998,0.0,0.0,0.0,0.0,65027
1789388425.4366515,31.98716110002715,0.018991800025105476,404399,32.239,0,False,2.1,177.89999999999998,0.0,0.0,0.0,0.0,65027
1789388425.455777,32.00631319999229,0.019152099965140224,404418,32.258,0,False,2.4,177.60000000000002,15.664078641300831,0.0,0.0,0.0,65027
1789388425.4752586,32.02600290009286,0.019689700100570917,404438,32.278,0,False,2.4,177.60000000000002,0.0,0.0,0.0,0.0,65027
1789388425.4949481,32.045704500051215,0.019701599958352745,404459,32.299,0,False,2.4,177.60000000000002,0.0,0.0,0.0,0.0,65027
1789388425.5165086,32.06726190005429,0.0215574000030756,404479,32.319,0,False,2.4,177.60000000000002,0.0,0.0,0.0,0.0,65027
1789388425.5370023,32.08738650009036,0.02012460003606975,404499,32.339,0,False,2.4,177.60000000000002,0.0,0.0,0.0,0.0,65027
1789388425.556135,32.106346899992786,0.018960399902425706,404519,32.359,0,False,2.4,177.60000000000002,0.0,0.0,0.0,0.0,65027
1789388425.5752497,32.126102500013076,0.01975560002028942,404539,32.379,0,False,2.4,177.60000000000002,0.0,0.0,0.0,0.0,65027
1789388425.5959556,32.146161500015296,0.020059000002220273,404559,32.399,0,False,2.4,177.60000000000002,0.0,0.0,0.0,0.0,65027
1789388425.616311,32.16676500008907,0.02060350007377565,404580,32.42,0,False,2.4,177.60000000000002,0.0,0.0,0.0,0.0,65027
1789388425.6360278,32.18682709999848,0.02006209990940988,404600,32.44,0,False,2.4,177.60000000000002,0.0,0.0,0.0,0.0,65027
1789388425.6554432,32.20607730001211,0.019250200013630092,404620,32.46,0,False,2.4,177.60000000000002,0.0,0.0,0.0,0.0,65027
1789388425.6748557,32.22567130008247,0.019594000070355833,404640,32.48,0,False,2.4,177.60000000000002,0.0,0.0,0.0,0.0,65027
1789388425.697205,32.24730270006694,0.0216313999844715,404660,32.5,0,False,2.4,177.60000000000002,0.0,0.0,0.0,0.0,65027
1789388425.716756,32.267321399995126,0.020018699928186834,404680,32.52,0,False,2.4,177.60000000000002,0.0,0.0,0.0,0.0,65027
1789388425.7374947,32.28764019999653,0.02031880000140518,404701,32.541,0,False,2.4,177.60000000000002,0.0,0.0,0.0,0.0,65027
1789388425.7558868,32.30677410005592,0.019133900059387088,404721,32.561,0,False,2.4,177.60000000000002,0.0,0.0,0.0,0.0,65027
1789388425.7756865,32.32611920009367,0.019345100037753582,404741,32.581,0,False,2.4,177.60000000000002,0.0,0.0,0.0,0.0,65027
1789388425.7954752,32.34599160007201,0.019872399978339672,404761,32.601,0,False,2.4,177.60000000000002,0.0,0.0,0.0,0.0,65027
1789388425.8179364,32.36809430003632,0.02210269996430725,404781,32.621,0,False,2.4,177.60000000000002,0.0,0.0,0.0,0.0,65027
1789388425.8361022,32.38667510007508,0.01858080003876239,404802,32.642,0,False,2.4,177.60000000000002,0.0,0.0,0.0,0.0,65027
1789388425.8556845,32.40614239999559,0.019467299920506775,404822,32.662,0,False,2.4,177.60000000000002,0.0,0.0,0.0,0.0,65027
1789388425.8749769,32.42581470008008,0.019672300084494054,404842,32.682,0,False,2.4,177.60000000000002,0.0,0.0,0.0,0.0,65027
1789388425.8958392,32.44667960004881,0.020864899968728423,404862,32.702,0,False,2.4,177.60000000000002,0.0,0.0,0.0,0.0,65027
1789388425.9173133,32.46756380004808,0.020884199999272823,404882,32.722,0,False,2.4,177.60000000000002,0.0,0.0,0.0,0.0,65027
1789388425.9359975,32.4867615000112,0.019197699963115156,404903,32.743,0,False,2.4,177.60000000000002,0.0,0.0,0.0,0.0,65027
1789388425.955639,32.505923000047915,0.01916150003671646,404923,32.763,0,False,2.4,177.60000000000002,0.0,0.0,0.0,0.0,65027
1789388425.975023,32.52599290001672,0.02006989996880293,404943,32.783,0,False,2.4,177.60000000000002,0.0,0.0,0.0,0.0,65027
1789388425.9957013,32.54668650007807,0.02069360006134957,404963,32.803,0,False,2.4,177.60000000000002,0.0,0.0,0.0,0.0,65027
1789388426.0173512,32.56763529998716,0.020948799909092486,404983,32.823,0,False,2.4,177.60000000000002,0.0,0.0,0.0,0.0,65027
1789388426.0359795,32.586634000064805,0.01899870007764548,405004,32.844,0,False,2.4,177.60000000000002,0.0,0.0,0.0,0.0,65027
1789388426.0555904,32.60635260003619,0.01971859997138381,405023,32.863,0,False,2.4,177.60000000000002,0.0,0.0,0.0,0.0,65027
1789388426.0752,32.625885499990545,0.019532899954356253,405044,32.884,0,False,2.4,177.60000000000002,0.0,0.0,0.0,0.0,65027
1789388426.0953321,32.6458293000469,0.01994380005635321,405064,32.904,0,False,2.4,177.60000000000002,0.0,0.0,0.0,0.0,65027
1789388426.116337,32.66736290010158,0.0215336000546813,405084,32.924,0,False,2.4,177.60000000000002,0.0,0.0,0.0,0.0,65027
1789388426.1360054,32.68657370004803,0.019210799946449697,405104,32.944,0,False,2.4,177.60000000000002,0.0,0.0,0.0,0.0,65027
1789388426.1551268,32.70603200001642,0.019458299968391657,405124,32.964,0,False,2.4,177.60000000000002,0.0,0.0,0.0,0.0,65027
1789388426.1760762,32.72636470000725,0.020332699990831316,405144,32.984,0,False,2.4,177.60000000000002,0.0,0.0,0.0,0.0,65027
1789388426.194897,32.74533190007787,0.018967200070619583,405165,33.005,0,False,2.4,177.60000000000002,0.0,0.0,0.0,0.0,65027
1789388426.2169425,32.7677779000951,0.022446000017225742,405185,33.025,0,False,2.4,177.60000000000002,0.0,0.0,0.0,0.0,65027
1789388426.237138,32.78729070001282,0.019512799917720258,405205,33.045,0,False,2.4,177.60000000000002,0.0,0.0,0.0,0.0,65027
1789388426.2552452,32.805735400062986,0.01844470005016774,405225,33.065,0,False,2.4,177.60000000000002,0.0,0.0,0.0,0.0,65027
1789388426.2749515,32.825856600073166,0.020121200010180473,405245,33.085,0,False,2.4,177.60000000000002,0.0,0.0,0.0,0.0,65027
1789388426.2952962,32.84577510005329,0.01991849998012185,405265,33.105,0,False,2.4,177.60000000000002,0.0,0.0,0.0,0.0,65027
1789388426.316778,32.86706000007689,0.02128490002360195,405285,33.125,0,False,2.4,177.60000000000002,0.0,0.0,0.0,0.0,65027
1789388426.336281,32.88704729999881,0.019987299921922386,405306,33.146,0,False,2.4,177.60000000000002,0.0,0.0,0.0,0.0,65027
1789388426.3554058,32.906087700044736,0.01904040004592389,405326,33.166,0,False,2.4,177.60000000000002,0.0,0.0,0.0,0.0,65027
1789388426.3755908,32.92599760007579,0.01990990003105253,405346,33.186,0,False,2.4,177.60000000000002,0.0,0.0,0.0,0.0,65027
1789388426.3950028,32.94574860006105,0.01975099998526275,405366,33.206,0,False,2.4,177.60000000000002,0.0,0.0,0.0,0.0,65027
1789388426.4201572,32.97058230009861,0.024833700037561357,405386,33.226,0,False,2.4,177.60000000000002,0.0,0.0,0.0,0.0,65027
1789388426.4368048,32.987182400072925,0.016600099974311888,405407,33.247,0,False,2.4,177.60000000000002,0.0,0.0,0.0,0.0,65027
1789388426.455611,33.00582720001694,0.018644799944013357,405427,33.267,0,False,2.4,177.60000000000002,0.0,0.0,0.0,0.0,65027
1789388426.4757395,33.02597810002044,0.020150900003500283,405447,33.287,0,False,2.4,177.60000000000002,0.0,0.0,0.0,0.0,65027
1789388426.4962285,33.04660200001672,0.02062389999628067,405467,33.307,0,False,2.4,177.60000000000002,0.0,0.0,0.0,0.0,65027
1789388426.516839,33.06738430005498,0.0207823000382632,405487,33.327,0,False,2.4,177.60000000000002,0.0,0.0,0.0,0.0,65027
1789388426.5366495,33.087496599997394,0.020112299942411482,405508,33.348,0,False,2.4,177.60000000000002,0.0,0.0,0.0,0.0,65027
1789388426.5546267,33.10596350010019,0.01846690010279417,405527,33.367,0,False,2.4,177.60000000000002,0.0,0.0,0.0,0.0,65027
1789388426.5761392,33.12631910003256,0.02035559993237257,405548,33.388,0,False,2.4,177.60000000000002,0.0,0.0,0.0,0.0,65027
1789388426.5961962,33.14647700008936,0.020157900056801736,405568,33.408,0,False,2.4,177.60000000000002,0.0,0.0,0.0,0.0,65027
1789388426.617026,33.16760000004433,0.02112299995496869,405588,33.428,0,False,2.4,177.60000000000002,0.0,0.0,0.0,0.0,65027
1789388426.6369503,33.18700580007862,0.019405800034292042,405608,33.448,0,False,2.4,177.60000000000002,0.0,0.0,0.0,0.0,65027
1789388426.6559322,33.20626150001772,0.019255699939094484,405628,33.468,0,False,2.4,177.60000000000002,0.0,0.0,0.0,0.0,65027
1789388426.6756666,33.22612980008125,0.01986830006353557,405648,33.488,0,False,2.4,177.60000000000002,0.0,0.0,0.0,0.0,65027
1789388426.695491,33.245717300102115,0.019587500020861626,405668,33.508,0,False,2.4,177.60000000000002,0.0,0.0,0.0,0.0,65027
1789388426.7169948,33.26722740009427,0.02151009999215603,405689,33.529,0,False,2.4,177.60000000000002,0.0,0.0,0.0,0.0,65027
1789388426.7364771,33.286800000001676,0.019572599907405674,405709,33.549,0,False,2.4,177.60000000000002,0.0,0.0,0.0,0.0,65027
1789388426.7556674,33.30590210005175,0.019102100050076842,405729,33.569,0,False,2.4,177.60000000000002,0.0,0.0,0.0,0.0,65027
1789388426.775411,33.326015200000256,0.020113099948503077,405749,33.589,0,False,2.4,177.60000000000002,0.0,0.0,0.0,0.0,65027
1789388426.7954066,33.346397200017236,0.020382000016979873,405769,33.609,0,False,2.4,177.60000000000002,0.0,0.0,0.0,0.0,65027
1789388426.817738,33.36795049998909,0.021553299971856177,405789,33.629,0,False,2.4,177.60000000000002,0.0,0.0,0.0,0.0,65027
1789388426.836248,33.387294800020754,0.019344300031661987,405810,33.65,0,False,2.4,177.60000000000002,0.0,0.0,0.0,0.0,65027
1789388426.855727,33.405963200028054,0.01866840000730008,405830,33.67,0,False,2.4,177.60000000000002,0.0,0.0,0.0,0.0,65027
1789388426.8757133,33.426360800047405,0.020397600019350648,405850,33.69,0,False,2.4,177.60000000000002,0.0,0.0,0.0,0.0,65027
1789388426.8955898,33.44609830004629,0.019737499998882413,405870,33.71,0,False,2.4,177.60000000000002,0.0,0.0,0.0,0.0,65027
1789388426.9164124,33.46747800009325,0.02137970004696399,405890,33.73,0,False,2.4,177.60000000000002,0.0,0.0,0.0,0.0,65027
1789388426.9371276,33.48726580000948,0.019787799916230142,405911,33.751,0,False,2.4,177.60000000000002,0.0,0.0,0.0,0.0,65027
1789388426.9548666,33.50590109999757,0.018635299988090992,405931,33.771,0,False,2.4,177.60000000000002,0.0,0.0,0.0,0.0,65027
1789388426.976082,33.5265042000683,0.02060310007072985,405951,33.791,0,False,2.4,177.60000000000002,0.0,0.0,0.0,0.0,65027
1789388426.9945917,33.54557419999037,0.019069999922066927,405971,33.811,0,False,2.4,177.60000000000002,0.0,0.0,0.0,0.0,65027
1789388427.0159771,33.5667814000044,0.021207200014032423,405991,33.831,0,False,2.4,177.60000000000002,0.0,0.0,0.0,0.0,65027
1789388427.0357585,33.58692290005274,0.020141500048339367,406012,33.852,0,False,2.4,177.60000000000002,0.0,0.0,0.0,0.0,65027
1789388427.0548277,33.60543560003862,0.01851269998587668,406031,33.871,0,False,2.4,177.60000000000002,0.0,0.0,0.0,0.0,65027
1789388427.075495,33.626028100028634,0.020592499990016222,406052,33.892,0,False,2.4,177.60000000000002,0.0,0.0,0.0,0.0,65027
1789388427.0952315,33.64580830000341,0.019780199974775314,406072,33.912,0,False,2.4,177.60000000000002,0.0,0.0,0.0,0.0,65027
1789388427.1168818,33.66734120005276,0.021532900049351156,406092,33.932,0,False,2.4,177.60000000000002,0.0,0.0,0.0,0.0,65027
1789388427.136322,33.6873678000411,0.02002659998834133,406112,33.952,0,False,2.4,177.60000000000002,0.0,0.0,0.0,0.0,65027
1789388427.1555996,33.7057361000916,0.018368300050497055,406132,33.972,0,False,2.4,177.60000000000002,0.0,0.0,0.0,0.0,65027
1789388427.1755254,33.72629450005479,0.020558399963192642,406152,33.992,0,False,2.4,177.60000000000002,0.0,0.0,0.0,0.0,65027
1789388427.1946886,33.74546940007713,0.01917490002233535,406173,34.013,0,False,2.4,177.60000000000002,0.0,0.0,0.0,0.0,65027
1789388427.2164423,33.76712530001532,0.021655899938195944,406193,34.033,0,False,2.4,177.60000000000002,0.0,0.0,0.0,0.0,65027
1789388427.2359464,33.786972300033085,0.019847000017762184,406213,34.053,0,False,2.4,177.60000000000002,0.0,0.0,0.0,0.0,65027
1789388427.254792,33.80564989999402,0.018677599960938096,406233,34.073,0,False,2.4,177.60000000000002,0.0,0.0,0.0,0.0,65027
1789388427.2739818,33.82495780009776,0.019307900103740394,406253,34.093,0,False,2.4,177.60000000000002,0.0,0.0,0.0,0.0,65027
1789388427.2945518,33.84466559998691,0.01970779988914728,406273,34.113,0,False,2.4,177.60000000000002,0.0,0.0,0.0,0.0,65027
1789388427.3159814,33.86665670003276,0.021991100045852363,406293,34.133,0,False,2.4,177.60000000000002,0.0,0.0,0.0,0.0,65027
1789388427.3348393,33.885588800068945,0.01893210003618151,406314,34.154,0,False,2.4,177.60000000000002,0.0,0.0,0.0,0.0,65027
1789388427.3543458,33.90440730005503,0.018818499986082315,406334,34.174,0,False,2.4,177.60000000000002,0.0,0.0,0.0,0.0,65027
1789388427.374358,33.92509560007602,0.020688300020992756,406354,34.194,0,False,2.4,177.60000000000002,0.0,0.0,0.0,0.0,65027
1789388427.395007,33.945110400090925,0.02001480001490563,406374,34.214,0,False,2.4,177.60000000000002,0.0,0.0,0.0,0.0,65027
1789388427.4162326,33.96668579999823,0.021575399907305837,406394,34.234,0,False,2.4,177.60000000000002,0.0,0.0,0.0,0.0,65027
1789388427.4353313,33.98584139999002,0.01915559999179095,406415,34.255,0,False,2.4,177.60000000000002,0.0,0.0,0.0,0.0,65027
1789388427.4553096,34.00607950007543,0.020238100085407495,406435,34.275,0,False,2.4,177.60000000000002,0.0,0.0,0.0,0.0,65027
1789388427.474536,34.02555100002792,0.019471499952487648,406455,34.295,0,False,2.4,177.60000000000002,0.0,0.0,0.0,0.0,65027
1789388427.495157,34.045791600015946,0.020240599988028407,406475,34.315,0,False,2.4,177.60000000000002,0.0,0.0,0.0,0.0,65027
1789388427.5162706,34.06654840009287,0.020756800076924264,406495,34.335,0,False,2.4,177.60000000000002,0.0,0.0,0.0,0.0,65027
1789388427.5361295,34.086533199995756,0.019984799902886152,406515,34.355,0,False,2.4,177.60000000000002,0.0,0.0,0.0,0.0,65027
1789388427.5557384,34.10612570005469,0.019592500058934093,406535,34.375,0,False,2.4,177.60000000000002,0.0,0.0,0.0,0.0,65027
1789388427.5752008,34.12623540009372,0.02010970003902912,406556,34.396,0,False,2.4,177.60000000000002,0.0,0.0,0.0,0.0,65027
1789388427.5968215,34.14715970004909,0.020924299955368042,406576,34.416,0,False,2.4,177.60000000000002,0.0,0.0,0.0,0.0,65027
1789388427.6177688,34.16865120001603,0.021491499966941774,406596,34.436,0,False,2.4,177.60000000000002,0.0,0.0,0.0,0.0,65027
1789388427.635872,34.186691600014456,0.018040399998426437,406616,34.456,0,False,2.4,177.60000000000002,0.0,0.0,0.0,0.0,65027
1789388427.6552613,34.2059956000885,0.01930400007404387,406636,34.476,0,False,2.4,177.60000000000002,0.0,0.0,0.0,0.0,65027
1789388427.6766808,34.22679620003328,0.020800599944777787,406656,34.496,0,False,2.4,177.60000000000002,0.0,0.0,0.0,0.0,65027
1789388427.6958375,34.245979300001636,0.019183099968358874,406676,34.516,0,False,2.4,177.60000000000002,0.0,0.0,0.0,0.0,65027
1789388427.7169595,34.26726520003285,0.021285900031216443,406697,34.537,0,False,2.4,177.60000000000002,0.0,0.0,0.0,0.0,65027
1789388427.735835,34.286488700076006,0.019223500043153763,406717,34.557,0,False,2.4,177.60000000000002,0.0,0.0,0.0,0.0,65027
1789388427.7548554,34.30552799999714,0.019039299921132624,406737,34.577,0,False,2.4,177.60000000000002,0.0,0.0,0.0,0.0,65027
1789388427.7757628,34.32587510009762,0.02034710010048002,406757,34.597,0,False,2.4,177.60000000000002,0.0,0.0,0.0,0.0,65027
1789388427.7940805,34.344480300089344,0.018605199991725385,406777,34.617,0,False,2.4,177.60000000000002,0.0,0.0,0.0,0.0,65027
1789388427.817319,34.36813459999394,0.023654299904592335,406798,34.638,0,False,2.4,177.60000000000002,0.0,0.0,0.0,0.0,65027
1789388427.8344705,34.38529040000867,0.017155800014734268,406818,34.658,0,False,2.4,177.60000000000002,0.0,0.0,0.0,0.0,65027
1789388427.8539512,34.40475590003189,0.01946550002321601,406838,34.678,0,False,2.4,177.60000000000002,0.0,0.0,0.0,0.0,65027
1789388427.8751032,34.42598780000117,0.021231899969279766,406858,34.698,0,False,2.4,177.60000000000002,0.0,0.0,0.0,0.0,65027
1789388427.8952634,34.445662799989805,0.019674999988637865,406878,34.718,0,False,2.4,177.60000000000002,0.0,0.0,0.0,0.0,65027
1789388427.9160578,34.46646010002587,0.02079730003606528,406898,34.738,0,False,2.4,177.60000000000002,0.0,0.0,0.0,0.0,65027
1789388427.9353704,34.48585030005779,0.019390200031921268,406919,34.759,0,False,2.4,177.60000000000002,0.0,0.0,0.0,0.0,65027
1789388427.9549491,34.50529160001315,0.01944129995536059,406939,34.779,0,False,2.4,177.60000000000002,0.0,0.0,0.0,0.0,65027
1789388427.975399,34.525528100086376,0.020236500073224306,406959,34.799,0,False,2.4,177.60000000000002,0.0,0.0,0.0,0.0,65027
1789388427.9939687,34.54447090008762,0.018942800001241267,406979,34.819,0,False,2.4,177.60000000000002,0.0,0.0,0.0,0.0,65027
1789388428.016961,34.56713490001857,0.02266399993095547,406999,34.839,0,False,2.4,177.60000000000002,0.0,0.0,0.0,0.0,65027
1789388428.0355148,34.58654849999584,0.01941359997726977,407020,34.86,0,False,2.4,177.60000000000002,0.0,0.0,0.0,0.0,65027
1789388428.0550575,34.60572990006767,0.019181400071829557,407040,34.88,0,False,2.4,177.60000000000002,0.0,0.0,0.0,0.0,65027
1789388428.0753126,34.62581730005331,0.02008739998564124,407060,34.9,0,False,2.4,177.60000000000002,0.0,0.0,0.0,0.0,65027
1789388428.0951467,34.64601890009362,0.02020160004030913,407080,34.92,0,False,2.4,177.60000000000002,0.0,0.0,0.0,0.0,65027
1789388428.1167634,34.666862400015816,0.020843499922193587,407100,34.94,0,False,2.4,177.60000000000002,0.0,0.0,0.0,0.0,65027
1789388428.1362839,34.68682390009053,0.019961500074714422,407121,34.961,0,False,2.4,177.60000000000002,0.0,0.0,0.0,0.0,65027
1789388428.155995,34.70638880005572,0.019564899965189397,407141,34.981,0,False,2.4,177.60000000000002,0.0,0.0,0.0,0.0,65027
1789388428.1755598,34.72589280002285,0.01950399996712804,407161,35.001,0,False,2.4,177.60000000000002,0.0,0.0,0.0,0.0,65027
1789388428.19562,34.74596830003429,0.020075500011444092,407181,35.021,0,False,2.4,177.60000000000002,0.0,0.0,0.0,0.0,65027
1789388428.2161517,34.76694070000667,0.020972399972379208,407201,35.041,0,False,2.4,177.60000000000002,0.0,0.0,0.0,0.0,65027
1789388428.236498,34.787121500005014,0.02018079999834299,407221,35.061,0,False,2.4,177.60000000000002,0.0,0.0,0.0,0.0,65027
1789388428.2568712,34.8073392000515,0.020217700046487153,407241,35.081,0,False,2.4,177.60000000000002,0.0,0.0,0.0,0.0,65027
1789388428.2751408,34.82583700004034,0.01849779998883605,407261,35.101,0,False,2.4,177.60000000000002,0.0,0.0,0.0,0.0,65027
1789388428.2953103,34.846316300099716,0.020479300059378147,407282,35.122,0,False,2.4,177.60000000000002,0.0,0.0,0.0,0.0,65027
1789388428.317112,34.867387900012545,0.021071599912829697,407302,35.142,0,False,2.4,177.60000000000002,0.0,0.0,0.0,0.0,65027
1789388428.336468,34.88683110009879,0.01944320008624345,407322,35.162,0,False,2.4,177.60000000000002,0.0,0.0,0.0,0.0,65027
1789388428.3564937,34.906566700083204,0.019735599984414876,407342,35.182,0,False,2.4,177.60000000000002,0.0,0.0,0.0,0.0,65027
1789388428.375822,34.925969100091606,0.019402400008402765,407362,35.202,0,False,2.4,177.60000000000002,0.0,0.0,0.0,0.0,65027
1789388428.3950486,34.9453314000275,0.019362299935892224,407382,35.222,0,False,2.4,177.60000000000002,0.0,0.0,0.0,0.0,65027
1789388428.4174101,34.96757920004893,0.02224780002143234,407403,35.243,0,False,2.4,177.60000000000002,0.0,0.0,0.0,0.0,65027
1789388428.4420614,34.992396200075746,0.02481700002681464,407429,35.269,0,False,2.4,177.60000000000002,0.0,0.0,0.0,0.0,65027
1789388428.4556923,35.00636170001235,0.01396549993660301,407443,35.283,0,False,2.4,177.60000000000002,0.0,0.0,0.0,0.0,65027
1789388428.475651,35.02583040005993,0.019468700047582388,407463,35.303,0,False,2.4,177.60000000000002,0.0,0.0,0.0,0.0,65027
1789388428.4951413,35.04577550000977,0.01994509994983673,407483,35.323,0,False,2.4,177.60000000000002,0.0,0.0,0.0,0.0,65027
1789388428.517216,35.067756300093606,0.021980800083838403,407503,35.343,0,False,2.4,177.60000000000002,0.0,0.0,0.0,0.0,65027
1789388428.5363224,35.0869807000272,0.019224399933591485,407524,35.364,0,False,2.4,177.60000000000002,0.0,0.0,0.0,0.0,65027
1789388428.5554523,35.106452500098385,0.019471800071187317,407544,35.384,0,False,2.4,177.60000000000002,0.0,0.0,0.0,0.0,65027
1789388428.5751286,35.126293100067414,0.019840599969029427,407564,35.404,0,False,2.4,177.60000000000002,0.0,0.0,0.0,0.0,65027
1789388428.594983,35.14598260005005,0.019689499982632697,407584,35.424,0,False,2.4,177.60000000000002,0.0,0.0,0.0,0.0,65027
1789388428.6163597,35.167121700011194,0.021139099961146712,407604,35.444,0,False,2.4,177.60000000000002,0.0,0.0,0.0,0.0,65027
1789388428.6360116,35.18667750002351,0.01955580001231283,407624,35.464,0,False,2.4,177.60000000000002,0.0,0.0,0.0,0.0,65027
1789388428.655267,35.206247100024484,0.019569600000977516,407644,35.484,0,False,2.4,177.60000000000002,0.0,0.0,0.0,0.0,65027
1789388428.6757765,35.225994100095704,0.0197470000712201,407665,35.505,0,False,2.4,177.60000000000002,0.0,0.0,0.0,0.0,65027
1789388428.6962647,35.24674790003337,0.020753799937665462,407685,35.525,0,False,2.4,177.60000000000002,0.0,0.0,0.0,0.0,65027
1789388428.7170491,35.26774959999602,0.02100169996265322,407705,35.545,0,False,2.4,177.60000000000002,0.0,0.0,0.0,0.0,65027
1789388428.7365143,35.287414900027215,0.0196653000311926,407725,35.565,0,False,2.4,177.60000000000002,0.0,0.0,0.0,0.0,65027
1789388428.7553053,35.306117100059055,0.01870220003183931,407745,35.585,0,False,2.4,177.60000000000002,0.0,0.0,0.0,0.0,65027
1789388428.7759087,35.326834300067276,0.02071720000822097,407766,35.606,0,False,2.4,177.60000000000002,0.0,0.0,0.0,0.0,65027
1789388428.7951074,35.345819500042126,0.01898519997484982,407785,35.625,0,False,2.4,177.60000000000002,0.0,0.0,0.0,0.0,65027
1789388428.816676,35.36717700003646,0.02135749999433756,407806,35.646,0,False,2.4,177.60000000000002,0.0,0.0,0.0,0.0,65027
1789388428.8363316,35.386633999994956,0.019456999958492815,407826,35.666,0,False,2.4,177.60000000000002,0.0,0.0,0.0,0.0,65027
1789388428.8565166,35.40712520002853,0.020491200033575296,407847,35.687,0,False,2.4,177.60000000000002,0.0,0.0,0.0,0.0,65027
1789388428.875713,35.42600840004161,0.01888320001307875,407866,35.706,0,False,2.4,177.60000000000002,0.0,0.0,0.0,0.0,65027
1789388428.8959787,35.44708780001383,0.021079399972222745,407886,35.726,0,False,2.4,177.60000000000002,0.0,0.0,0.0,0.0,65027
1789388428.9167304,35.4671917000087,0.02010389999486506,407906,35.746,0,False,2.4,177.60000000000002,0.0,0.0,0.0,0.0,65027
1789388428.938074,35.48892610007897,0.021734400070272386,407929,35.769,0,False,2.4,177.60000000000002,0.0,0.0,0.0,0.0,65027
1789388428.9552302,35.50609360006638,0.01716749998740852,407947,35.787,0,False,2.4,177.60000000000002,0.0,0.0,0.0,0.0,65027
1789388428.9751022,35.52618779998738,0.020094199921004474,407967,35.807,0,False,2.4,177.60000000000002,0.0,0.0,0.0,0.0,65027
1789388428.9958494,35.546663200017065,0.020475400029681623,407987,35.827,0,False,2.4,177.60000000000002,0.0,0.0,0.0,0.0,65027
1789388429.0174778,35.56856140005402,0.02189820003695786,408007,35.847,0,False,2.4,177.60000000000002,0.0,0.0,0.0,0.0,65027
1789388429.0371354,35.5878500000108,0.019288599956780672,408028,35.868,0,False,2.4,177.60000000000002,0.0,0.0,0.0,0.0,65027
1789388429.0571177,35.60782790009398,0.01997790008317679,408048,35.888,0,False,2.4,177.60000000000002,0.0,0.0,0.0,0.0,65027
1789388429.0756433,35.626289700041525,0.018461799947544932,408068,35.908,0,False,2.4,177.60000000000002,0.0,0.0,0.0,0.0,65027
1789388429.0957716,35.64588180009741,0.019592100055888295,408088,35.928,0,False,2.4,177.60000000000002,0.0,0.0,0.0,0.0,65027
1789388429.1164584,35.66726570005994,0.02138389996252954,408108,35.948,0,False,2.4,177.60000000000002,0.0,0.0,0.0,0.0,65027
1789388429.1357412,35.68671690009069,0.019451200030744076,408128,35.968,0,False,2.4,177.60000000000002,0.0,0.0,0.0,0.0,65027
1789388429.1561415,35.70702229999006,0.02030539989937097,408148,35.988,0,False,2.4,177.60000000000002,0.0,0.0,0.0,0.0,65027
1789388429.176773,35.72700419998728,0.019981899997219443,408168,36.008,0,False,2.4,177.60000000000002,0.0,0.0,0.0,0.0,65027
1789388429.19537,35.74601830006577,0.019014100078493357,408189,36.029,0,False,2.4,177.60000000000002,0.0,0.0,0.0,0.0,65027
1789388429.217025,35.767869700095616,0.021851400029845536,408209,36.049,0,False,2.4,177.60000000000002,0.0,0.0,0.0,0.0,65027
1789388429.2361362,35.787048700032756,0.01917899993713945,408229,36.069,0,False,2.4,177.60000000000002,0.0,0.0,0.0,0.0,65027
1789388429.2559755,35.8060554000549,0.019006700022146106,408249,36.089,0,False,2.4,177.60000000000002,0.0,0.0,0.0,0.0,65027
1789388429.2764764,35.826842900016345,0.020787499961443245,408270,36.11,0,False,2.4,177.60000000000002,0.0,0.0,0.0,0.0,65027
1789388429.295174,35.84599440009333,0.01915150007698685,408289,36.129,0,False,2.4,177.60000000000002,0.0,0.0,0.0,0.0,65027
1789388429.316454,35.867265500011854,0.02127109991852194,408310,36.15,0,False,2.4,177.60000000000002,0.0,0.0,0.0,0.0,65027
1789388429.336863,35.88700139999855,0.019735899986699224,408330,36.17,0,False,2.4,177.60000000000002,0.0,0.0,0.0,0.0,65027
1789388429.3556218,35.906405800022185,0.01940440002363175,408350,36.19,0,False,2.4,177.60000000000002,0.0,0.0,0.0,0.0,65027
1789388429.375523,35.92612000007648,0.01971420005429536,408370,36.21,0,False,2.4,177.60000000000002,0.0,0.0,0.0,0.0,65027
1789388429.395104,35.94601459999103,0.01989459991455078,408390,36.23,0,False,2.4,177.60000000000002,0.0,0.0,0.0,0.0,65027
1789388429.4192526,35.97013350005727,0.024118900066241622,408410,36.25,0,False,2.4,177.60000000000002,0.0,0.0,0.0,0.0,65027
1789388429.4373074,35.98773600009736,0.017602500040084124,408431,36.271,0,False,2.4,177.60000000000002,0.0,0.0,0.0,0.0,65027
1789388429.4569044,36.00709840003401,0.019362399936653674,408451,36.291,0,False,2.4,177.60000000000002,0.0,0.0,0.0,0.0,65027
1789388429.4757583,36.02627830009442,0.019179900060407817,408471,36.311,0,False,2.4,177.60000000000002,0.0,0.0,0.0,0.0,65027
1789388429.4949071,36.045998500077985,0.019720199983567,408491,36.331,0,False,2.4,177.60000000000002,0.0,0.0,0.0,0.0,65027
1789388429.5174246,36.06864529999439,0.022646799916401505,408512,36.352,0,False,2.4,177.60000000000002,0.0,0.0,0.0,0.0,65027
1789388429.5374403,36.087710199994035,0.019064899999648333,408532,36.372,0,False,2.4,177.60000000000002,0.0,0.0,0.0,0.0,65027
1789388429.556765,36.107175300014205,0.019465100020170212,408552,36.392,0,False,2.4,177.60000000000002,0.0,0.0,0.0,0.0,65027
1789388429.5760064,36.12691310001537,0.01973780000116676,408572,36.412,0,False,2.4,177.60000000000002,0.0,0.0,0.0,0.0,65027
1789388429.597131,36.14723130001221,0.020318199996836483,408592,36.432,0,False,2.4,177.60000000000002,0.0,0.0,0.0,0.0,65027
1789388429.617756,36.16866610001307,0.021434800000861287,408612,36.452,0,False,2.4,177.60000000000002,0.0,0.0,0.0,0.0,65027
1789388429.6361055,36.18664100009482,0.01797490008175373,408633,36.473,0,False,2.4,177.60000000000002,0.0,0.0,0.0,0.0,65027
1789388429.6560414,36.206722200033255,0.020081199938431382,408652,36.492,0,False,2.4,177.60000000000002,0.0,0.0,0.0,0.0,65027
1789388429.6759253,36.22650370001793,0.019781499984674156,408673,36.513,0,False,2.4,177.60000000000002,0.0,0.0,0.0,0.0,65027
1789388429.6966105,36.24676150002051,0.02025780000258237,408693,36.533,0,False,2.4,177.60000000000002,0.0,0.0,0.0,0.0,65027
1789388429.7172334,36.26758800004609,0.020826500025577843,408713,36.553,0,False,2.4,177.60000000000002,0.0,0.0,0.0,0.0,65027
1789388429.7373486,36.28752980008721,0.019941800041124225,408733,36.573,0,False,2.4,177.60000000000002,0.0,0.0,0.0,0.0,65027
1789388429.7562375,36.30692710005678,0.01939729996956885,408754,36.594,0,False,2.4,177.60000000000002,0.0,0.0,0.0,0.0,65027
1789388429.7757854,36.32634100003634,0.019413899979554117,408774,36.614,0,False,2.4,177.60000000000002,0.0,0.0,0.0,0.0,65027
1789388429.7977066,36.34778730000835,0.02144629997201264,408794,36.634,0,False,2.4,177.60000000000002,0.0,0.0,0.0,0.0,65027
1789388429.8178642,36.36813080008142,0.020343500073067844,408814,36.654,0,False,2.4,177.60000000000002,0.0,0.0,0.0,0.0,65027
1789388429.837209,36.38870670006145,0.020575899980030954,408836,36.676,0,False,2.4,177.60000000000002,0.0,0.0,0.0,0.0,65027
1789388429.8560767,36.40646640001796,0.01775969995651394,408854,36.694,0,False,2.4,177.60000000000002,0.0,0.0,0.0,0.0,65027
1789388429.8752806,36.42634430003818,0.019877900020219386,408874,36.714,0,False,2.4,177.60000000000002,0.0,0.0,0.0,0.0,65027
1789388429.895507,36.44617950008251,0.019835200044326484,408895,36.735,0,False,2.4,177.60000000000002,0.0,0.0,0.0,0.0,65027
1789388429.9190333,36.47005070000887,0.02387119992636144,408915,36.755,0,False,2.4,177.60000000000002,0.0,0.0,0.0,0.0,65027
1789388429.9372838,36.48811470007058,0.01806400006171316,408935,36.775,0,False,2.4,177.60000000000002,0.0,0.0,0.0,0.0,65027
1789388429.9556148,36.50646330008749,0.018348600016906857,408955,36.795,0,False,2.4,177.60000000000002,0.0,0.0,0.0,0.0,65027
1789388429.9769237,36.5278651000699,0.02140179998241365,408975,36.815,0,False,2.4,177.60000000000002,0.0,0.0,0.0,0.0,65027
1789388429.9967408,36.54774270008784,0.019877600017935038,408995,36.835,0,False,2.4,177.60000000000002,0.0,0.0,0.0,0.0,65027
1789388430.0169463,36.56704690004699,0.019304199959151447,409016,36.856,0,False,2.4,177.60000000000002,0.0,0.0,0.0,0.0,65027
1789388430.037213,36.587726400000975,0.020679499953985214,409036,36.876,0,False,2.4,177.60000000000002,0.0,0.0,0.0,0.0,65027
1789388430.0568159,36.60739050002303,0.01966410002205521,409056,36.896,0,False,2.4,177.60000000000002,0.0,0.0,0.0,0.0,65027
1789388430.0777876,36.629287200048566,0.02189670002553612,409076,36.916,0,False,2.4,177.60000000000002,0.0,0.0,0.0,0.0,65027
1789388430.0981455,36.64822740003001,0.018940199981443584,409096,36.936,0,False,2.4,177.60000000000002,0.0,0.0,0.0,0.0,65027
1789388430.1192636,36.67005280009471,0.021825400064699352,409116,36.956,0,False,2.4,177.60000000000002,0.0,0.0,0.0,0.0,65027
1789388430.1388986,36.6891339001013,0.019081100006587803,409138,36.978,0,False,2.4,177.60000000000002,0.0,0.0,0.0,0.0,65027
1789388430.1590123,36.709380300017074,0.020246399915777147,409157,36.997,0,False,2.4,177.60000000000002,0.0,0.0,0.0,0.0,65027
1789388430.1777613,36.72782690008171,0.018446600064635277,409177,37.017,0,False,2.4,177.60000000000002,0.0,0.0,0.0,0.0,65027
1789388430.2025254,36.752963600098155,0.02513670001644641,409197,37.037,0,False,2.4,177.60000000000002,0.0,0.0,0.0,0.0,65027
1789388430.2205064,36.77061090001371,0.01764729991555214,409217,37.057,0,False,2.4,177.60000000000002,0.0,0.0,0.0,0.0,65027
1789388430.236907,36.78819840005599,0.017587500042282045,409238,37.078,0,False,2.4,177.60000000000002,0.0,0.0,0.0,0.0,65027
1789388430.2578616,36.80854680004995,0.02034839999396354,409258,37.098,0,False,2.4,177.60000000000002,0.0,0.0,0.0,0.0,65027
1789388430.2771053,36.827259300043806,0.01871249999385327,409278,37.118,0,False,2.4,177.60000000000002,0.0,0.0,0.0,0.0,65027
1789388430.2971423,36.84772389999125,0.020464599947445095,409298,37.138,0,False,2.4,177.60000000000002,0.0,0.0,0.0,0.0,65027
1789388430.3192964,36.86938650009688,0.02166260010562837,409318,37.158,0,False,2.4,177.60000000000002,0.0,0.0,0.0,0.0,65027
1789388430.3407362,36.8911126999883,0.02172619989141822,409339,37.179,0,False,2.4,177.60000000000002,0.0,0.0,0.0,0.0,65027
1789388430.3580625,36.90903510001954,0.017922400031238794,409359,37.199,0,False,2.4,177.60000000000002,0.0,0.0,0.0,0.0,65027
1789388430.3794227,36.92970159999095,0.020666499971412122,409379,37.219,0,False,2.4,177.60000000000002,0.0,0.0,0.0,0.0,65027
1789388430.4023263,36.95308320003096,0.023381600040011108,409399,37.239,0,False,2.4,177.60000000000002,0.0,0.0,0.0,0.0,65027
1789388430.4216585,36.97226589999627,0.019182699965313077,409419,37.259,0,False,2.4,177.60000000000002,0.0,0.0,0.0,0.0,65027
1789388430.440157,36.99109490006231,0.018829000066034496,409439,37.279,0,False,2.4,177.60000000000002,0.0,0.0,0.0,0.0,65027
1789388430.4569564,37.00833500002045,0.01724009995814413,409460,37.3,0,False,2.4,177.60000000000002,0.0,0.0,0.0,0.0,65027
1789388430.4780877,37.029117900063284,0.020782900042831898,409480,37.32,0,False,2.4,177.60000000000002,0.0,0.0,0.0,0.0,65027
1789388430.5008945,37.05127860000357,0.022160699940286577,409500,37.34,0,False,2.4,177.60000000000002,0.0,0.0,0.0,0.0,65027
1789388430.519396,37.06972979998682,0.018451199983246624,409520,37.36,0,False,2.4,177.60000000000002,0.0,0.0,0.0,0.0,65027
1789388430.5390542,37.089451100095175,0.019721300108358264,409540,37.38,0,False,2.4,177.60000000000002,0.0,0.0,0.0,0.0,65027
1789388430.5593143,37.11021760001313,0.020766499917954206,409560,37.4,0,False,2.4,177.60000000000002,0.0,0.0,0.0,0.0,65027
1789388430.5777884,37.12927140004467,0.019053800031542778,409580,37.42,0,False,2.4,177.60000000000002,0.0,0.0,0.0,0.0,65027
1789388430.597674,37.14783420006279,0.018562800018116832,409600,37.44,0,False,2.4,177.60000000000002,0.0,0.0,0.0,0.0,65027
1789388430.6220617,37.17273330001626,0.024899099953472614,409621,37.461,0,False,2.4,177.60000000000002,0.0,0.0,0.0,0.0,65027
1789388430.643484,37.19388230005279,0.021149000036530197,409646,37.486,0,False,2.4,177.60000000000002,0.0,0.0,0.0,0.0,65027
1789388430.6591096,37.209593800012954,0.015711499960161746,409661,37.501,0,False,2.4,177.60000000000002,0.0,0.0,0.0,0.0,65027
1789388430.6765785,37.2273409999907,0.017747199977748096,409681,37.521,0,False,2.4,177.60000000000002,0.0,0.0,0.0,0.0,65027
1789388430.7023737,37.25331649999134,0.02597550000064075,409701,37.541,0,False,2.4,177.60000000000002,0.0,0.0,0.0,0.0,65027
1789388430.7196388,37.270024400088005,0.016707900096662343,409721,37.561,0,False,2.4,177.60000000000002,0.0,0.0,0.0,0.0,65027
1789388430.740571,37.290982700069435,0.020958299981430173,409742,37.582,0,False,2.4,177.60000000000002,0.0,0.0,0.0,0.0,65027
1789388430.7592685,37.30940660007764,0.0184239000082016,409764,37.604,0,False,2.4,177.60000000000002,0.0,0.0,0.0,0.0,65027
1789388430.7775924,37.32816620008089,0.018759600003249943,409782,37.622,0,False,2.4,177.60000000000002,0.0,0.0,0.0,0.0,65027
1789388430.7991552,37.34946110006422,0.02129489998333156,409802,37.642,0,False,2.4,177.60000000000002,0.0,0.0,0.0,0.0,65027
1789388430.8213975,37.372208400047384,0.022747299983166158,409822,37.662,0,False,2.4,177.60000000000002,0.0,0.0,0.0,0.0,65027
1789388430.8368526,37.38705600006506,0.014847600017674267,409843,37.683,0,False,2.4,177.60000000000002,0.0,0.0,0.0,0.0,65027
1789388430.8565283,37.4074611000251,0.020405099960044026,409863,37.703,0,False,2.4,177.60000000000002,0.0,0.0,0.0,0.0,65027
1789388430.8775506,37.427762700011954,0.020301599986851215,409883,37.723,0,False,2.4,177.60000000000002,0.0,0.0,0.0,0.0,65027
1789388430.8980873,37.448686800082214,0.020924100070260465,409903,37.743,0,False,2.4,177.60000000000002,0.0,0.0,0.0,0.0,65027
1789388430.9189188,37.469650299986824,0.020963499904610217,409923,37.763,0,False,2.4,177.60000000000002,0.0,0.0,0.0,0.0,65027
1789388430.9378905,37.48833309998736,0.01868280000053346,409943,37.783,0,False,2.4,177.60000000000002,0.0,0.0,0.0,0.0,65027
1789388430.9590845,37.509642800083384,0.021309700096026063,409964,37.804,0,False,2.4,177.60000000000002,0.0,0.0,0.0,0.0,65027
1789388430.9779692,37.52810330002103,0.01846049993764609,409984,37.824,0,False,2.4,177.60000000000002,0.0,0.0,0.0,0.0,65027
1789388430.9989653,37.54860400001053,0.02050069998949766,410004,37.844,0,False,2.4,177.60000000000002,0.0,0.0,0.0,0.0,65027
1789388431.019883,37.57066220010165,0.02205820009112358,410024,37.864,0,False,2.4,177.60000000000002,0.0,0.0,0.0,0.0,65027
1789388431.0380177,37.58825350005645,0.017591299954801798,410045,37.885,0,False,2.4,177.60000000000002,0.0,0.0,0.0,0.0,65027
1789388431.0556297,37.60672380006872,0.018470300012268126,410064,37.904,0,False,2.4,177.60000000000002,0.0,0.0,0.0,0.0,65027
1789388431.0762126,37.626680099987425,0.019956299918703735,410084,37.924,0,False,2.4,177.60000000000002,0.0,0.0,0.0,0.0,65027
1789388431.0968451,37.64720710006077,0.020527000073343515,410104,37.944,0,False,2.4,177.60000000000002,0.0,0.0,0.0,0.0,65027
1789388431.117631,37.668303000042215,0.021095899981446564,410125,37.965,0,False,2.4,177.60000000000002,0.0,0.0,0.0,0.0,65027
1789388431.1373963,37.68771440000273,0.019411399960517883,410145,37.985,0,False,2.4,177.60000000000002,0.0,0.0,0.0,0.0,65027
1789388431.1569154,37.70759060001001,0.019876200007274747,410165,38.005,0,False,2.4,177.60000000000002,0.0,0.0,0.0,0.0,65027
1789388431.1753478,37.726403500069864,0.018812900059856474,410185,38.025,0,False,2.4,177.60000000000002,0.0,0.0,0.0,0.0,65027
1789388431.198127,37.7484205000801,0.022017000010237098,410205,38.045,0,False,2.4,177.60000000000002,0.0,0.0,0.0,0.0,65027
1789388431.2183263,37.7686172000831,0.020196700002998114,410225,38.065,0,False,2.4,177.60000000000002,0.0,0.0,0.0,0.0,65027
1789388431.2369487,37.78778050001711,0.019163299934007227,410246,38.086,0,False,2.4,177.60000000000002,0.0,0.0,0.0,0.0,65027
1789388431.2573578,37.80749300005846,0.019712500041350722,410266,38.106,0,False,2.4,177.60000000000002,0.0,0.0,0.0,0.0,65027
1789388431.2765207,37.826704300008714,0.019211299950256944,410286,38.126,0,False,2.4,177.60000000000002,0.0,0.0,0.0,0.0,65027
1789388431.29695,37.84744809998665,0.02074379997793585,410306,38.146,0,False,2.4,177.60000000000002,0.0,0.0,0.0,0.0,65027
1789388431.3177845,37.86860940000042,0.021161300013773143,410326,38.166,0,False,2.4,177.60000000000002,0.0,0.0,0.0,0.0,65027
1789388431.337238,37.88786970009096,0.019260300090536475,410347,38.187,0,False,2.4,177.60000000000002,0.0,0.0,0.0,0.0,65027
1789388431.3560715,37.90672780002933,0.018858099938370287,410366,38.206,0,False,2.4,177.60000000000002,0.0,0.0,0.0,0.0,65027
1789388431.3761363,37.92704990005586,0.020322100026533008,410387,38.227,0,False,2.4,177.60000000000002,0.0,0.0,0.0,0.0,65027
1789388431.396156,37.94680959999096,0.019759699935093522,410407,38.247,0,False,2.4,177.60000000000002,0.0,0.0,0.0,0.0,65027
1789388431.417659,37.968776200083084,0.02196660009212792,410427,38.267,0,False,2.4,177.60000000000002,0.0,0.0,0.0,0.0,65027
1789388431.4376152,37.988602100056596,0.019825899973511696,410447,38.287,0,False,2.4,177.60000000000002,0.0,0.0,0.0,0.0,65027
1789388431.458236,38.00847810006235,0.019876000005751848,410467,38.307,0,False,2.4,177.60000000000002,0.0,0.0,0.0,0.0,65027
1789388431.4761846,38.0264174999902,0.017939399927854538,410487,38.327,0,False,2.4,177.60000000000002,0.0,0.0,0.0,0.0,65027
1789388431.4970171,38.047508700052276,0.021091200062073767,410507,38.347,0,False,2.4,177.60000000000002,0.0,0.0,0.0,0.0,65027
1789388431.5179946,38.06875229999423,0.021243599941954017,410528,38.368,0,False,2.4,177.60000000000002,0.0,0.0,0.0,0.0,65027
1789388431.5382013,38.088478600024246,0.01972630003001541,410548,38.388,0,False,2.4,177.60000000000002,0.0,0.0,0.0,0.0,65027
1789388431.5562277,38.107291700085625,0.018813100061379373,410568,38.408,0,False,2.4,177.60000000000002,0.0,0.0,0.0,0.0,65027
1789388431.5764594,38.12686540000141,0.019573699915781617,410588,38.428,0,False,2.4,177.60000000000002,0.0,0.0,0.0,0.0,65027
1789388431.5966127,38.14745470008347,0.020589300082065165,410608,38.448,0,False,2.4,177.60000000000002,0.0,0.0,0.0,0.0,65027
1789388431.6179495,38.168336200062186,0.02088149997871369,410628,38.468,0,False,2.4,177.60000000000002,0.0,0.0,0.0,0.0,65027
1789388431.6377697,38.18798839999363,0.019652199931442738,410649,38.489,0,False,2.4,177.60000000000002,0.0,0.0,0.0,0.0,65027
1789388431.6574156,38.20747960009612,0.019491200102493167,410669,38.509,0,False,2.4,177.60000000000002,0.0,0.0,0.0,0.0,65027
1789388431.6769102,38.227329900022596,0.01985029992647469,410689,38.529,0,False,2.4,177.60000000000002,0.0,0.0,0.0,0.0,65027
1789388431.696129,38.24669790000189,0.019367999979294837,410709,38.549,0,False,2.4,177.60000000000002,0.0,0.0,0.0,0.0,65027
1789388431.7181783,38.26908190001268,0.02238400001078844,410729,38.569,0,False,2.4,177.60000000000002,0.0,0.0,0.0,0.0,65027
1789388431.7363143,38.287715499987826,0.018633599975146353,410749,38.589,0,False,2.4,177.60000000000002,0.0,0.0,0.0,0.0,65027
1789388431.7581713,38.30911420006305,0.021398700075224042,410771,38.611,0,False,2.4,177.60000000000002,0.0,0.0,0.0,0.0,65027
1789388431.7768066,38.3270412000129,0.017926999949850142,410790,38.63,0,False,2.4,177.60000000000002,0.0,0.0,0.0,0.0,65027
1789388431.7969556,38.34752930002287,0.020488100009970367,410810,38.65,0,False,2.4,177.60000000000002,0.0,0.0,0.0,0.0,65027
1789388431.8177078,38.369244200061075,0.021714900038205087,410830,38.67,0,False,2.4,177.60000000000002,0.0,0.0,0.0,0.0,65027
1789388431.83701,38.38785160006955,0.01860740000847727,410850,38.69,0,False,2.4,177.60000000000002,0.0,0.0,0.0,0.0,65027
1789388431.8567634,38.40722580009606,0.019374200026504695,410871,38.711,0,False,2.4,177.60000000000002,0.0,0.0,0.0,0.0,65027
1789388431.8757768,38.42687319999095,0.01964739989489317,410890,38.73,0,False,2.4,177.60000000000002,0.0,0.0,0.0,0.0,65027
1789388431.900498,38.45064809999894,0.023774900007992983,410911,38.751,0,False,2.4,177.60000000000002,0.0,0.0,0.0,0.0,65027
1789388431.9183202,38.46845490008127,0.017806800082325935,410931,38.771,0,False,2.4,177.60000000000002,0.0,0.0,0.0,0.0,65027
1789388431.9371274,38.48815780004952,0.019702899968251586,410951,38.791,0,False,2.4,177.60000000000002,0.0,0.0,0.0,0.0,65027
1789388431.9563658,38.507214899989776,0.019057099940255284,410971,38.811,0,False,2.4,177.60000000000002,0.0,0.0,0.0,0.0,65027
1789388431.9760387,38.52664180006832,0.01942690007854253,410991,38.831,0,False,2.4,177.60000000000002,0.0,0.0,0.0,0.0,65027
1789388431.9982612,38.54905010003131,0.022408299962989986,411011,38.851,0,False,2.4,177.60000000000002,0.0,0.0,0.0,0.0,65027
1789388432.018183,38.56871320004575,0.019663100014440715,411032,38.872,0,False,2.4,177.60000000000002,0.0,0.0,0.0,0.0,65027
1789388432.0373719,38.58839910000097,0.01968589995522052,411052,38.892,0,False,2.4,177.60000000000002,0.0,0.0,0.0,0.0,65027
1789388432.0581932,38.60857909999322,0.020179999992251396,411072,38.912,0,False,2.4,177.60000000000002,0.0,0.0,0.0,0.0,65027
1789388432.0762143,38.626687600044534,0.01810850005131215,411092,38.932,0,False,2.4,177.60000000000002,0.0,0.0,0.0,0.0,65027
1789388432.0974808,38.64763070002664,0.020943099982105196,411112,38.952,0,False,2.4,177.60000000000002,0.0,0.0,0.0,0.0,65027
1789388432.1196437,38.67114470002707,0.023514000000432134,411133,38.973,0,False,2.4,177.60000000000002,0.0,0.0,0.0,0.0,65027
1789388432.1383445,38.68868200003635,0.017537300009280443,411153,38.993,0,False,2.4,177.60000000000002,0.0,0.0,0.0,0.0,65027
1789388432.1557589,38.70678250002675,0.0181004999903962,411173,39.013,0,False,2.4,177.60000000000002,0.0,0.0,0.0,0.0,65027
1789388432.1765163,38.72706840001047,0.02028589998371899,411193,39.033,0,False,2.4,177.60000000000002,0.0,0.0,0.0,0.0,65027
1789388432.1973462,38.74742530006915,0.020356900058686733,411213,39.053,0,False,2.4,177.60000000000002,0.0,0.0,0.0,0.0,65027
1789388432.2161622,38.76648160000332,0.01905629993416369,411233,39.073,0,False,2.4,177.60000000000002,0.0,0.0,0.0,0.0,65027
1789388432.2360363,38.78695780003909,0.020476200035773218,411253,39.093,0,False,2.4,177.60000000000002,0.0,0.0,0.0,0.0,65027
1789388432.2652555,38.81576680007856,0.028809000039473176,411274,39.114,0,False,2.4,177.60000000000002,0.0,0.0,0.0,0.0,65027
1789388432.2764044,38.82690950005781,0.011142699979245663,411294,39.134,0,False,2.4,177.60000000000002,0.0,0.0,0.0,0.0,65027
1789388432.2957027,38.84664300002623,0.01973349996842444,411314,39.154,0,False,2.4,177.60000000000002,0.0,0.0,0.0,0.0,65027
1789388432.3183355,38.86848290008493,0.021839900058694184,411334,39.174,0,False,2.4,177.60000000000002,0.0,0.0,0.0,0.0,65027
1789388432.3395033,38.89031210006215,0.021829199977219105,411357,39.197,0,False,2.4,177.60000000000002,0.0,0.0,0.0,0.0,65027
1789388432.3561296,38.90640100010205,0.01608890003990382,411374,39.214,0,False,2.4,177.60000000000002,0.0,0.0,0.0,0.0,65027
1789388432.3767397,38.926813400001265,0.020412399899214506,411395,39.235,0,False,2.4,177.60000000000002,0.0,0.0,0.0,0.0,65027
1789388432.3979332,38.94857400003821,0.02176060003694147,411415,39.255,0,False,2.4,177.60000000000002,0.0,0.0,0.0,0.0,65027
1789388432.4363198,38.98640090005938,0.03782690002117306,411453,39.293,0,False,2.4,177.60000000000002,0.0,0.0,0.0,0.0,65027
1789388432.4428506,38.99336379999295,0.006962899933569133,411461,39.301,0,False,2.4,177.60000000000002,0.0,0.0,0.0,0.0,65027
1789388432.457405,39.00835990009364,0.014996100100688636,411476,39.316,0,False,2.4,177.60000000000002,0.0,0.0,0.0,0.0,65027
1789388432.475898,39.0271298000589,0.018769899965263903,411495,39.335,0,False,2.4,177.60000000000002,0.0,0.0,0.0,0.0,65027
1789388432.504096,39.05416920001153,0.02703939995262772,411516,39.356,0,False,2.4,177.60000000000002,0.0,0.0,0.0,0.0,65027
1789388432.5172262,39.068203900009394,0.014034699997864664,411536,39.376,0,False,2.4,177.60000000000002,0.0,0.0,0.0,0.0,65027
1789388432.538948,39.089769300073385,0.021565400063991547,411557,39.397,0,False,2.4,177.60000000000002,0.0,0.0,0.0,0.0,65027
1789388432.5607984,39.1112764000427,0.02150709996931255,411576,39.416,0,False,2.4,177.60000000000002,0.0,0.0,0.0,0.0,65027
1789388432.5823998,39.13393640005961,0.022660000016912818,411598,39.438,0,False,2.4,177.60000000000002,0.0,0.0,0.0,0.0,65027
1789388432.5963228,39.147366899996996,0.01343049993738532,411616,39.456,0,False,2.4,177.60000000000002,0.0,0.0,0.0,0.0,65027
1789388432.6173263,39.167755800066516,0.020388900069519877,411637,39.477,0,False,2.4,177.60000000000002,0.0,0.0,0.0,0.0,65027
1789388432.6359906,39.1866351000499,0.018879299983382225,411657,39.497,0,False,2.4,177.60000000000002,0.0,0.0,0.0,0.0,65027
1789388432.656732,39.2075508000562,0.02091570000629872,411677,39.517,0,False,2.4,177.60000000000002,0.0,0.0,0.0,0.0,65027
1789388432.6755037,39.226351400022395,0.018800599966198206,411697,39.537,0,False,2.4,177.60000000000002,0.0,0.0,0.0,0.0,65027
1789388432.6961741,39.24639240000397,0.020040999981574714,411717,39.557,0,False,2.4,177.60000000000002,0.0,0.0,0.0,0.0,65027
1789388432.718102,39.26821380003821,0.02182140003424138,411737,39.577,0,False,2.4,177.60000000000002,0.0,0.0,0.0,0.0,65027
1789388432.7374914,39.288594100042246,0.020380300004035234,411758,39.598,0,False,2.4,177.60000000000002,0.0,0.0,0.0,0.0,65027
1789388432.7569437,39.3079863000894,0.019392200047150254,411778,39.618,0,False,2.4,177.60000000000002,0.0,0.0,0.0,0.0,65027
1789388432.776565,39.327539000078104,0.0195526999887079,411798,39.638,0,False,2.4,177.60000000000002,0.0,0.0,0.0,0.0,65027
1789388432.800075,39.35039430006873,0.02285529999062419,411818,39.658,0,False,2.4,177.60000000000002,0.0,0.0,0.0,0.0,65027
1789388432.8157735,39.36666070006322,0.01626639999449253,411838,39.678,0,False,2.4,177.60000000000002,0.0,0.0,0.0,0.0,65027
1789388432.8369865,39.387863200041465,0.021202499978244305,411859,39.699,0,False,2.4,177.60000000000002,0.0,0.0,0.0,0.0,65027
1789388432.85622,39.40664280008059,0.01877960003912449,411879,39.719,0,False,2.4,177.60000000000002,0.0,0.0,0.0,0.0,65027
1789388432.8760204,39.42688230006024,0.020239499979652464,411899,39.739,0,False,2.4,177.60000000000002,0.0,0.0,0.0,0.0,65027
1789388432.8961272,39.4470778000541,0.02019549999386072,411919,39.759,0,False,2.4,177.60000000000002,0.0,0.0,0.0,0.0,65027
1789388432.9166346,39.46675330004655,0.01967549999244511,411939,39.779,0,False,2.4,177.60000000000002,0.0,0.0,0.0,0.0,65027
1789388432.937258,39.48777880007401,0.02102550002746284,411959,39.799,0,False,2.4,177.60000000000002,0.0,0.0,0.0,0.0,65027
1789388432.956498,39.507723000016995,0.019944199942983687,411980,39.82,0,False,2.4,177.60000000000002,0.0,0.0,0.0,0.0,65027
1789388432.9764876,39.527082000044174,0.019359000027179718,412000,39.84,0,False,2.4,177.60000000000002,0.0,0.0,0.0,0.0,65027
1789388432.9965568,39.54707289999351,0.019990899949334562,412020,39.86,0,False,2.4,177.60000000000002,0.0,0.0,0.0,0.0,65027
1789388433.017813,39.56841260008514,0.02133970009163022,412040,39.88,0,False,2.4,177.60000000000002,0.0,0.0,0.0,0.0,65027
1789388433.039438,39.589647600078024,0.021234999992884696,412061,39.901,0,False,2.4,177.60000000000002,0.0,0.0,0.0,0.0,65027
1789388433.0557907,39.606910000089556,0.01726240001153201,412080,39.92,0,False,2.4,177.60000000000002,0.0,0.0,0.0,0.0,65027
1789388433.0761638,39.626993700047024,0.020083699957467616,412100,39.94,0,False,2.4,177.60000000000002,0.0,0.0,0.0,0.0,65027
1789388433.096513,39.64755530003458,0.02056159998755902,412121,39.961,0,False,2.4,177.60000000000002,0.0,0.0,0.0,0.0,65027
1789388433.1162271,39.66677340003662,0.0192181000020355,412141,39.981,0,False,2.4,177.60000000000002,0.0,0.0,0.0,0.0,65027
1789388433.1362307,39.686916700098664,0.020143300062045455,412161,40.001,0,False,2.4,177.60000000000002,0.0,0.0,0.0,0.0,65027
1789388433.157403,39.70796020003036,0.021043499931693077,412181,40.021,0,False,2.4,177.60000000000002,0.0,0.0,0.0,0.0,65027
1789388433.212399,39.76297350006644,0.05501330003608018,412201,40.041,0,False,2.4,177.60000000000002,0.0,0.0,0.0,0.0,65027
1789388433.2368295,39.78701600001659,0.024042499950155616,412262,40.102,0,False,2.4,177.60000000000002,0.0,0.0,0.0,0.0,65027
1789388433.2606301,39.81072750000749,0.02371149999089539,412282,40.122,0,False,2.4,177.60000000000002,0.0,0.0,0.0,0.0,65027
1789388433.2808042,39.83091170003172,0.02018420002423227,412302,40.142,0,False,2.4,177.60000000000002,0.0,0.0,0.0,0.0,65027
1789388433.2960293,39.84637340006884,0.015461700037121773,412322,40.162,0,False,2.4,177.60000000000002,0.0,0.0,0.0,0.0,65027
1789388433.3171546,39.86788500007242,0.02151160000357777,412342,40.182,0,False,2.4,177.60000000000002,0.0,0.0,0.0,0.0,65027
1789388433.3362021,39.88668910006527,0.018804099992848933,412363,40.203,0,False,2.4,177.60000000000002,0.0,0.0,0.0,0.0,65027
1789388433.3560617,39.90705410006922,0.020365000003948808,412383,40.223,0,False,2.4,177.60000000000002,0.0,0.0,0.0,0.0,65027
1789388433.375674,39.92658200010192,0.019527900032699108,412403,40.243,0,False,2.4,177.60000000000002,0.0,0.0,0.0,0.0,65027
1789388433.395798,39.94685720000416,0.020275199902243912,412423,40.263,0,False,2.4,177.60000000000002,0.0,0.0,0.0,0.0,65027
1789388433.416911,39.96725190000143,0.020394699997268617,412443,40.283,0,False,2.4,177.60000000000002,0.0,0.0,0.0,0.0,65027
1789388433.438026,39.988637300091796,0.021385400090366602,412463,40.303,0,False,2.4,177.60000000000002,0.0,0.0,0.0,0.0,65027
1789388433.4566634,40.0068560000509,0.018218699959106743,412484,40.324,0,False,2.4,177.60000000000002,0.0,0.0,0.0,0.0,65027
1789388433.4762695,40.026915200054646,0.02005920000374317,412504,40.344,0,False,2.4,177.60000000000002,0.0,0.0,0.0,0.0,65027
1789388433.4973311,40.04753820004407,0.020622999989427626,412524,40.364,0,False,2.4,177.60000000000002,0.0,0.0,0.0,0.0,65027
1789388433.5169647,40.06754700001329,0.02000879996921867,412544,40.384,0,False,2.4,177.60000000000002,0.0,0.0,0.0,0.0,65027
1789388433.5361252,40.08716320001986,0.019616200006566942,412564,40.404,0,False,2.4,177.60000000000002,0.0,0.0,0.0,0.0,65027
1789388433.5558321,40.10672160005197,0.019558400032110512,412584,40.424,0,False,2.4,177.60000000000002,0.0,0.0,0.0,0.0,65027
1789388433.5759706,40.12668870005291,0.019967100000940263,412605,40.445,0,False,2.4,177.60000000000002,0.0,0.0,0.0,0.0,65027
1789388433.6689274,40.21946890000254,0.0927801999496296,412698,40.538,0,False,2.4,177.60000000000002,0.0,0.0,0.0,0.0,65027
1789388433.6830013,40.23344990005717,0.013981000054627657,412705,40.545,0,False,2.4,177.60000000000002,0.0,0.0,0.0,0.0,65027
1789388433.6975448,40.24760350002907,0.01415359997190535,412726,40.566,0,False,2.4,177.60000000000002,0.0,0.0,0.0,0.0,65027
1789388433.7173002,40.26817470008973,0.020571200060658157,412746,40.586,0,False,2.4,177.60000000000002,0.0,0.0,0.0,0.0,65027
1789388433.7563255,40.306800100021064,0.03862539993133396,412766,40.606,0,False,2.4,177.60000000000002,0.0,0.0,0.0,0.0,65027
1789388433.7628524,40.31363950006198,0.0068394000409170985,412793,40.633,0,False,2.4,177.60000000000002,0.0,0.0,0.0,0.0,65027
1789388433.7758853,40.32680230005644,0.013162799994461238,412806,40.646,0,False,2.4,177.60000000000002,0.0,0.0,0.0,0.0,65027
1789388433.8009405,40.35113250010181,0.024330200045369565,412826,40.666,0,False,2.4,177.60000000000002,0.0,0.0,0.0,0.0,65027
1789388433.824669,40.374894900014624,0.023762399912811816,412852,40.692,0,False,2.4,177.60000000000002,0.0,0.0,0.0,0.0,65027
1789388433.8569372,40.40767079999205,0.03277589997742325,412887,40.727,0,False,2.4,177.60000000000002,0.0,0.0,0.0,0.0,65027
1789388433.864844,40.415637900005095,0.007967100013047457,412894,40.734,0,False,2.4,177.60000000000002,0.0,0.0,0.0,0.0,65027
1789388433.876735,40.42710110009648,0.011463200091384351,412907,40.747,0,False,2.4,177.60000000000002,0.0,0.0,0.0,0.0,65027
1789388433.8963637,40.446891400031745,0.019790299935266376,412927,40.767,0,False,2.4,177.60000000000002,0.0,0.0,0.0,0.0,65027
1789388433.916411,40.467230800073594,0.02033940004184842,412947,40.787,0,False,2.4,177.60000000000002,0.0,0.0,0.0,0.0,65027
1789388433.9360397,40.48660180007573,0.019371000002138317,412967,40.807,0,False,2.4,177.60000000000002,0.0,0.0,0.0,0.0,65027
1789388433.9583063,40.50929840002209,0.02269659994635731,412988,40.828,0,False,2.4,177.60000000000002,0.0,0.0,0.0,0.0,65027
1789388433.9759302,40.52642080001533,0.017122399993240833,413008,40.848,0,False,2.4,177.60000000000002,0.0,0.0,0.0,0.0,65027
1789388434.0117223,40.561979299993254,0.03555849997792393,413041,40.881,0,False,2.4,177.60000000000002,0.0,0.0,0.0,0.0,65027
1789388434.0192316,40.56933910003863,0.007359800045378506,413050,40.89,0,False,2.4,177.60000000000002,0.0,0.0,0.0,0.0,65027
1789388434.0373166,40.58764370006975,0.018304600031115115,413068,40.908,0,False,2.4,177.60000000000002,0.0,0.0,0.0,0.0,65027
1789388434.0563715,40.60644550004508,0.018801799975335598,413088,40.928,0,False,2.4,177.60000000000002,0.0,0.0,0.0,0.0,65027
1789388434.0758207,40.625965900020674,0.019520399975590408,413109,40.949,0,False,2.4,177.60000000000002,0.0,0.0,0.0,0.0,65027
1789388434.0959492,40.646425100043416,0.020459200022742152,413129,40.969,0,False,2.4,177.60000000000002,0.0,0.0,0.0,0.0,65027
1789388434.1157758,40.666469200048596,0.020044100005179644,413149,40.989,0,False,2.4,177.60000000000002,0.0,0.0,0.0,0.0,65027
1789388434.1359968,40.68681850004941,0.020349300000816584,413169,41.009,0,False,2.4,177.60000000000002,0.0,0.0,0.0,0.0,65027
1789388434.1570234,40.707758600008674,0.020940099959261715,413189,41.029,0,False,2.4,177.60000000000002,0.0,0.0,0.0,0.0,65027
1789388434.1756465,40.726528600091115,0.018770000082440674,413209,41.049,0,False,2.4,177.60000000000002,0.0,0.0,0.0,0.0,65027
1789388434.1966598,40.74744599999394,0.020917399902828038,413229,41.069,0,False,2.4,177.60000000000002,0.0,0.0,0.0,0.0,65027
1789388434.2161987,40.76650160003919,0.019055600045248866,413250,41.09,0,False,2.4,177.60000000000002,0.0,0.0,0.0,0.0,65027
1789388434.23621,40.78666790004354,0.02016630000434816,413270,41.11,0,False,2.4,177.60000000000002,0.0,0.0,0.0,0.0,65027
1789388434.255819,40.80614840006456,0.019480500021018088,413290,41.13,0,False,2.4,177.60000000000002,0.0,0.0,0.0,0.0,65027
1789388434.2769356,40.8277103001019,0.02156190003734082,413310,41.15,0,False,2.4,177.60000000000002,0.0,0.0,0.0,0.0,65027
1789388434.2956955,40.84632820007391,0.01861789997201413,413330,41.17,0,False,2.4,177.60000000000002,0.0,0.0,0.0,0.0,65027
1789388434.3172836,40.86749520001467,0.021166999940760434,413350,41.19,0,False,2.4,177.60000000000002,0.0,0.0,0.0,0.0,65027
1789388434.33631,40.88687310006935,0.01937790005467832,413371,41.211,0,False,2.4,177.60000000000002,0.0,0.0,0.0,0.0,65027
1789388434.355924,40.90617780003231,0.019304699962958694,413391,41.231,0,False,2.4,177.60000000000002,0.0,0.0,0.0,0.0,65027
1789388434.3755724,40.92627420008648,0.02009640005417168,413411,41.251,0,False,2.4,177.60000000000002,0.0,0.0,0.0,0.0,65027
1789388434.3957007,40.9464103000937,0.020136100007221103,413431,41.271,0,False,2.4,177.60000000000002,0.0,0.0,0.0,0.0,65027
1789388434.4158576,40.966824000002816,0.020413699909113348,413451,41.291,0,False,2.4,177.60000000000002,0.0,0.0,0.0,0.0,65027
1789388434.43654,40.98709380009677,0.02026980009395629,413471,41.311,0,False,2.4,177.60000000000002,0.0,0.0,0.0,0.0,65027
1789388434.4561439,41.006616500089876,0.019522699993103743,413491,41.331,0,False,2.4,177.60000000000002,0.0,0.0,0.0,0.0,65027
1789388434.478288,41.029076100094244,0.02245960000436753,413512,41.352,0,False,2.4,177.60000000000002,0.0,0.0,0.0,0.0,65027
1789388434.4978926,41.048939700005576,0.01986359991133213,413532,41.372,0,False,2.4,177.60000000000002,0.0,0.0,0.0,0.0,65027
1789388434.5171084,41.06776440003887,0.018824700033292174,413552,41.392,0,False,2.4,177.60000000000002,0.0,0.0,0.0,0.0,65027
1789388434.5412316,41.092063400079496,0.024299000040628016,413572,41.412,0,False,2.4,177.60000000000002,0.0,0.0,0.0,0.0,65027
1789388434.556836,41.106890200055204,0.014826799975708127,413592,41.432,0,False,2.4,177.60000000000002,0.0,0.0,0.0,0.0,65027
1789388434.5794113,41.12950400006957,0.02261380001436919,413613,41.453,0,False,2.4,177.60000000000002,0.0,0.0,0.0,0.0,65027
1789388434.5993526,41.14988100004848,0.020376999978907406,413633,41.473,0,False,2.4,177.60000000000002,0.0,0.0,0.0,0.0,65027
1789388434.6179628,41.16881960001774,0.018938599969260395,413653,41.493,0,False,2.4,177.60000000000002,0.0,0.0,0.0,0.0,65027
1789388434.640827,41.190924099995755,0.022104499978013337,413673,41.513,0,False,2.4,177.60000000000002,0.0,0.0,0.0,0.0,65027
1789388434.6564353,41.20738490007352,0.01646080007776618,413693,41.533,0,False,2.4,177.60000000000002,0.0,0.0,0.0,0.0,65027
1789388434.6862998,41.23670300003141,0.02931809995789081,413713,41.553,0,False,2.4,177.60000000000002,0.0,0.0,0.0,0.0,65027
1789388434.700305,41.250957300071605,0.014254300040192902,413737,41.577,0,False,2.4,177.60000000000002,0.0,0.0,0.0,0.0,65027
1789388434.7179048,41.26798400003463,0.01702669996302575,413753,41.593,0,False,2.4,177.60000000000002,0.0,0.0,0.0,0.0,65027
1789388434.7400079,41.29104470007587,0.023060700041241944,413774,41.614,0,False,2.4,177.60000000000002,0.0,0.0,0.0,0.0,65027
1789388434.7580974,41.30895380000584,0.017909099929966033,413794,41.634,0,False,2.4,177.60000000000002,0.0,0.0,0.0,0.0,65027
1789388434.776765,41.327029500040226,0.01807570003438741,413814,41.654,0,False,2.4,177.60000000000002,0.0,0.0,0.0,0.0,65027
1789388434.7979555,41.34877070004586,0.02174120000563562,413834,41.674,0,False,2.4,177.60000000000002,0.0,0.0,0.0,0.0,65027
1789388434.8173358,41.36804070009384,0.01927000004798174,413855,41.695,0,False,2.4,177.60000000000002,0.0,0.0,0.0,0.0,65027
1789388434.836975,41.3879912000848,0.019950499990954995,413875,41.715,0,False,2.4,177.60000000000002,0.0,0.0,0.0,0.0,65027
1789388434.8555994,41.406420600018464,0.01842939993366599,413895,41.735,0,False,2.4,177.60000000000002,0.0,0.0,0.0,0.0,65027
1789388434.875326,41.42630330007523,0.019882700056768954,413915,41.755,0,False,2.4,177.60000000000002,0.0,0.0,0.0,0.0,65027
1789388434.8964074,41.446561800083145,0.020258500007912517,413935,41.775,0,False,2.4,177.60000000000002,0.0,0.0,0.0,0.0,65027
1789388434.9173975,41.4677366000833,0.021174800000153482,413956,41.796,0,False,2.4,177.60000000000002,0.0,0.0,0.0,0.0,65027
1789388434.9373128,41.48793080006726,0.02019419998396188,413976,41.816,0,False,2.4,177.60000000000002,0.0,0.0,0.0,0.0,65027
1789388434.956014,41.50701270007994,0.019081900012679398,413995,41.835,0,False,2.4,177.60000000000002,0.0,0.0,0.0,0.0,65027
1789388434.9761076,41.52696170005947,0.019948999979533255,414016,41.856,0,False,2.4,177.60000000000002,0.0,0.0,0.0,0.0,65027
1789388434.9977753,41.54820020007901,0.021238500019535422,414036,41.876,0,False,2.4,177.60000000000002,0.0,0.0,0.0,0.0,65027
1789388435.0170434,41.56727440003306,0.0190741999540478,414056,41.896,0,False,2.4,177.60000000000002,0.0,0.0,0.0,0.0,65027
1789388435.0361457,41.587189899990335,0.01991549995727837,414076,41.916,0,False,2.4,177.60000000000002,0.0,0.0,0.0,0.0,65027
1789388435.0568838,41.60723780002445,0.02004790003411472,414096,41.936,0,False,2.4,177.60000000000002,0.0,0.0,0.0,0.0,65027
1789388435.0766199,41.62669609999284,0.019458299968391657,414116,41.956,0,False,2.4,177.60000000000002,0.0,0.0,0.0,0.0,65027
1789388435.09625,41.646477100090124,0.01978100009728223,414137,41.977,0,False,2.4,177.60000000000002,0.0,0.0,0.0,0.0,65027
1789388435.1194043,41.669467200059444,0.02299009996932,414157,41.997,0,False,2.4,177.60000000000002,0.0,0.0,0.0,0.0,65027
1789388435.136205,41.68703790009022,0.017570700030773878,414177,42.017,0,False,2.4,177.60000000000002,0.0,0.0,0.0,0.0,65027
1789388435.159297,41.70950019999873,0.02246229990851134,414197,42.037,0,False,2.4,177.60000000000002,0.0,0.0,0.0,0.0,65027
1789388435.1766436,41.727558900020085,0.018058700021356344,414217,42.057,0,False,2.4,177.60000000000002,0.0,0.0,0.0,0.0,65027
1789388435.1969616,41.74737750005443,0.019818600034341216,414237,42.077,0,False,2.4,177.60000000000002,0.0,0.0,0.0,0.0,65027
1789388435.2216973,41.77249480003957,0.025117299985140562,414258,42.098,0,False,2.4,177.60000000000002,0.0,0.0,0.0,0.0,65027
1789388435.2388835,41.78902970009949,0.01653490005992353,414279,42.119,0,False,2.4,177.60000000000002,0.0,0.0,0.0,0.0,65027
1789388435.256047,41.806190700037405,0.017160999937914312,414298,42.138,0,False,2.4,177.60000000000002,0.0,0.0,0.0,0.0,65027
1789388435.276705,41.82697440008633,0.020783700048923492,414318,42.158,0,False,2.4,177.60000000000002,0.0,0.0,0.0,0.0,65027
1789388435.2956207,41.84639900003094,0.019424599944613874,414338,42.178,0,False,2.4,177.60000000000002,0.0,0.0,0.0,0.0,65027
1789388435.3164783,41.86730670009274,0.020907700061798096,414358,42.198,0,False,2.4,177.60000000000002,0.0,0.0,0.0,0.0,65027
1789388435.3392277,41.89011640008539,0.022809699992649257,414379,42.219,0,False,2.4,177.60000000000002,0.0,0.0,0.0,0.0,65027
1789388435.356938,41.90714290004689,0.01702649996150285,414399,42.239,0,False,2.4,177.60000000000002,0.0,0.0,0.0,0.0,65027
1789388435.3775895,41.9282658000011,0.02112289995420724,414419,42.259,0,False,2.4,177.60000000000002,0.0,0.0,0.0,0.0,65027
1789388435.3968158,41.94739310001023,0.01912730000913143,414439,42.279,0,False,2.4,177.60000000000002,0.0,0.0,0.0,0.0,65027
1789388435.4165092,41.96733310003765,0.019940000027418137,414459,42.299,0,False,2.4,177.60000000000002,0.0,0.0,0.0,0.0,65027
1789388435.437664,41.988652800093405,0.021319700055755675,414479,42.319,0,False,2.4,177.60000000000002,0.0,0.0,0.0,0.0,65027
1789388435.4578736,42.00805170007516,0.019398899981752038,414500,42.34,0,False,2.4,177.60000000000002,0.0,0.0,0.0,0.0,65027
1789388435.4762926,42.02685730007943,0.018805600004270673,414520,42.36,0,False,2.4,177.60000000000002,0.0,0.0,0.0,0.0,65027
1789388435.4961548,42.04673320008442,0.0198759000049904,414540,42.38,0,False,2.4,177.60000000000002,0.0,0.0,0.0,0.0,65027
1789388435.516138,42.06692600005772,0.02019279997330159,414560,42.4,0,False,2.4,177.60000000000002,0.0,0.0,0.0,0.0,65027
1789388435.5367384,42.087309100083075,0.020383100025355816,414581,42.421,0,False,2.4,177.60000000000002,0.0,0.0,0.0,0.0,65027
1789388435.5563757,42.10660010005813,0.019290999975055456,414600,42.44,0,False,2.4,177.60000000000002,0.0,0.0,0.0,0.0,65027
1789388435.5758898,42.12634890002664,0.019748799968510866,414621,42.461,0,False,2.4,177.60000000000002,0.0,0.0,0.0,0.0,65027
1789388435.5967448,42.14767470001243,0.021325799985788763,414641,42.481,0,False,2.4,177.60000000000002,0.0,0.0,0.0,0.0,65027
1789388435.618133,42.169028900098056,0.021354200085625052,414661,42.501,0,False,2.4,177.60000000000002,0.0,0.0,0.0,0.0,65027
1789388435.636579,42.18793070001993,0.018901799921877682,414681,42.521,0,False,2.4,177.60000000000002,0.0,0.0,0.0,0.0,65027
1789388435.655886,42.20599280006718,0.01806210004724562,414701,42.541,0,False,2.4,177.60000000000002,0.0,0.0,0.0,0.0,65027
1789388435.6777146,42.22872500005178,0.02273219998460263,414722,42.562,0,False,2.4,177.60000000000002,0.0,0.0,0.0,0.0,65027
1789388435.696767,42.24755200010259,0.01882700005080551,414742,42.582,0,False,2.4,177.60000000000002,0.0,0.0,0.0,0.0,65027
1789388435.7176208,42.268312800093554,0.020760799990966916,414763,42.603,0,False,2.4,177.60000000000002,0.0,0.0,0.0,0.0,65027
1789388435.7359004,42.286802000016905,0.018489199923351407,414782,42.622,0,False,2.4,177.60000000000002,0.0,0.0,0.0,0.0,65027
1789388435.758031,42.30895189999137,0.02214989997446537,414803,42.643,0,False,2.4,177.60000000000002,0.0,0.0,0.0,0.0,65027
1789388435.7776449,42.32813740009442,0.01918550010304898,414822,42.662,0,False,2.4,177.60000000000002,0.0,0.0,0.0,0.0,65027
1789388435.7965055,42.3468084000051,0.01867099991068244,414843,42.683,0,False,2.4,177.60000000000002,0.0,0.0,0.0,0.0,65027
1789388435.8159184,42.36693150002975,0.02012310002464801,414863,42.703,0,False,2.4,177.60000000000002,0.0,0.0,0.0,0.0,65027
1789388435.8367355,42.38691200001631,0.019980499986559153,414883,42.723,0,False,2.4,177.60000000000002,0.0,0.0,0.0,0.0,65027
1789388435.8557382,42.40696090005804,0.020048900041729212,414903,42.743,0,False,2.4,177.60000000000002,0.0,0.0,0.0,0.0,65027
1789388435.8759975,42.42650629999116,0.0195453999331221,414923,42.763,0,False,2.4,177.60000000000002,0.0,0.0,0.0,0.0,65027
1789388435.8977444,42.44782220001798,0.0213159000268206,414943,42.783,0,False,2.4,177.60000000000002,0.0,0.0,0.0,0.0,65027
1789388435.917429,42.46779680007603,0.019974600058048964,414964,42.804,0,False,2.4,177.60000000000002,0.0,0.0,0.0,0.0,65027
1789388435.936191,42.48655770008918,0.018760900013148785,414984,42.824,0,False,2.4,177.60000000000002,0.0,0.0,0.0,0.0,65027
1789388435.9557827,42.5063101000851,0.019752399995923042,415004,42.844,0,False,2.4,177.60000000000002,0.0,0.0,0.0,0.0,65027
1789388435.980906,42.53170140006114,0.025391299976035953,415024,42.864,0,False,2.4,177.60000000000002,0.0,0.0,0.0,0.0,65027
1789388435.9962842,42.54714620008599,0.015444800024852157,415044,42.884,0,False,2.4,177.60000000000002,0.0,0.0,0.0,0.0,65027
1789388436.0168977,42.567251500091515,0.02010530000552535,415064,42.904,0,False,2.4,177.60000000000002,0.0,0.0,0.0,0.0,65027
1789388436.0362546,42.58708080009092,0.019829299999400973,415085,42.925,0,False,2.4,177.60000000000002,0.0,0.0,0.0,0.0,65027
1789388436.0575197,42.60886310006026,0.02178229996934533,415105,42.945,0,False,2.4,177.60000000000002,0.0,0.0,0.0,0.0,65027
1789388436.0771656,42.62734960007947,0.018486500019207597,415125,42.965,0,False,2.4,177.60000000000002,0.0,0.0,0.0,0.0,65027
1789388436.0963578,42.64714930008631,0.019799700006842613,415145,42.985,0,False,2.4,177.60000000000002,0.0,0.0,0.0,0.0,65027
1789388436.1180255,42.66845730005298,0.021307999966666102,415165,43.005,0,False,2.4,177.60000000000002,0.0,0.0,0.0,0.0,65027
1789388436.1381414,42.68856959999539,0.020112299942411482,415186,43.026,0,False,2.4,177.60000000000002,0.0,0.0,0.0,0.0,65027
1789388436.1562757,42.70676120009739,0.01819160010199994,415206,43.046,0,False,2.4,177.60000000000002,0.0,0.0,0.0,0.0,65027
1789388436.1764445,42.727254800032824,0.02049359993543476,415226,43.066,0,False,2.4,177.60000000000002,0.0,0.0,0.0,0.0,65027
1789388436.198251,42.748794200015254,0.02153939998243004,415246,43.086,0,False,2.4,177.60000000000002,0.0,0.0,0.0,0.0,65027
1789388436.2167466,42.7677119000582,0.018917700042948127,415266,43.106,0,False,2.4,177.60000000000002,0.0,0.0,0.0,0.0,65027
1789388436.2369695,42.78752830007579,0.01981640001758933,415286,43.126,0,False,2.4,177.60000000000002,0.0,0.0,0.0,0.0,65027
1789388436.2553368,42.80659650010057,0.01906820002477616,415306,43.146,0,False,2.4,177.60000000000002,0.0,0.0,0.0,0.0,65027
1789388436.2852278,42.836351300007664,0.02975479990709573,415327,43.167,0,False,2.4,177.60000000000002,0.0,0.0,0.0,0.0,65027
1789388436.2973158,42.84768840007018,0.011337100062519312,415347,43.187,0,False,2.4,177.60000000000002,0.0,0.0,0.0,0.0,65027
1789388436.3151338,42.86656610004138,0.018877699971199036,415367,43.207,0,False,2.4,177.60000000000002,0.0,0.0,0.0,0.0,65027
1789388436.3368807,42.88699750008527,0.02043140004388988,415387,43.227,0,False,2.4,177.60000000000002,0.0,0.0,0.0,0.0,65027
1789388436.3566663,42.907087100087665,0.020089600002393126,415407,43.247,0,False,2.4,177.60000000000002,0.0,0.0,0.0,0.0,65027
1789388436.3765368,42.92683320003562,0.019746099947951734,415428,43.268,0,False,2.4,177.60000000000002,0.0,0.0,0.0,0.0,65027
1789388436.3966725,42.94705359998625,0.020220399950630963,415448,43.288,0,False,2.4,177.60000000000002,0.0,0.0,0.0,0.0,65027
1789388436.4162252,42.96638650004752,0.019332900061272085,415468,43.308,0,False,2.4,177.60000000000002,0.0,0.0,0.0,0.0,65027
1789388436.435808,42.986332100001164,0.019945599953643978,415488,43.328,0,False,2.4,177.60000000000002,0.0,0.0,0.0,0.0,65027
1789388436.4561882,43.0070529000368,0.020720800035633147,415508,43.348,0,False,2.4,177.60000000000002,0.0,0.0,0.0,0.0,65027
1789388436.4764245,43.02661860000808,0.019565699971280992,415528,43.368,0,False,2.4,177.60000000000002,0.0,0.0,0.0,0.0,65027
1789388436.495467,43.04605710005853,0.019438500050455332,415548,43.388,0,False,2.4,177.60000000000002,0.0,0.0,0.0,0.0,65027
1789388436.5160832,43.066604100051336,0.02054699999280274,415569,43.409,0,False,2.4,177.60000000000002,0.0,0.0,0.0,0.0,65027
1789388436.5362625,43.08682760002557,0.020223499974235892,415589,43.429,0,False,2.4,177.60000000000002,0.0,0.0,0.0,0.0,65027
1789388436.5560887,43.106516400002874,0.01968879997730255,415609,43.449,0,False,2.4,177.60000000000002,0.0,0.0,0.0,0.0,65027
1789388436.575442,43.126382900052704,0.019866500049829483,415629,43.469,0,False,2.4,177.60000000000002,0.0,0.0,0.0,0.0,65027
1789388436.5955687,43.146432899986394,0.020049999933689833,415649,43.489,0,False,2.4,177.60000000000002,0.0,0.0,0.0,0.0,65027
1789388436.6178153,43.168307100073434,0.021874200087040663,415669,43.509,0,False,2.4,177.60000000000002,0.0,0.0,0.0,0.0,65027
1789388436.6379101,43.18859480007086,0.02028769999742508,415690,43.53,0,False,2.4,177.60000000000002,0.0,0.0,0.0,0.0,65027
1789388436.656533,43.206976799992844,0.01838199992198497,415710,43.55,0,False,2.4,177.60000000000002,0.0,0.0,0.0,0.0,65027
1789388436.6757433,43.22650049999356,0.019523700000718236,415730,43.57,0,False,2.4,177.60000000000002,0.0,0.0,0.0,0.0,65027
1789388436.6970086,43.24706680001691,0.02056630002334714,415751,43.591,0,False,2.4,177.60000000000002,0.0,0.0,0.0,0.0,65027
1789388436.7169678,43.26704360009171,0.01997680007480085,415770,43.61,0,False,2.4,177.60000000000002,0.0,0.0,0.0,0.0,65027
1789388436.7372458,43.28810630005319,0.021062699961476028,415791,43.631,0,False,2.4,177.60000000000002,0.0,0.0,0.0,0.0,65027
1789388436.7557008,43.306723800022155,0.018617499968968332,415811,43.651,0,False,2.4,177.60000000000002,0.0,0.0,0.0,0.0,65027
1789388436.776941,43.3272006000625,0.020476800040341914,415832,43.672,0,False,2.4,177.60000000000002,0.0,0.0,0.0,0.0,65027
1789388436.797783,43.34789850004017,0.02069789997767657,415851,43.691,0,False,2.4,177.60000000000002,0.0,0.0,0.0,0.0,65027
1789388436.816839,43.36730620008893,0.01940770004875958,415871,43.711,0,False,2.4,177.60000000000002,0.0,0.0,0.0,0.0,65027
1789388436.8391328,43.38968540006317,0.022379199974238873,415892,43.732,0,False,2.4,177.60000000000002,0.0,0.0,0.0,0.0,65027
1789388436.857281,43.40826100006234,0.018575599999167025,415911,43.751,0,False,2.4,177.60000000000002,0.0,0.0,0.0,0.0,65027
1789388436.8755085,43.42654770007357,0.018286700011231005,415932,43.772,0,False,2.4,177.60000000000002,0.0,0.0,0.0,0.0,65027
1789388436.8962421,43.44666760007385,0.020119900000281632,415952,43.792,0,False,2.4,177.60000000000002,0.0,0.0,0.0,0.0,65027
1789388436.9171774,43.467664499999955,0.02099689992610365,415972,43.812,0,False,2.4,177.60000000000002,0.0,0.0,0.0,0.0,65027
1789388436.93721,43.48765290004667,0.01998840004671365,415993,43.833,0,False,2.4,177.60000000000002,0.0,0.0,0.0,0.0,65027
1789388436.9559186,43.5066775000887,0.019024600042030215,416012,43.852,0,False,2.4,177.60000000000002,0.0,0.0,0.0,0.0,65027
1789388436.9767973,43.52707770001143,0.02040019992273301,416032,43.872,0,False,2.4,177.60000000000002,0.0,0.0,0.0,0.0,65027
1789388436.996805,43.547388300066814,0.020310600055381656,416053,43.893,0,False,2.4,177.60000000000002,0.0,0.0,0.0,0.0,65027
1789388437.016779,43.56695570005104,0.01956739998422563,416073,43.913,0,False,2.4,177.60000000000002,0.0,0.0,0.0,0.0,65027
1789388437.0360563,43.58694340009242,0.019987700041383505,416094,43.934,0,False,2.4,177.60000000000002,0.0,0.0,0.0,0.0,65027
1789388437.0556817,43.60662930004764,0.01968589995522052,416113,43.953,0,False,2.4,177.60000000000002,0.0,0.0,0.0,0.0,65027
1789388437.0764346,43.627152100089006,0.020522800041362643,416133,43.973,0,False,2.4,177.60000000000002,0.0,0.0,0.0,0.0,65027
1789388437.0957854,43.64627390005626,0.019121799967251718,416153,43.993,0,False,2.4,177.60000000000002,0.0,0.0,0.0,0.0,65027
1789388437.1167016,43.66694920009468,0.020675300038419664,416174,44.014,0,False,2.4,177.60000000000002,0.0,0.0,0.0,0.0,65027
1789388437.1363204,43.68681210000068,0.019862899906001985,416194,44.034,0,False,2.4,177.60000000000002,0.0,0.0,0.0,0.0,65027
1789388437.1561854,43.70666150003672,0.019849400036036968,416214,44.054,0,False,2.4,177.60000000000002,0.0,0.0,0.0,0.0,65027
1789388437.1765773,43.726759100100026,0.020097600063309073,416234,44.074,0,False,2.4,177.60000000000002,0.0,0.0,0.0,0.0,65027
1789388437.1969237,43.74715440010186,0.020395300001837313,416254,44.094,0,False,2.4,177.60000000000002,0.0,0.0,0.0,0.0,65027
1789388437.2158425,43.76659010001458,0.01943569991271943,416274,44.114,0,False,2.4,177.60000000000002,0.0,0.0,0.0,0.0,65027
1789388437.2366574,43.78720160003286,0.020611500018276274,416295,44.135,0,False,2.4,177.60000000000002,0.0,0.0,0.0,0.0,65027
1789388437.256034,43.8066810000455,0.019479400012642145,416315,44.155,0,False,2.4,177.60000000000002,0.0,0.0,0.0,0.0,65027
1789388437.2760777,43.82618990004994,0.019508900004439056,416335,44.175,0,False,2.4,177.60000000000002,0.0,0.0,0.0,0.0,65027
1789388437.296316,43.84722480003256,0.021034899982623756,416355,44.195,0,False,2.4,177.60000000000002,0.0,0.0,0.0,0.0,65027
1789388437.3164742,43.866583300055936,0.01935850002337247,416375,44.215,0,False,2.4,177.60000000000002,0.0,0.0,0.0,0.0,65027
1789388437.3366616,43.886836700025015,0.0202533999690786,416396,44.236,0,False,2.4,177.60000000000002,0.0,0.0,0.0,0.0,65027
1789388437.3561459,43.90685300005134,0.02001630002632737,416416,44.256,0,False,2.4,177.60000000000002,0.0,0.0,0.0,0.0,65027
1789388437.3755777,43.92617960006464,0.019326600013300776,416436,44.276,0,False,2.4,177.60000000000002,0.0,0.0,0.0,0.0,65027
1789388437.395893,43.94612219999544,0.019942599930800498,416456,44.296,0,False,2.4,177.60000000000002,0.0,0.0,0.0,0.0,65027
1789388437.414991,43.96586460003164,0.01974240003619343,416476,44.316,0,False,2.4,177.60000000000002,0.0,0.0,0.0,0.0,65027
1789388437.4367874,43.9869346000487,0.02107000001706183,416496,44.336,0,False,2.4,177.60000000000002,0.0,0.0,0.0,0.0,65027
1789388437.4561253,44.0062436000444,0.019308999995701015,416516,44.356,0,False,2.4,177.60000000000002,0.0,0.0,0.0,0.0,65027
1789388437.4769797,44.02768570010085,0.02144210005644709,416537,44.377,0,False,2.4,177.60000000000002,0.0,0.0,0.0,0.0,65027
1789388437.4975803,44.04799180000555,0.020306099904701114,416557,44.397,0,False,2.4,177.60000000000002,0.0,0.0,0.0,0.0,65027
1789388437.516209,44.066743300063536,0.01875150005798787,416577,44.417,0,False,2.4,177.60000000000002,0.0,0.0,0.0,0.0,65027
1789388437.535875,44.08665190008469,0.01990860002115369,416597,44.437,0,False,2.4,177.60000000000002,0.0,0.0,0.0,0.0,65027
1789388437.557032,44.107267200015485,0.020615299930796027,416617,44.457,0,False,2.4,177.60000000000002,0.0,0.0,0.0,0.0,65027
1789388437.5767004,44.12764830002561,0.02038110001012683,416638,44.478,0,False,2.4,177.60000000000002,0.0,0.0,0.0,0.0,65027
1789388437.596269,44.146544500021264,0.01889619999565184,416658,44.498,0,False,2.4,177.60000000000002,0.0,0.0,0.0,0.0,65027
1789388437.6198826,44.16998170001898,0.023437199997715652,416678,44.518,0,False,2.4,177.60000000000002,0.0,0.0,0.0,0.0,65027
1789388437.6389883,44.18924090010114,0.019259200082160532,416698,44.538,0,False,2.4,177.60000000000002,0.0,0.0,0.0,0.0,65027
1789388437.6552997,44.20592850004323,0.016687599942088127,416718,44.558,0,False,2.4,177.60000000000002,0.0,0.0,0.0,0.0,65027
1789388437.675884,44.22639170009643,0.020463200053200126,416738,44.578,0,False,2.4,177.60000000000002,0.0,0.0,0.0,0.0,65027
1789388437.6954827,44.24630950007122,0.019917799974791706,416758,44.598,0,False,2.4,177.60000000000002,0.0,0.0,0.0,0.0,65027
1789388437.7157805,44.266121500055306,0.01981199998408556,416779,44.619,0,False,2.4,177.60000000000002,0.0,0.0,0.0,0.0,65027
1789388437.736003,44.28630800009705,0.020186500041745603,416799,44.639,0,False,2.4,177.60000000000002,0.0,0.0,0.0,0.0,65027
1789388437.756094,44.30636809999123,0.020060099894180894,416819,44.659,0,False,2.4,177.60000000000002,0.0,0.0,0.0,0.0,65027
1789388437.7757387,44.32638010010123,0.020012000110000372,416839,44.679,0,False,2.4,177.60000000000002,0.0,0.0,0.0,0.0,65027
1789388437.7961488,44.34673720004503,0.02035709994379431,416859,44.699,0,False,2.4,177.60000000000002,0.0,0.0,0.0,0.0,65027
1789388437.817078,44.36734380002599,0.020606599980965257,416879,44.719,0,False,2.4,177.60000000000002,0.0,0.0,0.0,0.0,65027
1789388437.8369,44.38724700000603,0.019903199980035424,416900,44.74,0,False,2.4,177.60000000000002,0.0,0.0,0.0,0.0,65027
1789388437.8559923,44.4065623000497,0.019315300043672323,416920,44.76,0,False,2.4,177.60000000000002,0.0,0.0,0.0,0.0,65027
1789388437.8762815,44.4268943000352,0.02033199998550117,416940,44.78,0,False,2.4,177.60000000000002,0.0,0.0,0.0,0.0,65027
1789388437.8958852,44.44636420009192,0.01946990005671978,416960,44.8,0,False,2.4,177.60000000000002,0.0,0.0,0.0,0.0,65027
1789388437.9180214,44.4681609000545,0.021796699962578714,416980,44.82,0,False,2.4,177.60000000000002,0.0,0.0,0.0,0.0,65027
1789388437.935994,44.486645800061524,0.018484900007024407,417001,44.841,0,False,2.4,177.60000000000002,0.0,0.0,0.0,0.0,65027
1789388437.9557126,44.50651610002387,0.019870299962349236,417020,44.86,0,False,2.4,177.60000000000002,0.0,0.0,0.0,0.0,65027
1789388437.9758337,44.526665100012906,0.020148999989032745,417041,44.881,0,False,2.4,177.60000000000002,0.0,0.0,0.0,0.0,65027
1789388437.9963284,44.546462500002235,0.01979739998932928,417061,44.901,0,False,2.4,177.60000000000002,0.0,0.0,0.0,0.0,65027
1789388438.015553,44.566379800089635,0.01991730008739978,417081,44.921,0,False,2.4,177.60000000000002,0.0,0.0,0.0,0.0,65027
1789388438.0358267,44.5865080000367,0.020128199947066605,417101,44.941,0,False,2.4,177.60000000000002,0.0,0.0,0.0,0.0,65027
1789388438.0571964,44.60739330004435,0.020885300007648766,417122,44.962,0,False,2.4,177.60000000000002,0.0,0.0,0.0,0.0,65027
1789388438.0774138,44.6277909000637,0.020397600019350648,417142,44.982,0,False,2.4,177.60000000000002,0.0,0.0,0.0,0.0,65027
1789388438.0961406,44.646910100011155,0.019119199947454035,417162,45.002,0,False,2.4,177.60000000000002,0.0,0.0,0.0,0.0,65027
1789388438.1164553,44.66732080001384,0.02041070000268519,417182,45.022,0,False,2.4,177.60000000000002,0.0,0.0,0.0,0.0,65027
1789388438.1376762,44.68845970008988,0.021138900076039135,417203,45.043,0,False,2.4,177.60000000000002,0.0,0.0,0.0,0.0,65027
1789388438.1568854,44.707311500096694,0.0188518000068143,417222,45.062,0,False,2.4,177.60000000000002,0.0,0.0,0.0,0.0,65027
1789388438.1759958,44.72668620001059,0.01937469991389662,417242,45.082,0,False,2.4,177.60000000000002,0.0,0.0,0.0,0.0,65027
1789388438.1966326,44.74693160003517,0.020245400024577975,417263,45.103,0,False,2.4,177.60000000000002,0.0,0.0,0.0,0.0,65027
1789388438.2173166,44.76777320005931,0.02084160002414137,417283,45.123,0,False,2.4,177.60000000000002,0.0,0.0,0.0,0.0,65027
1789388438.2389953,44.789271900081076,0.021498700021766126,417303,45.143,0,False,2.4,177.60000000000002,0.0,0.0,0.0,0.0,65027
1789388438.256281,44.80697070003953,0.017698799958452582,417323,45.163,0,False,2.4,177.60000000000002,0.0,0.0,0.0,0.0,65027
1789388438.2774277,44.82768360001501,0.02071289997547865,417343,45.183,0,False,2.4,177.60000000000002,0.0,0.0,0.0,0.0,65027
1789388438.2955668,44.84645150008146,0.018767900066450238,417363,45.203,0,False,2.4,177.60000000000002,0.0,0.0,0.0,0.0,65027
1789388438.3161752,44.867060400079936,0.02060889999847859,417384,45.224,0,False,2.4,177.60000000000002,0.0,0.0,0.0,0.0,65027
1789388438.3357787,44.8868251000531,0.01976469997316599,417404,45.244,0,False,2.4,177.60000000000002,0.0,0.0,0.0,0.0,65027
1789388438.3560772,44.90633200004231,0.01950689998921007,417424,45.264,0,False,2.4,177.60000000000002,0.0,0.0,0.0,0.0,65027
1789388438.3757236,44.92630819999613,0.01997619995381683,417444,45.284,0,False,2.4,177.60000000000002,0.0,0.0,0.0,0.0,65027
1789388438.3982391,44.94895180000458,0.02264360000845045,417465,45.305,0,False,2.4,177.60000000000002,0.0,0.0,0.0,0.0,65027
1789388438.4170117,44.967227400047705,0.01827560004312545,417484,45.324,0,False,2.4,177.60000000000002,0.0,0.0,0.0,0.0,65027
1789388438.4369433,44.98729760001879,0.020070199971087277,417505,45.345,0,False,2.4,177.60000000000002,0.0,0.0,0.0,0.0,65027
1789388438.456223,45.00648630002979,0.019188700011000037,417525,45.365,0,False,2.4,177.60000000000002,0.0,0.0,0.0,0.0,65027
1789388438.475301,45.02592710009776,0.019440800067968667,417545,45.385,0,False,2.4,177.60000000000002,0.0,0.0,0.0,0.0,65027
1789388438.4954898,45.04604980000295,0.02012269990518689,417565,45.405,0,False,2.4,177.60000000000002,0.0,0.0,0.0,0.0,65027
1789388438.5163267,45.06697740009986,0.020927600096911192,417585,45.425,0,False,2.4,177.60000000000002,0.0,0.0,0.0,0.0,65027
1789388438.5369415,45.08741690008901,0.020439499989151955,417606,45.446,0,False,2.4,177.60000000000002,0.0,0.0,0.0,0.0,65027
1789388438.5550432,45.10575270000845,0.018335799919441342,417626,45.466,0,False,2.4,177.60000000000002,0.0,0.0,0.0,0.0,65027
1789388438.5749412,45.12596289999783,0.020210199989378452,417646,45.486,0,False,2.4,177.60000000000002,0.0,0.0,0.0,0.0,65027
1789388438.5961046,45.146374900010414,0.02041200001258403,417666,45.506,0,False,2.4,177.60000000000002,0.0,0.0,0.0,0.0,65027
1789388438.6172624,45.16799790004734,0.021623000036925077,417686,45.526,0,False,2.4,177.60000000000002,0.0,0.0,0.0,0.0,65027
1789388438.6360476,45.1868395000929,0.01884160004556179,417707,45.547,0,False,2.4,177.60000000000002,0.0,0.0,0.0,0.0,65027
1789388438.6557894,45.205979000078514,0.01913949998561293,417726,45.566,0,False,2.4,177.60000000000002,0.0,0.0,0.0,0.0,65027
1789388438.6775255,45.22766159998719,0.021682599908672273,417747,45.587,0,False,2.4,177.60000000000002,0.0,0.0,0.0,0.0,65027
1789388438.6956809,45.24614579998888,0.018484200001694262,417767,45.607,0,False,2.4,177.60000000000002,0.0,0.0,0.0,0.0,65027
1789388438.7315812,45.281891599996015,0.035745800007134676,417787,45.627,0,False,2.4,177.60000000000002,0.0,0.0,0.0,0.0,65027
1789388438.739208,45.28951969998889,0.0076280999928712845,417809,45.649,0,False,2.4,177.60000000000002,0.0,0.0,0.0,0.0,65027
1789388438.7564533,45.30736960005015,0.017849900061264634,417827,45.667,0,False,2.4,177.60000000000002,0.0,0.0,0.0,0.0,65027
1789388438.77621,45.32628370006569,0.01891410001553595,417847,45.687,0,False,2.4,177.60000000000002,0.0,0.0,0.0,0.0,65027
1789388438.7963138,45.34654820000287,0.020264499937184155,417868,45.708,0,False,2.4,177.60000000000002,0.0,0.0,0.0,0.0,65027
1789388438.816947,45.36759230005555,0.021044100052677095,417888,45.728,0,False,2.4,177.60000000000002,0.0,0.0,0.0,0.0,65027
1789388438.835606,45.38673310005106,0.01914079999551177,417908,45.748,0,False,2.4,177.60000000000002,0.0,0.0,0.0,0.0,65027
1789388438.85579,45.40681890002452,0.02008579997345805,417928,45.768,0,False,2.4,177.60000000000002,0.0,0.0,0.0,0.0,65027
1789388438.8764036,45.42723820009269,0.020419300068169832,417949,45.789,0,False,2.4,177.60000000000002,0.0,0.0,0.0,0.0,65027
1789388438.8971372,45.44732840009965,0.020090200006961823,417969,45.809,0,False,2.4,177.60000000000002,0.0,0.0,0.0,0.0,65027
1789388438.9183369,45.468930300092325,0.02160189999267459,417989,45.829,0,False,2.4,177.60000000000002,0.0,0.0,0.0,0.0,65027
1789388438.9392173,45.48966900003143,0.020738699939101934,418009,45.849,0,False,2.4,177.60000000000002,0.0,0.0,0.0,0.0,65027
1789388438.9558828,45.50636340002529,0.016694399993866682,418029,45.869,0,False,2.4,177.60000000000002,0.0,0.0,0.0,0.0,65027
1789388438.9765341,45.52721199998632,0.020848599961027503,418049,45.889,0,False,2.4,177.60000000000002,0.0,0.0,0.0,0.0,65027
1789388438.99903,45.54911860008724,0.021906600100919604,418070,45.91,0,False,2.4,177.60000000000002,0.0,0.0,0.0,0.0,65027
1789388439.0151234,45.56603860005271,0.01691999996546656,418089,45.929,0,False,2.4,177.60000000000002,0.0,0.0,0.0,0.0,65027
1789388439.037192,45.587404699996114,0.02136609994340688,418110,45.95,0,False,2.4,177.60000000000002,0.0,0.0,0.0,0.0,65027
1789388439.0575676,45.60795350000262,0.020548800006508827,418130,45.97,0,False,2.4,177.60000000000002,0.0,0.0,0.0,0.0,65027
1789388439.07657,45.62725490005687,0.019301400054246187,418150,45.99,0,False,2.4,177.60000000000002,0.0,0.0,0.0,0.0,65027
1789388439.0961099,45.646925600012764,0.019670699955895543,418170,46.01,0,False,2.4,177.60000000000002,0.0,0.0,0.0,0.0,65027
1789388439.116324,45.666697600041516,0.01977200002875179,418190,46.03,0,False,2.4,177.60000000000002,0.0,0.0,0.0,0.0,65027
1789388439.1383147,45.68868950009346,0.021991900051943958,418211,46.051,0,False,2.4,177.60000000000002,0.0,0.0,0.0,0.0,65027
1789388439.1568284,45.70711770001799,0.0184281999245286,418231,46.071,0,False,2.4,177.60000000000002,0.0,0.0,0.0,0.0,65027
1789388439.174792,45.72630280000158,0.01918509998358786,418251,46.091,0,False,2.4,177.60000000000002,0.0,0.0,0.0,0.0,65027
1789388439.195588,45.745982700027525,0.019679900025948882,418271,46.111,0,False,2.4,177.60000000000002,0.0,0.0,0.0,0.0,65027
1789388439.2168105,45.76716700010002,0.02118430007249117,418291,46.131,0,False,2.4,177.60000000000002,0.0,0.0,0.0,0.0,65027
1789388439.2395802,45.78978780005127,0.02262079995125532,418311,46.151,0,False,2.4,177.60000000000002,0.0,0.0,0.0,0.0,65027
1789388439.2574964,45.80904790002387,0.019260099972598255,418332,46.172,0,False,2.4,177.60000000000002,0.0,0.0,0.0,0.0,65027
1789388439.2764537,45.82718100002967,0.018133100005798042,418352,46.192,0,False,2.4,177.60000000000002,0.0,0.0,0.0,0.0,65027
1789388439.2961178,45.846732900012285,0.019551899982616305,418372,46.212,0,False,2.4,177.60000000000002,0.0,0.0,0.0,0.0,65027
1789388439.3163579,45.86739530006889,0.02066240005660802,418392,46.232,0,False,2.4,177.60000000000002,0.0,0.0,0.0,0.0,65027
1789388439.3373575,45.88800190004986,0.020606599980965257,418412,46.252,0,False,2.4,177.60000000000002,0.0,0.0,0.0,0.0,65027
1789388439.357785,45.908546500024386,0.020544599974527955,418433,46.273,0,False,2.4,177.60000000000002,0.0,0.0,0.0,0.0,65027
1789388439.376589,45.92705580010079,0.018509300076402724,418453,46.293,0,False,2.4,177.60000000000002,0.0,0.0,0.0,0.0,65027
1789388439.3964942,45.947432800079696,0.020376999978907406,418473,46.313,0,False,2.4,177.60000000000002,0.0,0.0,0.0,0.0,65027
1789388439.4170966,45.96770440007094,0.020271599991247058,418493,46.333,0,False,2.4,177.60000000000002,0.0,0.0,0.0,0.0,65027
1789388439.4370403,45.987766200094484,0.020061800023540854,418514,46.354,0,False,2.4,177.60000000000002,0.0,0.0,0.0,0.0,65027
1789388439.4557505,46.00660870003048,0.018842499935999513,418533,46.373,0,False,2.4,177.60000000000002,0.0,0.0,0.0,0.0,65027
1789388439.4765427,46.026848900015466,0.02024019998498261,418554,46.394,0,False,2.4,177.60000000000002,0.0,0.0,0.0,0.0,65027
1789388439.496085,46.0462062000297,0.01935730001423508,418574,46.414,0,False,2.4,177.60000000000002,0.0,0.0,0.0,0.0,65027
1789388439.5160415,46.066896600066684,0.020690400036983192,418594,46.434,0,False,2.4,177.60000000000002,0.0,0.0,0.0,0.0,65027
1789388439.5356672,46.08660859998781,0.019711999921128154,418614,46.454,0,False,2.4,177.60000000000002,0.0,0.0,0.0,0.0,65027
1789388439.55733,46.107575300033204,0.020966700045391917,418634,46.474,0,False,2.4,177.60000000000002,0.0,0.0,0.0,0.0,65027
1789388439.5753772,46.12652180006262,0.018946500029414892,418654,46.494,0,False,2.4,177.60000000000002,0.0,0.0,0.0,0.0,65027
1789388439.595749,46.146394600044005,0.01987279998138547,418674,46.514,0,False,2.4,177.60000000000002,0.0,0.0,0.0,0.0,65027
1789388439.6163309,46.16698380000889,0.020589199964888394,418695,46.535,0,False,2.4,177.60000000000002,0.0,0.0,0.0,0.0,65027
1789388439.6368506,46.18703030003235,0.020046500023454428,418715,46.555,0,False,2.4,177.60000000000002,0.0,0.0,0.0,0.0,65027
1789388439.654917,46.205824200063944,0.018793900031596422,418735,46.575,0,False,2.4,177.60000000000002,0.0,0.0,0.0,0.0,65027
1789388439.6757178,46.22637050005142,0.020546299987472594,418755,46.595,0,False,2.4,177.60000000000002,0.0,0.0,0.0,0.0,65027
1789388439.695627,46.246126100071706,0.01975560002028942,418775,46.615,0,False,2.4,177.60000000000002,0.0,0.0,0.0,0.0,65027
1789388439.7170093,46.267991900094785,0.02186580002307892,418796,46.636,0,False,2.4,177.60000000000002,0.0,0.0,0.0,0.0,65027
1789388439.7372265,46.28796790004708,0.019975999952293932,418816,46.656,0,False,2.4,177.60000000000002,0.0,0.0,0.0,0.0,65027
1789388439.7567167,46.3070308000315,0.019062899984419346,418836,46.676,0,False,2.4,177.60000000000002,0.0,0.0,0.0,0.0,65027
1789388439.776283,46.326449800049886,0.019419000018388033,418856,46.696,0,False,2.4,177.60000000000002,0.0,0.0,0.0,0.0,65027
1789388439.7964666,46.34653310000431,0.020083299954421818,418876,46.716,0,False,2.4,177.60000000000002,0.0,0.0,0.0,0.0,65027
1789388439.8165956,46.367000300087966,0.0204672000836581,418896,46.736,0,False,2.4,177.60000000000002,0.0,0.0,0.0,0.0,65027
1789388439.8366766,46.38735370000359,0.020353399915620685,418917,46.757,0,False,2.4,177.60000000000002,0.0,0.0,0.0,0.0,65027
1789388439.8558364,46.4063447000226,0.01899100001901388,418937,46.777,0,False,2.4,177.60000000000002,0.0,0.0,0.0,0.0,65027
1789388439.8759675,46.42699810001068,0.02065339998807758,418957,46.797,0,False,2.4,177.60000000000002,0.0,0.0,0.0,0.0,65027
1789388439.8958738,46.44600370002445,0.019005600013770163,418977,46.817,0,False,2.4,177.60000000000002,0.0,0.0,0.0,0.0,65027
1789388439.9183576,46.46899730002042,0.022993599995970726,418998,46.838,0,False,2.4,177.60000000000002,0.0,0.0,0.0,0.0,65027
1789388439.936731,46.487004499998875,0.0180071999784559,419018,46.858,0,False,2.4,177.60000000000002,0.0,0.0,0.0,0.0,65027
1789388439.9558673,46.50628259999212,0.019278099993243814,419038,46.878,0,False,2.4,177.60000000000002,0.0,0.0,0.0,0.0,65027
1789388439.9755824,46.525963100022636,0.019680500030517578,419058,46.898,0,False,2.4,177.60000000000002,0.0,0.0,0.0,0.0,65027
1789388439.9957461,46.546520900097676,0.020557800075039268,419078,46.918,0,False,2.4,177.60000000000002,0.0,0.0,0.0,0.0,65027
1789388440.0189137,46.56904700002633,0.02252609992865473,419098,46.938,0,False,2.4,177.60000000000002,0.0,0.0,0.0,0.0,65027
1789388440.037198,46.58811330003664,0.019066300010308623,419119,46.959,0,False,2.4,177.60000000000002,0.0,0.0,0.0,0.0,65027
1789388440.055818,46.60636960004922,0.01825630001258105,419139,46.979,0,False,2.4,177.60000000000002,0.0,0.0,0.0,0.0,65027
1789388440.0774372,46.628936800058,0.022567200008779764,419159,46.999,0,False,2.4,177.60000000000002,0.0,0.0,0.0,0.0,65027
1789388440.1009915,46.6510905000614,0.022153700003400445,419179,47.019,0,False,2.4,177.60000000000002,0.0,0.0,0.0,0.0,65027
1789388440.1167173,46.66709720005747,0.016006699996069074,419199,47.039,0,False,2.4,177.60000000000002,0.0,0.0,0.0,0.0,65027
1789388440.1383393,46.68881780002266,0.021720599965192378,419219,47.059,0,False,2.4,177.60000000000002,0.0,0.0,0.0,0.0,65027
1789388440.156439,46.706783800036646,0.01796600001398474,419240,47.08,0,False,2.4,177.60000000000002,0.0,0.0,0.0,0.0,65027
1789388440.1772852,46.72780460002832,0.02102079999167472,419260,47.1,0,False,2.4,177.60000000000002,0.0,0.0,0.0,0.0,65027
1789388440.1974206,46.747557800030336,0.019753200002014637,419280,47.12,0,False,2.4,177.60000000000002,0.0,0.0,0.0,0.0,65027
1789388440.224119,46.77469450002536,0.027136699995025992,419301,47.141,0,False,2.4,177.60000000000002,0.0,0.0,0.0,0.0,65027
1789388440.2371955,46.78740470006596,0.012710200040601194,419321,47.161,0,False,2.4,177.60000000000002,0.0,0.0,0.0,0.0,65027
1789388440.2561235,46.806975900079124,0.019571200013160706,419340,47.18,0,False,2.4,177.60000000000002,0.0,0.0,0.0,0.0,65027
1789388440.2760203,46.82675710006151,0.019781199982389808,419360,47.2,0,False,2.4,177.60000000000002,0.0,0.0,0.0,0.0,65027
1789388440.2970748,46.84779820009135,0.021041100029833615,419381,47.221,0,False,2.4,177.60000000000002,0.0,0.0,0.0,0.0,65027
1789388440.317932,46.86818830005359,0.020390099962241948,419401,47.241,0,False,2.4,177.60000000000002,0.0,0.0,0.0,0.0,65027
1789388440.3368676,46.88819740002509,0.02000909997150302,419421,47.261,0,False,2.4,177.60000000000002,0.0,0.0,0.0,0.0,65027
1789388440.3572378,46.90821720007807,0.0200198000529781,419441,47.281,0,False,2.4,177.60000000000002,0.0,0.0,0.0,0.0,65027
1789388440.3763945,46.926676900009625,0.018459699931554496,419461,47.301,0,False,2.4,177.60000000000002,0.0,0.0,0.0,0.0,65027
1789388440.3966238,46.94730710005388,0.02063020004425198,419482,47.322,0,False,2.4,177.60000000000002,0.0,0.0,0.0,0.0,65027
1789388440.4157617,46.96667019999586,0.01936309994198382,419502,47.342,0,False,2.4,177.60000000000002,0.0,0.0,0.0,0.0,65027
1789388440.438267,46.988373600062914,0.021703400067053735,419522,47.362,0,False,2.4,177.60000000000002,0.0,0.0,0.0,0.0,65027
1789388440.455905,47.00627740006894,0.01790380000602454,419542,47.382,0,False,2.4,177.60000000000002,0.0,0.0,0.0,0.0,65027
1789388440.476286,47.026954900007695,0.020677499938756227,419562,47.402,0,False,2.4,177.60000000000002,0.0,0.0,0.0,0.0,65027
1789388440.4972005,47.04777990002185,0.020825000014156103,419582,47.422,0,False,2.4,177.60000000000002,0.0,0.0,0.0,0.0,65027
1789388440.5185575,47.06903690006584,0.021257000043988228,419603,47.443,0,False,2.4,177.60000000000002,0.0,0.0,0.0,0.0,65027
1789388440.5389683,47.08909810008481,0.02006120001897216,419623,47.463,0,False,2.4,177.60000000000002,0.0,0.0,0.0,0.0,65027
1789388440.5577037,47.108143600053154,0.019045499968342483,419643,47.483,0,False,2.4,177.60000000000002,0.0,0.0,0.0,0.0,65027
1789388440.5752947,47.126117300009355,0.017973699956201017,419663,47.503,0,False,2.4,177.60000000000002,0.0,0.0,0.0,0.0,65027
1789388440.5955877,47.14657740003895,0.020460100029595196,419683,47.523,0,False,2.4,177.60000000000002,0.0,0.0,0.0,0.0,65027
1789388440.6189945,47.1691007000627,0.02252330002374947,419704,47.544,0,False,2.4,177.60000000000002,0.0,0.0,0.0,0.0,65027
1789388440.6391084,47.19005760003347,0.020956899970769882,419726,47.566,0,False,2.4,177.60000000000002,0.0,0.0,0.0,0.0,65027
1789388440.6559098,47.206539800041355,0.016482200007885695,419744,47.584,0,False,2.4,177.60000000000002,0.0,0.0,0.0,0.0,65027
1789388440.6769075,47.22788510005921,0.02134530001785606,419764,47.604,0,False,2.4,177.60000000000002,0.0,0.0,0.0,0.0,65027
1789388440.6960046,47.24630540004,0.018420299980789423,419784,47.624,0,False,2.4,177.60000000000002,0.0,0.0,0.0,0.0,65027
1789388440.717674,47.267734900000505,0.021429499960504472,419804,47.644,0,False,2.4,177.60000000000002,0.0,0.0,0.0,0.0,65027
1789388440.7365737,47.2869138000533,0.019178900052793324,419825,47.665,0,False,2.4,177.60000000000002,0.0,0.0,0.0,0.0,65027
1789388440.7556458,47.30600510002114,0.019091299967840314,419844,47.684,0,False,2.4,177.60000000000002,0.0,0.0,0.0,0.0,65027
1789388440.7767587,47.32748370000627,0.02147859998513013,419865,47.705,0,False,2.4,177.60000000000002,0.0,0.0,0.0,0.0,65027
1789388440.795262,47.346068300073966,0.018584600067697465,419885,47.725,0,False,2.4,177.60000000000002,0.0,0.0,0.0,0.0,65027
1789388440.815922,47.36625650001224,0.02018819993827492,419905,47.745,0,False,2.4,177.60000000000002,0.0,0.0,0.0,0.0,65027
1789388440.8364904,47.3865599000128,0.020303400000557303,419925,47.765,0,False,2.4,177.60000000000002,0.0,0.0,0.0,0.0,65027
1789388440.8556144,47.40637720003724,0.019817300024442375,419945,47.785,0,False,2.4,177.60000000000002,0.0,0.0,0.0,0.0,65027
1789388440.8760629,47.42654000001494,0.020162799977697432,419966,47.806,0,False,2.4,177.60000000000002,0.0,0.0,0.0,0.0,65027
1789388440.8954298,47.446255000075325,0.019715000060386956,419986,47.826,0,False,2.4,177.60000000000002,0.0,0.0,0.0,0.0,65027
1789388440.9166222,47.4668582000304,0.02060319995507598,420006,47.846,0,False,2.4,177.60000000000002,0.0,0.0,0.0,0.0,65027
1789388440.9357886,47.486133600003086,0.01927539997268468,420026,47.866,0,False,2.4,177.60000000000002,0.0,0.0,0.0,0.0,65027
1789388440.956064,47.50640820001718,0.020274600014090538,420046,47.886,0,False,2.4,177.60000000000002,0.0,0.0,0.0,0.0,65027
1789388440.9754953,47.52614370000083,0.019735499983653426,420066,47.906,0,False,2.4,177.60000000000002,0.0,0.0,0.0,0.0,65027
1789388440.9963553,47.54704380000476,0.020900100003927946,420086,47.926,0,False,2.4,177.60000000000002,0.0,0.0,0.0,0.0,65027
1789388441.0162687,47.567027700017206,0.01998390001244843,420107,47.947,0,False,2.4,177.60000000000002,0.0,0.0,0.0,0.0,65027
1789388441.0361428,47.58643280004617,0.019405100028961897,420127,47.967,0,False,2.4,177.60000000000002,0.0,0.0,0.0,0.0,65027
1789388441.0547702,47.60609270003624,0.019659899990074337,420147,47.987,0,False,2.4,177.60000000000002,0.0,0.0,0.0,0.0,65027
1789388441.0757248,47.62656240002252,0.02046969998627901,420167,48.007,0,False,2.4,177.60000000000002,0.0,0.0,0.0,0.0,65027
1789388441.0968513,47.647378600086085,0.020816200063563883,420187,48.027,0,False,2.4,177.60000000000002,0.0,0.0,0.0,0.0,65027
1789388441.1165807,47.6673980000196,0.02001939993351698,420208,48.048,0,False,2.4,177.60000000000002,0.0,0.0,0.0,0.0,65027
1789388441.1360383,47.686321799992584,0.018923799972981215,420228,48.068,0,False,2.4,177.60000000000002,0.0,0.0,0.0,0.0,65027
1789388441.155242,47.70631650008727,0.01999470009468496,420248,48.088,0,False,2.4,177.60000000000002,0.0,0.0,0.0,0.0,65027
1789388441.1757963,47.72597000002861,0.01965349994134158,420268,48.108,0,False,2.4,177.60000000000002,0.0,0.0,0.0,0.0,65027
1789388441.1976476,47.748087299987674,0.02211729995906353,420289,48.129,0,False,2.4,177.60000000000002,0.0,0.0,0.0,0.0,65027
1789388441.216775,47.767632200033404,0.019544900045730174,420308,48.148,0,False,2.4,177.60000000000002,0.0,0.0,0.0,0.0,65027
1789388441.2413282,47.79230540001299,0.02467319997958839,420330,48.17,0,False,2.4,177.60000000000002,0.0,0.0,0.0,0.0,65027
1789388441.2568572,47.807713699992746,0.015408299979753792,420350,48.19,0,False,2.4,177.60000000000002,0.0,0.0,0.0,0.0,65027
1789388441.2797778,47.830075000063516,0.022361300070770085,420373,48.213,0,False,2.4,177.60000000000002,0.0,0.0,0.0,0.0,65027
1789388441.2965324,47.847097099991515,0.01702209992799908,420389,48.229,0,False,2.4,177.60000000000002,0.0,0.0,0.0,0.0,65027
1789388441.3174815,47.86835580004845,0.021258700056932867,420409,48.249,0,False,2.4,177.60000000000002,0.0,0.0,0.0,0.0,65027
1789388441.3369582,47.88727750000544,0.01892169995699078,420429,48.269,0,False,2.4,177.60000000000002,0.0,0.0,0.0,0.0,65027
1789388441.3570716,47.907560100080445,0.020282600075006485,420450,48.29,0,False,2.4,177.60000000000002,0.0,0.0,0.0,0.0,65027
1789388441.375981,47.92658870003652,0.019028599956072867,420470,48.31,0,False,2.4,177.60000000000002,0.0,0.0,0.0,0.0,65027
1789388441.3956058,47.94613629998639,0.019547599949873984,420490,48.33,0,False,2.4,177.60000000000002,0.0,0.0,0.0,0.0,65027
1789388441.417443,47.96872030000668,0.02258400002028793,420510,48.35,0,False,2.4,177.60000000000002,0.0,0.0,0.0,0.0,65027
1789388441.4379778,47.988463400048204,0.019743100041523576,420531,48.371,0,False,2.4,177.60000000000002,0.0,0.0,0.0,0.0,65027
1789388441.4566166,48.00728400005028,0.01882060000207275,420550,48.39,0,False,2.4,177.60000000000002,0.0,0.0,0.0,0.0,65027
1789388441.4775121,48.02775180002209,0.020467799971811473,420571,48.411,0,False,2.4,177.60000000000002,0.0,0.0,0.0,0.0,65027
1789388441.4961333,48.046222700038925,0.018470900016836822,420591,48.431,0,False,2.4,177.60000000000002,0.0,0.0,0.0,0.0,65027
1789388441.5168378,48.06719700002577,0.020974299986846745,420611,48.451,0,False,2.4,177.60000000000002,0.0,0.0,0.0,0.0,65027
1789388441.539485,48.08976760006044,0.02257060003466904,420631,48.471,0,False,2.4,177.60000000000002,0.0,0.0,0.0,0.0,65027
1789388441.5563102,48.1071898000082,0.01742219994775951,420651,48.491,0,False,2.4,177.60000000000002,0.0,0.0,0.0,0.0,65027
1789388441.5777698,48.12825990002602,0.02107010001782328,420672,48.512,0,False,2.4,177.60000000000002,0.0,0.0,0.0,0.0,65027
1789388441.5974832,48.14760660007596,0.01934670004993677,420692,48.532,0,False,2.4,177.60000000000002,0.0,0.0,0.0,0.0,65027
1789388441.6169324,48.16709720005747,0.01949059998150915,420712,48.552,0,False,2.4,177.60000000000002,0.0,0.0,0.0,0.0,65027
1789388441.6377082,48.18810430006124,0.021007100003771484,420732,48.572,0,False,2.4,177.60000000000002,0.0,0.0,0.0,0.0,65027
1789388441.6562505,48.207060100045055,0.01895579998381436,420752,48.592,0,False,2.4,177.60000000000002,0.0,0.0,0.0,0.0,65027
1789388441.6762805,48.227073900052346,0.020013800007291138,420773,48.613,0,False,2.4,177.60000000000002,0.0,0.0,0.0,0.0,65027
1789388441.6970491,48.2472244000528,0.020150500000454485,420793,48.633,0,False,2.4,177.60000000000002,0.0,0.0,0.0,0.0,65027
1789388441.716339,48.26712299999781,0.019898599945008755,420813,48.653,0,False,2.4,177.60000000000002,0.0,0.0,0.0,0.0,65027
1789388441.7365947,48.287098800064996,0.019975800067186356,420833,48.673,0,False,2.4,177.60000000000002,0.0,0.0,0.0,0.0,65027
1789388441.756685,48.307404400082305,0.02030560001730919,420853,48.693,0,False,2.4,177.60000000000002,0.0,0.0,0.0,0.0,65027
1789388441.777307,48.327495200093836,0.02009080001153052,420874,48.714,0,False,2.4,177.60000000000002,0.0,0.0,0.0,0.0,65027
1789388441.7956507,48.34634380007628,0.018848599982447922,420893,48.733,0,False,2.4,177.60000000000002,0.0,0.0,0.0,0.0,65027
1789388441.81889,48.36960750003345,0.023263699957169592,420914,48.754,0,False,2.4,177.60000000000002,0.0,0.0,0.0,0.0,65027
1789388441.8377433,48.3886049001012,0.01899740006774664,420934,48.774,0,False,2.4,177.60000000000002,0.0,0.0,0.0,0.0,65027
1789388441.8564155,48.407295000040904,0.01869009993970394,420954,48.794,0,False,2.4,177.60000000000002,0.0,0.0,0.0,0.0,65027
1789388441.8772206,48.4276917000534,0.020396700012497604,420974,48.814,0,False,2.4,177.60000000000002,0.0,0.0,0.0,0.0,65027
1789388441.8960886,48.44635260000359,0.01866089995019138,420994,48.834,0,False,2.4,177.60000000000002,0.0,0.0,0.0,0.0,65027
1789388441.9160268,48.46655350003857,0.020200900034978986,421014,48.854,0,False,2.4,177.60000000000002,0.0,0.0,0.0,0.0,65027
1789388441.9369488,48.48746830003802,0.020914799999445677,421035,48.875,0,False,2.4,177.60000000000002,0.0,0.0,0.0,0.0,65027
1789388441.9572654,48.508125200052746,0.020656900014728308,421055,48.895,0,False,2.4,177.60000000000002,0.0,0.0,0.0,0.0,65027
1789388441.9764552,48.5273038999876,0.019178699934855103,421076,48.916,0,False,2.4,177.60000000000002,0.0,0.0,0.0,0.0,65027
1789388441.9953072,48.546068600029685,0.01876470004208386,421095,48.935,0,False,2.4,177.60000000000002,0.0,0.0,0.0,0.0,65027
1789388442.017463,48.56888080004137,0.02281220001168549,421115,48.955,0,False,2.4,177.60000000000002,0.0,0.0,0.0,0.0,65027
1789388442.0380447,48.58847240009345,0.01959160005208105,421136,48.976,0,False,2.4,177.60000000000002,0.0,0.0,0.0,0.0,65027
1789388442.0561755,48.60636770003475,0.017895299941301346,421155,48.995,0,False,2.4,177.60000000000002,0.0,0.0,0.0,0.0,65027
1789388442.0758145,48.62626180006191,0.019894100027158856,421176,49.016,0,False,2.4,177.60000000000002,0.0,0.0,0.0,0.0,65027
1789388442.095841,48.64612360007595,0.019861800014041364,421196,49.036,0,False,2.4,177.60000000000002,0.0,0.0,0.0,0.0,65027
1789388442.1158807,48.666913200053386,0.02078959997743368,421216,49.056,0,False,2.4,177.60000000000002,0.0,0.0,0.0,0.0,65027
1789388442.1372926,48.6880555000389,0.02114229998551309,421237,49.077,0,False,2.4,177.60000000000002,0.0,0.0,0.0,0.0,65027
1789388442.1568065,48.70708030008245,0.019024800043553114,421256,49.096,0,False,2.4,177.60000000000002,0.0,0.0,0.0,0.0,65027
1789388442.1759179,48.72608160006348,0.01900129998102784,421276,49.116,0,False,2.4,177.60000000000002,0.0,0.0,0.0,0.0,65027
1789388442.1955955,48.74609750008676,0.020015900023281574,421297,49.137,0,False,2.4,177.60000000000002,0.0,0.0,0.0,0.0,65027
1789388442.2165089,48.76722380006686,0.02112629998009652,421317,49.157,0,False,2.4,177.60000000000002,0.0,0.0,0.0,0.0,65027
1789388442.2365868,48.78738120000344,0.020157399936579168,421337,49.177,0,False,2.4,177.60000000000002,0.0,0.0,0.0,0.0,65027
1789388442.2558608,48.8067524000071,0.019371200003661215,421357,49.197,0,False,2.4,177.60000000000002,0.0,0.0,0.0,0.0,65027
1789388442.2760627,48.82646930008195,0.019716900074854493,421377,49.217,0,False,2.4,177.60000000000002,0.0,0.0,0.0,0.0,65027
1789388442.2961192,48.84681790007744,0.02034859999548644,421397,49.237,0,False,2.4,177.60000000000002,0.0,0.0,0.0,0.0,65027
1789388442.3180213,48.86888580000959,0.022067899932153523,421418,49.258,0,False,2.4,177.60000000000002,0.0,0.0,0.0,0.0,65027
1789388442.3363154,48.887211900088005,0.0183261000784114,421438,49.278,0,False,2.4,177.60000000000002,0.0,0.0,0.0,0.0,65027
1789388442.3560135,48.90640750003513,0.01919559994712472,421458,49.298,0,False,2.4,177.60000000000002,0.0,0.0,0.0,0.0,65027
1789388442.3753085,48.92607220006175,0.019664700026623905,421478,49.318,0,False,2.4,177.60000000000002,0.0,0.0,0.0,0.0,65027
1789388442.3956246,48.94605270004831,0.019980499986559153,421498,49.338,0,False,2.4,177.60000000000002,0.0,0.0,0.0,0.0,65027
1789388442.4161947,48.96669989998918,0.020647199940867722,421518,49.358,0,False,2.4,177.60000000000002,0.0,0.0,0.0,0.0,65027
1789388442.4356594,48.987064599990845,0.02036470000166446,421539,49.379,0,False,2.4,177.60000000000002,0.0,0.0,0.0,0.0,65027
1789388442.457802,49.008663700078614,0.02159910008776933,421559,49.399,0,False,2.4,177.60000000000002,0.0,0.0,0.0,0.0,65027
1789388442.4776387,49.02793790004216,0.01927419996354729,421580,49.42,0,False,2.4,177.60000000000002,0.0,0.0,0.0,0.0,65027
1789388442.495767,49.04606840002816,0.01813049998600036,421599,49.439,0,False,2.4,177.60000000000002,0.0,0.0,0.0,0.0,65027
1789388442.516053,49.06705270009115,0.02098430006299168,421619,49.459,0,False,2.4,177.60000000000002,0.0,0.0,0.0,0.0,65027
1789388442.536688,49.08708830003161,0.02003559994045645,421639,49.479,0,False,2.4,177.60000000000002,0.0,0.0,0.0,0.0,65027
1789388442.5560713,49.106902400031686,0.019814100000075996,421660,49.5,0,False,2.4,177.60000000000002,0.0,0.0,0.0,0.0,65027
1789388442.5765254,49.1268556000432,0.019953200011514127,421680,49.52,0,False,2.4,177.60000000000002,0.0,0.0,0.0,0.0,65027
1789388442.5965688,49.146721100085415,0.01986550004221499,421700,49.54,0,False,2.4,177.60000000000002,0.0,0.0,0.0,0.0,65027
1789388442.6171246,49.168396900058724,0.02167579997330904,421720,49.56,0,False,2.4,177.60000000000002,0.0,0.0,0.0,0.0,65027
1789388442.6365948,49.1871823000256,0.01878539996687323,421741,49.581,0,False,2.4,177.60000000000002,0.0,0.0,0.0,0.0,65027
1789388442.6565151,49.20743750000838,0.02025519998278469,421760,49.6,0,False,2.4,177.60000000000002,0.0,0.0,0.0,0.0,65027
1789388442.677162,49.22759730007965,0.020159800071269274,421781,49.621,0,False,2.4,177.60000000000002,0.0,0.0,0.0,0.0,65027
1789388442.7026944,49.25367300002836,0.026075699948705733,421801,49.641,0,False,2.4,177.60000000000002,0.0,0.0,0.0,0.0,65027
1789388442.717082,49.26794150006026,0.014268500031903386,421821,49.661,0,False,2.4,177.60000000000002,0.0,0.0,0.0,0.0,65027
1789388442.7377088,49.28841630008537,0.020474800025112927,421841,49.681,0,False,2.4,177.60000000000002,0.0,0.0,0.0,0.0,65027
1789388442.7558417,49.30645820009522,0.018041900009848177,421861,49.701,0,False,2.4,177.60000000000002,0.0,0.0,0.0,0.0,65027
1789388442.7759907,49.32626200001687,0.019803799921646714,421881,49.721,0,False,2.4,177.60000000000002,0.0,0.0,0.0,0.0,65027
1789388442.7955081,49.34597730007954,0.019715300062671304,421902,49.742,0,False,2.4,177.60000000000002,0.0,0.0,0.0,0.0,65027
1789388442.8169534,49.36718820000533,0.021210899925790727,421922,49.762,0,False,2.4,177.60000000000002,0.0,0.0,0.0,0.0,65027
1789388442.835953,49.386790800024755,0.019602600019425154,421942,49.782,0,False,2.4,177.60000000000002,0.0,0.0,0.0,0.0,65027
1789388442.8565667,49.40733740001451,0.020546599989756942,421962,49.802,0,False,2.4,177.60000000000002,0.0,0.0,0.0,0.0,65027
1789388442.8760314,49.42616040003486,0.018823000020347536,421982,49.822,0,False,2.4,177.60000000000002,0.0,0.0,0.0,0.0,65027
1789388442.8949654,49.44572020007763,0.019559800042770803,422002,49.842,0,False,2.4,177.60000000000002,0.0,0.0,0.0,0.0,65027
1789388442.9179604,49.4683570000343,0.022636799956671894,422023,49.863,0,False,2.4,177.60000000000002,0.0,0.0,0.0,0.0,65027
1789388442.9376323,49.48787280009128,0.01951580005697906,422043,49.883,0,False,2.4,177.60000000000002,0.0,0.0,0.0,0.0,65027
1789388442.956597,49.506756699993275,0.018883899901993573,422063,49.903,0,False,2.4,177.60000000000002,0.0,0.0,0.0,0.0,65027
1789388442.9753802,49.5263094000984,0.019552700105123222,422083,49.923,0,False,2.4,177.60000000000002,0.0,0.0,0.0,0.0,65027
1789388442.9973693,49.5474349000724,0.021125499974004924,422103,49.943,0,False,2.4,177.60000000000002,0.0,0.0,0.0,0.0,65027
1789388443.017789,49.56876320007723,0.021328300004824996,422123,49.963,0,False,2.4,177.60000000000002,0.0,0.0,0.0,0.0,65027
1789388443.0390003,49.589169200044125,0.02040599996689707,422144,49.984,0,False,2.4,177.60000000000002,0.0,0.0,0.0,0.0,65027
1789388443.0553522,49.60608830000274,0.016919099958613515,422164,50.004,0,False,2.4,177.60000000000002,0.0,0.0,0.0,0.0,65027
1789388443.0758874,49.62649020005483,0.02040190005209297,422184,50.024,0,False,2.4,177.60000000000002,0.0,0.0,0.0,0.0,65027
1789388443.096622,49.646953899995424,0.02046369994059205,422204,50.044,0,False,2.4,177.60000000000002,0.0,0.0,0.0,0.0,65027
1789388443.1163926,49.66715820005629,0.020204300060868263,422224,50.064,0,False,2.4,177.60000000000002,0.0,0.0,0.0,0.0,65027
1789388443.1373317,49.68773820006754,0.020580000011250377,422245,50.085,0,False,2.4,177.60000000000002,0.0,0.0,0.0,0.0,65027
1789388443.1580508,49.70831320004072,0.02057499997317791,422265,50.105,0,False,2.4,177.60000000000002,0.0,0.0,0.0,0.0,65027
1789388443.1761906,49.726547900005244,0.018234699964523315,422285,50.125,0,False,2.4,177.60000000000002,0.0,0.0,0.0,0.0,65027
1789388443.1958194,49.74641290004365,0.019865000038407743,422305,50.145,0,False,2.4,177.60000000000002,0.0,0.0,0.0,0.0,65027
1789388443.218695,49.768954100087285,0.02254120004363358,422325,50.165,0,False,2.4,177.60000000000002,0.0,0.0,0.0,0.0,65027
1789388443.2370088,49.7879316000035,0.01897749991621822,422345,50.185,0,False,2.4,177.60000000000002,0.0,0.0,0.0,0.0,65027
1789388443.2556024,49.806430399999954,0.018498799996450543,422366,50.206,0,False,2.4,177.60000000000002,0.0,0.0,0.0,0.0,65027
1789388443.2757237,49.82629120000638,0.01986080000642687,422386,50.226,0,False,2.4,177.60000000000002,0.0,0.0,0.0,0.0,65027
1789388443.295793,49.845897900057025,0.019606700050644577,422406,50.246,0,False,2.4,177.60000000000002,0.0,0.0,0.0,0.0,65027
1789388443.3165572,49.86708640004508,0.02118849998805672,422426,50.266,0,False,2.4,177.60000000000002,0.0,0.0,0.0,0.0,65027
1789388443.3374395,49.88790400000289,0.020817599957808852,422446,50.286,0,False,2.4,177.60000000000002,0.0,0.0,0.0,0.0,65027
1789388443.3564296,49.90683200000785,0.018928000004962087,422467,50.307,0,False,2.4,177.60000000000002,0.0,0.0,0.0,0.0,65027
1789388443.3754334,49.926437100046314,0.019605100038461387,422487,50.327,0,False,2.4,177.60000000000002,0.0,0.0,0.0,0.0,65027
1789388443.3965294,49.946711700060405,0.020274600014090538,422507,50.347,0,False,2.4,177.60000000000002,0.0,0.0,0.0,0.0,65027
1789388443.415685,49.96651749999728,0.0198057999368757,422527,50.367,0,False,2.4,177.60000000000002,0.0,0.0,0.0,0.0,65027
1789388443.436804,49.987218099995516,0.020700599998235703,422547,50.387,0,False,2.4,177.60000000000002,0.0,0.0,0.0,0.0,65027
1789388443.4559605,50.00602620001882,0.018808100023306906,422567,50.407,0,False,2.4,177.60000000000002,0.0,0.0,0.0,0.0,65027
1789388443.4760852,50.026650200015865,0.02062399999704212,422588,50.428,0,False,2.4,177.60000000000002,0.0,0.0,0.0,0.0,65027
1789388443.495247,50.04612340009771,0.019473200081847608,422608,50.448,0,False,2.4,177.60000000000002,0.0,0.0,0.0,0.0,65027
1789388443.516355,50.06652680004481,0.020403399947099388,422628,50.468,0,False,2.4,177.60000000000002,0.0,0.0,0.0,0.0,65027
1789388443.5378778,50.08804310008418,0.021516300039365888,422648,50.488,0,False,2.4,177.60000000000002,0.0,0.0,0.0,0.0,65027
1789388443.5605607,50.111305900034495,0.02326279995031655,422668,50.508,0,False,2.4,177.60000000000002,0.0,0.0,0.0,0.0,65027
1789388443.5756977,50.12646020005923,0.015154300024732947,422688,50.528,0,False,2.4,177.60000000000002,0.0,0.0,0.0,0.0,65027
1789388443.5955956,50.1463227000786,0.01986250001937151,422709,50.549,0,False,2.4,177.60000000000002,0.0,0.0,0.0,0.0,65027
1789388443.6216567,50.17265550000593,0.026332799927331507,422733,50.573,0,False,2.4,177.60000000000002,0.0,0.0,0.0,0.0,65027
1789388443.6382184,50.188306600088254,0.015651100082322955,422749,50.589,0,False,2.4,177.60000000000002,0.0,0.0,0.0,0.0,65027
1789388443.6571827,50.207965600071475,0.019658999983221292,422771,50.611,0,False,2.4,177.60000000000002,0.0,0.0,0.0,0.0,65027
1789388443.675799,50.22627330000978,0.018307699938304722,422789,50.629,0,False,2.4,177.60000000000002,0.0,0.0,0.0,0.0,65027
1789388443.6960316,50.247076800093055,0.02080350008327514,422809,50.649,0,False,2.4,177.60000000000002,0.0,0.0,0.0,0.0,65027
1789388443.7162378,50.26658940000925,0.01951259991619736,422829,50.669,0,False,2.4,177.60000000000002,0.0,0.0,0.0,0.0,65027
1789388443.736813,50.28778510005213,0.02119570004288107,422850,50.69,0,False,2.4,177.60000000000002,0.0,0.0,0.0,0.0,65027
1789388443.7558436,50.3068515000632,0.019066400011070073,422870,50.71,0,False,2.4,177.60000000000002,0.0,0.0,0.0,0.0,65027
1789388443.7749057,50.32592160010245,0.019070100039243698,422890,50.73,0,False,2.4,177.60000000000002,0.0,0.0,0.0,0.0,65027
1789388443.795499,50.34638170001563,0.020460099913179874,422910,50.75,0,False,2.4,177.60000000000002,0.0,0.0,0.0,0.0,65027
1789388443.8159518,50.36669910000637,0.02031739999074489,422930,50.77,0,False,2.4,177.60000000000002,0.0,0.0,0.0,0.0,65027
1789388443.8366716,50.38750290009193,0.020803800085559487,422951,50.791,0,False,2.4,177.60000000000002,0.0,0.0,0.0,0.0,65027
1789388443.8566358,50.40739619999658,0.01989329990465194,422971,50.811,0,False,2.4,177.60000000000002,0.0,0.0,0.0,0.0,65027
1789388443.8757873,50.42668900010176,0.019292800105176866,422991,50.831,0,False,2.4,177.60000000000002,0.0,0.0,0.0,0.0,65027
1789388443.89841,50.44869370001834,0.02200469991657883,423011,50.851,0,False,2.4,177.60000000000002,0.0,0.0,0.0,0.0,65027
1789388443.9168305,50.46718130004592,0.01848760002758354,423031,50.871,0,False,2.4,177.60000000000002,0.0,0.0,0.0,0.0,65027
1789388443.9373546,50.487813299987465,0.020631999941542745,423052,50.892,0,False,2.4,177.60000000000002,0.0,0.0,0.0,0.0,65027
1789388443.9550118,50.50579880003352,0.01798550004605204,423072,50.912,0,False,2.4,177.60000000000002,0.0,0.0,0.0,0.0,65027
1789388443.9759054,50.52650929999072,0.020710499957203865,423092,50.932,0,False,2.4,177.60000000000002,0.0,0.0,0.0,0.0,65027
1789388443.9953833,50.546314600040205,0.019805300049483776,423112,50.952,0,False,2.4,177.60000000000002,0.0,0.0,0.0,0.0,65027
1789388444.015744,50.56664900004398,0.020334400003775954,423132,50.972,0,False,2.4,177.60000000000002,0.0,0.0,0.0,0.0,65027
1789388444.0373847,50.587652900023386,0.021003899979405105,423152,50.992,0,False,2.4,177.60000000000002,0.0,0.0,0.0,0.0,65027
1789388444.0556085,50.606370600056835,0.018717700033448637,423172,51.012,0,False,2.4,177.60000000000002,0.0,0.0,0.0,0.0,65027
1789388444.0763307,50.62649990001228,0.020129299955442548,423193,51.033,0,False,2.4,177.60000000000002,0.0,0.0,0.0,0.0,65027
1789388444.0956151,50.64638749998994,0.01988759997766465,423213,51.053,0,False,2.4,177.60000000000002,0.0,0.0,0.0,0.0,65027
1789388444.1161888,50.66680110001471,0.02041360002476722,423233,51.073,0,False,2.4,177.60000000000002,0.0,0.0,0.0,0.0,65027
1789388444.1364348,50.686977700097486,0.02017660008277744,423253,51.093,0,False,2.4,177.60000000000002,0.0,0.0,0.0,0.0,65027
1789388444.1555202,50.706230200012214,0.019252499914728105,423273,51.113,0,False,2.4,177.60000000000002,0.0,0.0,0.0,0.0,65027
1789388444.175665,50.725953500019386,0.01972330000717193,423293,51.133,0,False,2.4,177.60000000000002,0.0,0.0,0.0,0.0,65027
1789388444.1959212,50.74626470007934,0.02031120005995035,423314,51.154,0,False,2.4,177.60000000000002,0.0,0.0,0.0,0.0,65027
1789388444.2241342,50.77428580005653,0.028021099977195263,423334,51.174,0,False,2.4,177.60000000000002,0.0,0.0,0.0,0.0,65027
1789388444.2523227,50.8030943000922,0.02880850003566593,423370,51.21,0,False,2.4,177.60000000000002,0.0,0.0,0.0,0.0,65027
1789388444.2583232,50.80905530008022,0.005960999988019466,423377,51.217,0,False,2.4,177.60000000000002,0.0,0.0,0.0,0.0,65027
1789388444.276653,50.82742860005237,0.0183732999721542,423395,51.235,0,False,2.4,177.60000000000002,0.0,0.0,0.0,0.0,65027
1789388444.2962954,50.84642130008433,0.01899270003195852,423414,51.254,0,False,2.4,177.60000000000002,0.0,0.0,0.0,0.0,65027
1789388444.3159256,50.86647130001802,0.020049999933689833,423435,51.275,0,False,2.4,177.60000000000002,0.0,0.0,0.0,0.0,65027
1789388444.3375795,50.88826280005742,0.02179150003939867,423455,51.295,0,False,2.4,177.60000000000002,0.0,0.0,0.0,0.0,65027
1789388444.3567111,50.907483800081536,0.01922100002411753,423475,51.315,0,False,2.4,177.60000000000002,0.0,0.0,0.0,0.0,65027
1789388444.3753297,50.925931000034325,0.01844719995278865,423495,51.335,0,False,2.4,177.60000000000002,0.0,0.0,0.0,0.0,65027
1789388444.3957915,50.94657989998814,0.02064889995381236,423515,51.355,0,False,2.4,177.60000000000002,0.0,0.0,0.0,0.0,65027
1789388444.41737,50.968167799990624,0.021587900002487004,423535,51.375,0,False,2.4,177.60000000000002,0.0,0.0,0.0,0.0,65027
1789388444.437908,50.9880360000534,0.019868200062774122,423556,51.396,0,False,2.4,177.60000000000002,0.0,0.0,0.0,0.0,65027
1789388444.4570107,51.00797050003894,0.019934499985538423,423576,51.416,0,False,2.4,177.60000000000002,0.0,0.0,0.0,0.0,65027
1789388444.4872375,51.03756460000295,0.029594099964015186,423596,51.436,0,False,2.4,177.60000000000002,0.0,0.0,0.0,0.0,65027
1789388444.4952884,51.04603450000286,0.008469899999909103,423616,51.456,0,False,2.4,177.60000000000002,0.0,0.0,0.0,0.0,65027
1789388444.5170336,51.067673600045964,0.0216391000431031,423636,51.476,0,False,2.4,177.60000000000002,0.0,0.0,0.0,0.0,65027
1789388444.5372124,51.08825790008996,0.020584300043992698,423657,51.497,0,False,2.4,177.60000000000002,0.0,0.0,0.0,0.0,65027
1789388444.5558634,51.10686290008016,0.018604999990202487,423677,51.517,0,False,2.4,177.60000000000002,0.0,0.0,0.0,0.0,65027
1789388444.5754762,51.12619750003796,0.0193345999578014,423697,51.537,0,False,2.4,177.60000000000002,0.0,0.0,0.0,0.0,65027
1789388444.5964787,51.146837800042704,0.02064030000474304,423717,51.557,0,False,2.4,177.60000000000002,0.0,0.0,0.0,0.0,65027
1789388444.6171978,51.16722290008329,0.020385100040584803,423737,51.577,0,False,2.4,177.60000000000002,0.0,0.0,0.0,0.0,65027
1789388444.6372168,51.18801829998847,0.02079539990518242,423757,51.597,0,False,2.4,177.60000000000002,0.0,0.0,0.0,0.0,65027
1789388444.6573274,51.20793150004465,0.019913200056180358,423777,51.617,0,False,2.4,177.60000000000002,0.0,0.0,0.0,0.0,65027
1789388444.6760685,51.226427000015974,0.018495499971322715,423797,51.637,0,False,2.4,177.60000000000002,0.0,0.0,0.0,0.0,65027
1789388444.6964378,51.24659470003098,0.02016770001500845,423818,51.658,0,False,2.4,177.60000000000002,0.0,0.0,0.0,0.0,65027
1789388444.7162995,51.26705350005068,0.020458800019696355,423838,51.678,0,False,2.4,177.60000000000002,0.0,0.0,0.0,0.0,65027
1789388444.7367737,51.287323000025935,0.020269499975256622,423858,51.698,0,False,2.4,177.60000000000002,0.0,0.0,0.0,0.0,65027
1789388444.7555327,51.306566299987026,0.019243299961090088,423878,51.718,0,False,2.4,177.60000000000002,0.0,0.0,0.0,0.0,65027
1789388444.7753026,51.32613530009985,0.019569000112824142,423898,51.738,0,False,2.4,177.60000000000002,0.0,0.0,0.0,0.0,65027
1789388444.7964482,51.34671419998631,0.020578899886459112,423919,51.759,0,False,2.4,177.60000000000002,0.0,0.0,0.0,0.0,65027
1789388444.8162856,51.36695699999109,0.020242800004780293,423939,51.779,0,False,2.4,177.60000000000002,0.0,0.0,0.0,0.0,65027
1789388444.8369842,51.3876370000653,0.020680000074207783,423959,51.799,0,False,2.4,177.60000000000002,0.0,0.0,0.0,0.0,65027
1789388444.855926,51.40656770009082,0.01893070002552122,423979,51.819,0,False,2.4,177.60000000000002,0.0,0.0,0.0,0.0,65027
1789388444.8760288,51.42657590005547,0.020008199964649975,423999,51.839,0,False,2.4,177.60000000000002,0.0,0.0,0.0,0.0,65027
1789388444.896923,51.44714440009557,0.020568500040099025,424019,51.859,0,False,2.4,177.60000000000002,0.0,0.0,0.0,0.0,65027
1789388444.9160979,51.466409699991345,0.0192652998957783,424039,51.879,0,False,2.4,177.60000000000002,0.0,0.0,0.0,0.0,65027
1789388444.9367864,51.487570700002834,0.021161000011488795,424060,51.9,0,False,2.4,177.60000000000002,0.0,0.0,0.0,0.0,65027
1789388444.9564893,51.506867600022815,0.019296900019980967,424080,51.92,0,False,2.4,177.60000000000002,0.0,0.0,0.0,0.0,65027
1789388444.9757237,51.52588970004581,0.019022100022993982,424100,51.94,0,False,2.4,177.60000000000002,0.0,0.0,0.0,0.0,65027
1789388444.9959023,51.54619960009586,0.02030990005005151,424120,51.96,0,False,2.4,177.60000000000002,0.0,0.0,0.0,0.0,65027
1789388445.0167668,51.56688619998749,0.020686599891632795,424140,51.98,0,False,2.4,177.60000000000002,0.0,0.0,0.0,0.0,65027
1789388445.0369465,51.58763650001492,0.020750300027430058,424161,52.001,0,False,2.4,177.60000000000002,0.0,0.0,0.0,0.0,65027
1789388445.0566406,51.606881999992765,0.019245499977841973,424181,52.021,0,False,2.4,177.60000000000002,0.0,0.0,0.0,0.0,65027
1789388445.0753489,51.626250000088476,0.01936800009571016,424201,52.041,0,False,2.4,177.60000000000002,0.0,0.0,0.0,0.0,65027
1789388445.0955267,51.64612200006377,0.019871999975293875,424221,52.061,0,False,2.4,177.60000000000002,0.0,0.0,0.0,0.0,65027
1789388445.116262,51.66718640003819,0.021064399974420667,424241,52.081,0,False,2.4,177.60000000000002,0.0,0.0,0.0,0.0,65027
1789388445.136959,51.68705080007203,0.019864400033839047,424261,52.101,0,False,2.4,177.60000000000002,0.0,0.0,0.0,0.0,65027
1789388445.1575928,51.70797460002359,0.020923799951560795,424282,52.122,0,False,2.4,177.60000000000002,0.0,0.0,0.0,0.0,65027
1789388445.1753833,51.72591620008461,0.017941600061021745,424302,52.142,0,False,2.4,177.60000000000002,0.0,0.0,0.0,0.0,65027
1789388445.195259,51.74625299999025,0.020336799905635417,424322,52.162,0,False,2.4,177.60000000000002,0.0,0.0,0.0,0.0,65027
1789388445.2181754,51.76832060003653,0.022067600046284497,424342,52.182,0,False,2.4,177.60000000000002,0.0,0.0,0.0,0.0,65027
1789388445.2369063,51.787462800042704,0.01914220000617206,424363,52.203,0,False,2.4,177.60000000000002,0.0,0.0,0.0,0.0,65027
1789388445.2566512,51.80687890003901,0.019416099996306002,424383,52.223,0,False,2.4,177.60000000000002,0.0,0.0,0.0,0.0,65027
1789388445.2758744,51.826058700098656,0.019179800059646368,424402,52.242,0,False,2.4,177.60000000000002,0.0,0.0,0.0,0.0,65027
1789388445.2962651,51.84661660005804,0.020557899959385395,424423,52.263,0,False,2.4,177.60000000000002,0.0,0.0,0.0,0.0,65027
1789388445.317178,51.867904799990356,0.021288199932314456,424443,52.283,0,False,2.4,177.60000000000002,0.0,0.0,0.0,0.0,65027
1789388445.3366263,51.886904400074854,0.018999600084498525,424463,52.303,0,False,2.4,177.60000000000002,0.0,0.0,0.0,0.0,65027
1789388445.3558278,51.906826900085434,0.019922500010579824,424483,52.323,0,False,2.4,177.60000000000002,0.0,0.0,0.0,0.0,65027
1789388445.3754416,51.92597590002697,0.019148999941535294,424503,52.343,0,False,2.4,177.60000000000002,0.0,0.0,0.0,0.0,65027
1789388445.3959122,51.94617810007185,0.020202200044877827,424523,52.363,0,False,2.4,177.60000000000002,0.0,0.0,0.0,0.0,65027
1789388445.4169502,51.96783330000471,0.0216551999328658,424544,52.384,0,False,2.4,177.60000000000002,0.0,0.0,0.0,0.0,65027
1789388445.43683,51.987915600067936,0.020082300063222647,424564,52.404,0,False,2.4,177.60000000000002,0.0,0.0,0.0,0.0,65027
1789388445.4556,52.00640700000804,0.018491399940103292,424584,52.424,0,False,2.4,177.60000000000002,0.0,0.0,0.0,0.0,65027
1789388445.4763277,52.02637080010027,0.019963800092227757,424604,52.444,0,False,2.4,177.60000000000002,0.0,0.0,0.0,0.0,65027
1789388445.4952343,52.04619490006007,0.019824099959805608,424624,52.464,0,False,2.4,177.60000000000002,0.0,0.0,0.0,0.0,65027
1789388445.5173073,52.067644700058736,0.021449799998663366,424645,52.485,0,False,2.4,177.60000000000002,0.0,0.0,0.0,0.0,65027
1789388445.5369258,52.08747160003986,0.01982689998112619,424665,52.505,0,False,2.4,177.60000000000002,0.0,0.0,0.0,0.0,65027
1789388445.5569391,52.10738910001237,0.019917499972507358,424685,52.525,0,False,2.4,177.60000000000002,0.0,0.0,0.0,0.0,65027
1789388445.5757866,52.1263203000417,0.018931200029328465,424705,52.545,0,False,2.4,177.60000000000002,0.0,0.0,0.0,0.0,65027
1789388445.5951946,52.14623489999212,0.019914599950425327,424725,52.565,0,False,2.4,177.60000000000002,0.0,0.0,0.0,0.0,65027
1789388445.6175587,52.16806100006215,0.021826100070029497,424745,52.585,0,False,2.4,177.60000000000002,0.0,0.0,0.0,0.0,65027
1789388445.6363072,52.18707169999834,0.019010699936188757,424765,52.605,0,False,2.4,177.60000000000002,0.0,0.0,0.0,0.0,65027
1789388445.6555154,52.2063226000173,0.019250900018960238,424786,52.626,0,False,2.4,177.60000000000002,0.0,0.0,0.0,0.0,65027
1789388445.675113,52.22623820009176,0.019915600074455142,424806,52.646,0,False,2.4,177.60000000000002,0.0,0.0,0.0,0.0,65027
1789388445.7158628,52.26593660004437,0.03969839995261282,424845,52.685,0,False,2.4,177.60000000000002,0.0,0.0,0.0,0.0,65027
1789388445.7214043,52.271907399990596,0.00597079994622618,424852,52.692,0,False,2.4,177.60000000000002,0.0,0.0,0.0,0.0,65027
1789388445.7361536,52.28697150002699,0.015064100036397576,424866,52.706,0,False,2.4,177.60000000000002,0.0,0.0,0.0,0.0,65027
1789388445.7558527,52.30642000003718,0.019448500010184944,424887,52.727,0,False,2.4,177.60000000000002,0.0,0.0,0.0,0.0,65027
1789388445.7874591,52.33894819999114,0.03252819995395839,424907,52.747,0,False,2.4,177.60000000000002,0.0,0.0,0.0,0.0,65027
1789388445.796549,52.347410700051114,0.008462500059977174,424927,52.767,0,False,2.4,177.60000000000002,0.0,0.0,0.0,0.0,65027
1789388445.817146,52.367578600067645,0.020167900016531348,424947,52.787,0,False,2.4,177.60000000000002,0.0,0.0,0.0,0.0,65027
1789388445.8361897,52.387179500074126,0.019600900006480515,424967,52.807,0,False,2.4,177.60000000000002,0.0,0.0,0.0,0.0,65027
1789388445.857127,52.40786730009131,0.02068780001718551,424987,52.827,0,False,2.4,177.60000000000002,0.0,0.0,0.0,0.0,65027
1789388445.87536,52.42605480004568,0.018187499954365194,425007,52.847,0,False,2.4,177.60000000000002,0.0,0.0,0.0,0.0,65027
1789388445.896138,52.44641239999328,0.020357599947601557,425028,52.868,0,False,2.4,177.60000000000002,0.0,0.0,0.0,0.0,65027
1789388445.9178095,52.468525400036015,0.02211300004273653,425048,52.888,0,False,2.4,177.60000000000002,0.0,0.0,0.0,0.0,65027
1789388445.9366639,52.48714880004991,0.018623400013893843,425069,52.909,0,False,2.4,177.60000000000002,0.0,0.0,0.0,0.0,65027
1789388445.956328,52.506615800084546,0.01946700003463775,425088,52.928,0,False,2.4,177.60000000000002,0.0,0.0,0.0,0.0,65027
1789388445.97609,52.52659260004293,0.019976799958385527,425108,52.948,0,False,2.4,177.60000000000002,0.0,0.0,0.0,0.0,65027
1789388445.9954035,52.54621090006549,0.019618300022557378,425128,52.968,0,False,2.4,177.60000000000002,0.0,0.0,0.0,0.0,65027
1789388446.017775,52.56879110005684,0.022580199991352856,425149,52.989,0,False,2.4,177.60000000000002,0.0,0.0,0.0,0.0,65027
1789388446.0362766,52.58730300003663,0.018511899979785085,425169,53.009,0,False,2.4,177.60000000000002,0.0,0.0,0.0,0.0,65027
1789388446.0553188,52.60614040005021,0.01883740001358092,425189,53.029,0,False,2.4,177.60000000000002,0.0,0.0,0.0,0.0,65027
1789388446.075242,52.62572080001701,0.019580399966798723,425209,53.049,0,False,2.4,177.60000000000002,0.0,0.0,0.0,0.0,65027
1789388446.097797,52.64795640006196,0.022235600044950843,425229,53.069,0,False,2.4,177.60000000000002,0.0,0.0,0.0,0.0,65027
1789388446.1182647,52.668486200040206,0.020529799978248775,425249,53.089,0,False,2.4,177.60000000000002,0.0,0.0,0.0,0.0,65027
1789388446.1374202,52.68765420001,0.019167999969795346,425270,53.11,0,False,2.4,177.60000000000002,0.0,0.0,0.0,0.0,65027
1789388446.1550975,52.70613940001931,0.018485200009308755,425290,53.13,0,False,2.4,177.60000000000002,0.0,0.0,0.0,0.0,65027
1789388446.1749363,52.725886000087485,0.019746600068174303,425310,53.15,0,False,2.4,177.60000000000002,0.0,0.0,0.0,0.0,65027
1789388446.196051,52.74633760005236,0.020451599964872003,425330,53.17,0,False,2.4,177.60000000000002,0.0,0.0,0.0,0.0,65027
1789388446.2176511,52.76787219999824,0.021534599945880473,425350,53.19,0,False,2.4,177.60000000000002,0.0,0.0,0.0,0.0,65027
1789388446.2372527,52.78816650004592,0.020294300047680736,425371,53.211,0,False,2.4,177.60000000000002,0.0,0.0,0.0,0.0,65027
1789388446.2550466,52.80605890008155,0.017892400035634637,425391,53.231,0,False,2.4,177.60000000000002,0.0,0.0,0.0,0.0,65027
1789388446.2750633,52.82611820008606,0.02005930000450462,425410,53.25,0,False,2.4,177.60000000000002,0.0,0.0,0.0,0.0,65027
1789388446.2955592,52.84573810000438,0.019619899918325245,425431,53.271,0,False,2.4,177.60000000000002,0.0,0.0,0.0,0.0,65027
1789388446.3166666,52.86712690000422,0.021388799999840558,425451,53.291,0,False,2.4,177.60000000000002,0.0,0.0,0.0,0.0,65027
1789388446.3365562,52.88716440007556,0.02003750007133931,425471,53.311,0,False,2.4,177.60000000000002,0.0,0.0,0.0,0.0,65027
1789388446.3555999,52.9060839000158,0.018919499940238893,425491,53.331,0,False,2.4,177.60000000000002,0.0,0.0,0.0,0.0,65027
1789388446.375268,52.925675100064836,0.01959120004903525,425511,53.351,0,False,2.4,177.60000000000002,0.0,0.0,0.0,0.0,65027
1789388446.3957317,52.945984499994665,0.020309399929828942,425531,53.371,0,False,2.4,177.60000000000002,0.0,0.0,0.0,0.0,65027
1789388446.4173698,52.96805780008435,0.02207330008968711,425552,53.392,0,False,2.4,177.60000000000002,0.0,0.0,0.0,0.0,65027
1789388446.441069,52.99117620009929,0.023118400014936924,425572,53.412,0,False,2.4,177.60000000000002,0.0,0.0,0.0,0.0,65027
1789388446.457761,53.009208300034516,0.018032099935226142,425595,53.435,0,False,2.4,177.60000000000002,0.0,0.0,0.0,0.0,65027
1789388446.4758558,53.026698900037445,0.01749060000292957,425612,53.452,0,False,2.4,177.60000000000002,0.0,0.0,0.0,0.0,65027
1789388446.4957328,53.04656660009641,0.019867700058966875,425632,53.472,0,False,2.4,177.60000000000002,0.0,0.0,0.0,0.0,65027
1789388446.5175412,53.06816660007462,0.021599999978207052,425652,53.492,0,False,2.4,177.60000000000002,0.0,0.0,0.0,0.0,65027
1789388446.5362093,53.087132500018924,0.01896589994430542,425673,53.513,0,False,2.4,177.60000000000002,0.0,0.0,0.0,0.0,65027
1789388446.5564435,53.10717960004695,0.020047100028023124,425693,53.533,0,False,2.4,177.60000000000002,0.0,0.0,0.0,0.0,65027
1789388446.5760572,53.126233000075445,0.01905340002849698,425713,53.553,0,False,2.4,177.60000000000002,0.0,0.0,0.0,0.0,65027
1789388446.5955427,53.145966300042346,0.01973329996690154,425733,53.573,0,False,2.4,177.60000000000002,0.0,0.0,0.0,0.0,65027
1789388446.617454,53.16826380009297,0.022297500050626695,425753,53.593,0,False,2.4,177.60000000000002,0.0,0.0,0.0,0.0,65027
1789388446.6371894,53.18748910003342,0.01922529994044453,425773,53.613,0,False,2.4,177.60000000000002,0.0,0.0,0.0,0.0,65027
1789388446.6564322,53.20686190004926,0.019372800015844405,425794,53.634,0,False,2.4,177.60000000000002,0.0,0.0,0.0,0.0,65027
1789388446.6768997,53.227244200068526,0.02038230001926422,425813,53.653,0,False,2.4,177.60000000000002,0.0,0.0,0.0,0.0,65027
1789388446.696109,53.247068500029854,0.019824299961328506,425834,53.674,0,False,2.4,177.60000000000002,0.0,0.0,0.0,0.0,65027
1789388446.7168236,53.26773520000279,0.02066669997293502,425854,53.694,0,False,2.4,177.60000000000002,0.0,0.0,0.0,0.0,65027
1789388446.7370205,53.287110200035386,0.01937500003259629,425874,53.714,0,False,2.4,177.60000000000002,0.0,0.0,0.0,0.0,65027
1789388446.755639,53.3066528000636,0.01954260002821684,425894,53.734,0,False,2.4,177.60000000000002,0.0,0.0,0.0,0.0,65027
1789388446.7766714,53.32708760001697,0.020434799953363836,425914,53.754,0,False,2.4,177.60000000000002,0.0,0.0,0.0,0.0,65027
1789388446.795597,53.346485599991865,0.019397999974898994,425934,53.774,0,False,2.4,177.60000000000002,0.0,0.0,0.0,0.0,65027
1789388446.8170223,53.367365700076334,0.020880100084468722,425954,53.794,0,False,2.4,177.60000000000002,0.0,0.0,0.0,0.0,65027
1789388446.8361301,53.386618299991824,0.019252599915489554,425975,53.815,0,False,2.4,177.60000000000002,0.0,0.0,0.0,0.0,65027
1789388446.855752,53.406420000013895,0.0198017000220716,425995,53.835,0,False,2.4,177.60000000000002,0.0,0.0,0.0,0.0,65027
1789388446.8758633,53.426475599990226,0.020055599976330996,426015,53.855,0,False,2.4,177.60000000000002,0.0,0.0,0.0,0.0,65027
1789388446.895678,53.445941300014965,0.019465700024738908,426035,53.875,0,False,2.4,177.60000000000002,0.0,0.0,0.0,0.0,65027
1789388446.9168046,53.46761590009555,0.02167460008058697,426055,53.895,0,False,2.4,177.60000000000002,0.0,0.0,0.0,0.0,65027
1789388446.9374828,53.488058599992655,0.02044269989710301,426076,53.916,0,False,2.4,177.60000000000002,0.0,0.0,0.0,0.0,65027
1789388446.9552188,53.5061757999938,0.01811720000114292,426096,53.936,0,False,2.4,177.60000000000002,0.0,0.0,0.0,0.0,65027
1789388446.9759736,53.52616400003899,0.01998820004519075,426116,53.956,0,False,2.4,177.60000000000002,0.0,0.0,0.0,0.0,65027
1789388446.9959755,53.546334300073795,0.020170300034806132,426136,53.976,0,False,2.4,177.60000000000002,0.0,0.0,0.0,0.0,65027
1789388447.0166698,53.56703350006137,0.020699199987575412,426156,53.996,0,False,2.4,177.60000000000002,0.0,0.0,0.0,0.0,65027
1789388447.0360768,53.58678090001922,0.019747399957850575,426176,54.016,0,False,2.4,177.60000000000002,0.0,0.0,0.0,0.0,65027
1789388447.0553012,53.60650100000203,0.01972009998280555,426197,54.037,0,False,2.4,177.60000000000002,0.0,0.0,0.0,0.0,65027
1789388447.0756433,53.62628299999051,0.019781999988481402,426217,54.057,0,False,2.4,177.60000000000002,0.0,0.0,0.0,0.0,65027
1789388447.0963502,53.64665310003329,0.020370100042782724,426237,54.077,0,False,2.4,177.60000000000002,0.0,0.0,0.0,0.0,65027
1789388447.1206882,53.67090950009879,0.024256400065496564,426257,54.097,0,False,2.4,177.60000000000002,0.0,0.0,0.0,0.0,65027
1789388447.1366973,53.686757100047544,0.015847599948756397,426277,54.117,0,False,2.4,177.60000000000002,0.0,0.0,0.0,0.0,65027
1789388447.1558902,53.70671000005677,0.01995290000922978,426297,54.137,0,False,2.4,177.60000000000002,0.0,0.0,0.0,0.0,65027
1789388447.1756487,53.726600100053474,0.019890099996700883,426317,54.157,0,False,2.4,177.60000000000002,0.0,0.0,0.0,0.0,65027
1789388447.1964073,53.74655979999807,0.019959699944593012,426338,54.178,0,False,2.4,177.60000000000002,0.0,0.0,0.0,0.0,65027
1789388447.2169514,53.768221700098366,0.021661900100298226,426358,54.198,0,False,2.4,177.60000000000002,0.0,0.0,0.0,0.0,65027
1789388447.2372746,53.787773200077936,0.019551499979570508,426378,54.218,0,False,2.4,177.60000000000002,0.0,0.0,0.0,0.0,65027
1789388447.2573152,53.808194800047204,0.020421599969267845,426399,54.239,0,False,2.4,177.60000000000002,0.0,0.0,0.0,0.0,65027
1789388447.275327,53.82601910002995,0.017824299982748926,426418,54.258,0,False,2.4,177.60000000000002,0.0,0.0,0.0,0.0,65027
1789388447.2946227,53.84610339999199,0.02008429996203631,426438,54.278,0,False,2.4,177.60000000000002,0.0,0.0,0.0,0.0,65027
1789388447.3179798,53.86815940006636,0.022056000074371696,426459,54.299,0,False,2.4,177.60000000000002,0.0,0.0,0.0,0.0,65027
1789388447.3368568,53.88735010009259,0.019190700026229024,426479,54.319,0,False,2.4,177.60000000000002,0.0,0.0,0.0,0.0,65027
1789388447.355655,53.906135600060225,0.018785499967634678,426499,54.339,0,False,2.4,177.60000000000002,0.0,0.0,0.0,0.0,65027
1789388447.375301,53.926406100043096,0.020270499982871115,426519,54.359,0,False,2.4,177.60000000000002,0.0,0.0,0.0,0.0,65027
1789388447.3957326,53.946216200012714,0.019810099969618022,426539,54.379,0,False,2.4,177.60000000000002,0.0,0.0,0.0,0.0,65027
1789388447.4169958,53.96772040007636,0.02150420006364584,426559,54.399,0,False,2.4,177.60000000000002,0.0,0.0,0.0,0.0,65027
1789388447.4359605,53.98666180006694,0.018941399990580976,426579,54.419,0,False,2.4,177.60000000000002,0.0,0.0,0.0,0.0,65027
1789388447.4553244,54.00618570006918,0.019523900002241135,426600,54.44,0,False,2.4,177.60000000000002,0.0,0.0,0.0,0.0,65027
1789388447.4755962,54.02580420009326,0.019618500024080276,426620,54.46,0,False,2.4,177.60000000000002,0.0,0.0,0.0,0.0,65027
1789388447.4955509,54.04595160007011,0.020147399976849556,426640,54.48,0,False,2.4,177.60000000000002,0.0,0.0,0.0,0.0,65027
1789388447.5176945,54.067786000086926,0.02183440001681447,426660,54.5,0,False,2.4,177.60000000000002,0.0,0.0,0.0,0.0,65027
1789388447.5371017,54.08755610010121,0.019770100014284253,426680,54.52,0,False,2.4,177.60000000000002,0.0,0.0,0.0,0.0,65027
1789388447.5562625,54.10665880003944,0.019102699938230217,426700,54.54,0,False,2.4,177.60000000000002,0.0,0.0,0.0,0.0,65027
1789388447.5844297,54.135167700005695,0.02850889996625483,426720,54.56,0,False,2.4,177.60000000000002,0.0,0.0,0.0,0.0,65027
1789388447.5972347,54.14786950009875,0.012701800093054771,426741,54.581,0,False,2.4,177.60000000000002,0.0,0.0,0.0,0.0,65027
1789388447.617022,54.16780699999072,0.01993749989196658,426761,54.601,0,False,2.4,177.60000000000002,0.0,0.0,0.0,0.0,65027
1789388447.6375582,54.18791770003736,0.020110700046643615,426782,54.622,0,False,2.4,177.60000000000002,0.0,0.0,0.0,0.0,65027
1789388447.656738,54.20777750003617,0.019859799998812377,426802,54.642,0,False,2.4,177.60000000000002,0.0,0.0,0.0,0.0,65027
1789388447.6761405,54.226600900059566,0.018823400023393333,426821,54.661,0,False,2.4,177.60000000000002,0.0,0.0,0.0,0.0,65027
1789388447.6990654,54.249296299996786,0.022695399937219918,426841,54.681,0,False,2.4,177.60000000000002,0.0,0.0,0.0,0.0,65027
1789388447.7190256,54.26922670006752,0.019930400070734322,426862,54.702,0,False,2.4,177.60000000000002,0.0,0.0,0.0,0.0,65027
1789388447.7391522,54.29021520004608,0.02098849997855723,426882,54.722,0,False,2.4,177.60000000000002,0.0,0.0,0.0,0.0,65027
1789388447.756769,54.30736940004863,0.01715420000255108,426903,54.743,0,False,2.4,177.60000000000002,0.0,0.0,0.0,0.0,65027
1789388447.7762825,54.32679389999248,0.019424499943852425,426922,54.762,0,False,2.4,177.60000000000002,0.0,0.0,0.0,0.0,65027
1789388447.7959337,54.34614580008201,0.019351900089532137,426942,54.782,0,False,2.4,177.60000000000002,0.0,0.0,0.0,0.0,65027
1789388447.816888,54.36788210005034,0.0217362999683246,426962,54.802,0,False,2.4,177.60000000000002,0.0,0.0,0.0,0.0,65027
1789388447.8365316,54.38734000001568,0.01945789996534586,426984,54.824,0,False,2.4,177.60000000000002,0.0,0.0,0.0,0.0,65027
1789388447.856444,54.40703870006837,0.019698700052686036,427003,54.843,0,False,2.4,177.60000000000002,0.0,0.0,0.0,0.0,65027
1789388447.8759296,54.426234300015494,0.01919559994712472,427023,54.863,0,False,2.4,177.60000000000002,0.0,0.0,0.0,0.0,65027
1789388447.8958697,54.446597300004214,0.02036299998871982,427043,54.883,0,False,2.4,177.60000000000002,0.0,0.0,0.0,0.0,65027
1789388447.9179618,54.46805090003181,0.02145360002759844,427063,54.903,0,False,2.4,177.60000000000002,0.0,0.0,0.0,0.0,65027
1789388447.9362307,54.486633100081235,0.01858220004942268,427083,54.923,0,False,2.4,177.60000000000002,0.0,0.0,0.0,0.0,65027
1789388447.9558558,54.50637550000101,0.01974239991977811,427104,54.944,0,False,2.4,177.60000000000002,0.0,0.0,0.0,0.0,65027
1789388447.9749458,54.525945300003514,0.019569800002500415,427124,54.964,0,False,2.4,177.60000000000002,0.0,0.0,0.0,0.0,65027
1789388447.9958565,54.54638449999038,0.020439199986867607,427144,54.984,0,False,2.4,177.60000000000002,0.0,0.0,0.0,0.0,65027
1789388448.0173883,54.56775610009208,0.021371600101701915,427164,55.004,0,False,2.4,177.60000000000002,0.0,0.0,0.0,0.0,65027
1789388448.037515,54.588205600040965,0.020449499948881567,427184,55.024,0,False,2.4,177.60000000000002,0.0,0.0,0.0,0.0,65027
1789388448.0556495,54.606374000082724,0.018168400041759014,427204,55.044,0,False,2.4,177.60000000000002,0.0,0.0,0.0,0.0,65027
1789388448.075699,54.62646380008664,0.020089800003916025,427225,55.065,0,False,2.4,177.60000000000002,0.0,0.0,0.0,0.0,65027
1789388448.0957973,54.6461672000587,0.019703399972058833,427245,55.085,0,False,2.4,177.60000000000002,0.0,0.0,0.0,0.0,65027
1789388448.116687,54.66718490002677,0.021017699968069792,427265,55.105,0,False,2.4,177.60000000000002,0.0,0.0,0.0,0.0,65027
1789388448.1364126,54.68705790000968,0.019872999982908368,427285,55.125,0,False,2.4,177.60000000000002,0.0,0.0,0.0,0.0,65027
1789388448.157128,54.707480899989605,0.020422999979928136,427306,55.146,0,False,2.4,177.60000000000002,0.0,0.0,0.0,0.0,65027
1789388448.1751723,54.726185300038196,0.018704400048591197,427325,55.165,0,False,2.4,177.60000000000002,0.0,0.0,0.0,0.0,65027
1789388448.197691,54.747750500100665,0.021565200062468648,427345,55.185,0,False,2.4,177.60000000000002,0.0,0.0,0.0,0.0,65027
1789388448.2164109,54.76723900006618,0.019488499965518713,427366,55.206,0,False,2.4,177.60000000000002,0.0,0.0,0.0,0.0,65027
1789388448.240874,54.79109200008679,0.023853000020608306,427390,55.23,0,False,2.4,177.60000000000002,0.0,0.0,0.0,0.0,65027
1789388448.2564173,54.8069889000617,0.015896899974904954,427406,55.246,0,False,2.4,177.60000000000002,0.0,0.0,0.0,0.0,65027
1789388448.276037,54.826467300066724,0.019478400005027652,427426,55.266,0,False,2.4,177.60000000000002,0.0,0.0,0.0,0.0,65027
1789388448.2958639,54.8459298000671,0.01946250000037253,427446,55.286,0,False,2.4,177.60000000000002,0.0,0.0,0.0,0.0,65027
1789388448.3178942,54.868250800063834,0.022320999996736646,427466,55.306,0,False,2.4,177.60000000000002,0.0,0.0,0.0,0.0,65027
1789388448.3402011,54.89075150003191,0.022500699968077242,427491,55.331,0,False,2.4,177.60000000000002,0.0,0.0,0.0,0.0,65027
1789388448.3557918,54.906045900075696,0.015294400043785572,427507,55.347,0,False,2.4,177.60000000000002,0.0,0.0,0.0,0.0,65027
1789388448.3748255,54.925846000085585,0.01980010000988841,427527,55.367,0,False,2.4,177.60000000000002,0.0,0.0,0.0,0.0,65027
1789388448.398985,54.95038980001118,0.024543799925595522,427547,55.387,0,False,2.4,177.60000000000002,0.0,0.0,0.0,0.0,65027
1789388448.4181235,54.969017400057055,0.018627600045874715,427567,55.407,0,False,2.4,177.60000000000002,0.0,0.0,0.0,0.0,65027
1789388448.4359813,54.98688530002255,0.01786789996549487,427588,55.428,0,False,2.4,177.60000000000002,0.0,0.0,0.0,0.0,65027
1789388448.455807,55.00623360008467,0.01934830006211996,427608,55.448,0,False,2.4,177.60000000000002,0.0,0.0,0.0,0.0,65027
1789388448.4761992,55.02681529999245,0.020581699907779694,427628,55.468,0,False,2.4,177.60000000000002,0.0,0.0,0.0,0.0,65027
1789388448.4959524,55.04610999999568,0.01929470000322908,427648,55.488,0,False,2.4,177.60000000000002,0.0,0.0,0.0,0.0,65027
1789388448.5170105,55.06786900002044,0.02175900002475828,427668,55.508,0,False,2.4,177.60000000000002,0.0,0.0,0.0,0.0,65027
1789388448.5372503,55.08744260005187,0.01957360003143549,427688,55.528,0,False,2.4,177.60000000000002,0.0,0.0,0.0,0.0,65027
1789388448.5555081,55.10623909998685,0.018796499934978783,427708,55.548,0,False,2.4,177.60000000000002,0.0,0.0,0.0,0.0,65027
1789388448.575698,55.12605670001358,0.019817600026726723,427728,55.568,0,False,2.4,177.60000000000002,0.0,0.0,0.0,0.0,65027
1789388448.5950038,55.14553209999576,0.01947539998218417,427749,55.589,0,False,2.4,177.60000000000002,0.0,0.0,0.0,0.0,65027
1789388448.617214,55.16739560000133,0.021863500005565584,427769,55.609,0,False,2.4,177.60000000000002,0.0,0.0,0.0,0.0,65027
1789388448.6366322,55.18728850001935,0.019892900018021464,427789,55.629,0,False,2.4,177.60000000000002,0.0,0.0,0.0,0.0,65027
1789388448.6550853,55.20626170001924,0.01897319999989122,427809,55.649,0,False,2.4,177.60000000000002,0.0,0.0,0.0,0.0,65027
1789388448.675589,55.226407800102606,0.020146100083366036,427829,55.669,0,False,2.4,177.60000000000002,0.0,0.0,0.0,0.0,65027
1789388448.6955807,55.246000300045125,0.01959249994251877,427849,55.689,0,False,2.4,177.60000000000002,0.0,0.0,0.0,0.0,65027
1789388448.7175314,55.26786090002861,0.021860599983483553,427870,55.71,0,False,2.4,177.60000000000002,0.0,0.0,0.0,0.0,65027
1789388448.7381704,55.288696700008586,0.02083579997997731,427890,55.73,0,False,2.4,177.60000000000002,0.0,0.0,0.0,0.0,65027
1789388448.755652,55.30660250002984,0.017905800021253526,427910,55.75,0,False,2.4,177.60000000000002,0.0,0.0,0.0,0.0,65027
1789388448.775356,55.32596710009966,0.01936460006982088,427930,55.77,0,False,2.4,177.60000000000002,0.0,0.0,0.0,0.0,65027
1789388448.7949386,55.34587349998765,0.01990639988798648,427950,55.79,0,False,2.4,177.60000000000002,0.0,0.0,0.0,0.0,65027
1789388448.8172288,55.367316300049424,0.021442800061777234,427970,55.81,0,False,2.4,177.60000000000002,0.0,0.0,0.0,0.0,65027
1789388448.8362079,55.38664120004978,0.019324900000356138,427991,55.831,0,False,2.4,177.60000000000002,0.0,0.0,0.0,0.0,65027
1789388448.8560488,55.40637580002658,0.019734599976800382,428011,55.851,0,False,2.4,177.60000000000002,0.0,0.0,0.0,0.0,65027
1789388448.8752174,55.4260982000269,0.019722400000318885,428031,55.871,0,False,2.4,177.60000000000002,0.0,0.0,0.0,0.0,65027
1789388448.8958125,55.446165200090036,0.02006700006313622,428051,55.891,0,False,2.4,177.60000000000002,0.0,0.0,0.0,0.0,65027
1789388448.9161744,55.466787600074895,0.02062239998485893,428071,55.911,0,False,2.4,177.60000000000002,0.0,0.0,0.0,0.0,65027
1789388448.9364944,55.486890500062145,0.020102899987250566,428092,55.932,0,False,2.4,177.60000000000002,0.0,0.0,0.0,0.0,65027
1789388448.9547768,55.50621140003204,0.019320899969898164,428112,55.952,0,False,2.4,177.60000000000002,0.0,0.0,0.0,0.0,65027
1789388448.9759817,55.526751000084914,0.02053960005287081,428132,55.972,0,False,2.4,177.60000000000002,0.0,0.0,0.0,0.0,65027
1789388448.9956634,55.546238900045864,0.019487899960950017,428152,55.992,0,False,2.4,177.60000000000002,0.0,0.0,0.0,0.0,65027
1789388449.0175757,55.56763539998792,0.021396499942056835,428172,56.012,0,False,2.4,177.60000000000002,0.0,0.0,0.0,0.0,65027
1789388449.0360982,55.586790100089274,0.019154700101353228,428192,56.032,0,False,2.4,177.60000000000002,0.0,0.0,0.0,0.0,65027
1789388449.0553217,55.606049700058065,0.019259599968791008,428212,56.052,0,False,2.4,177.60000000000002,0.0,0.0,0.0,0.0,65027
1789388449.0756166,55.625978700001724,0.01992899994365871,428233,56.073,0,False,2.4,177.60000000000002,0.0,0.0,0.0,0.0,65027
1789388449.0957668,55.645881900098175,0.019903200096450746,428253,56.093,0,False,2.4,177.60000000000002,0.0,0.0,0.0,0.0,65027
1789388449.1171868,55.667378399986774,0.02149649988859892,428273,56.113,0,False,2.4,177.60000000000002,0.0,0.0,0.0,0.0,65027
1789388449.136817,55.687088100006804,0.01970970002003014,428293,56.133,0,False,2.4,177.60000000000002,0.0,0.0,0.0,0.0,65027
1789388449.1552556,55.70613330008928,0.019045200082473457,428313,56.153,0,False,2.4,177.60000000000002,0.0,0.0,0.0,0.0,65027
1789388449.1748686,55.72554850007873,0.019415199989452958,428333,56.173,0,False,2.4,177.60000000000002,0.0,0.0,0.0,0.0,65027
1789388449.1948357,55.7457714000484,0.020222899969667196,428353,56.193,0,False,2.4,177.60000000000002,0.0,0.0,0.0,0.0,65027
1789388449.2170126,55.767713500070386,0.021942100021988153,428374,56.214,0,False,2.4,177.60000000000002,0.0,0.0,0.0,0.0,65027
1789388449.236746,55.787120900000446,0.01940739993005991,428394,56.234,0,False,2.4,177.60000000000002,0.0,0.0,0.0,0.0,65027
1789388449.2566214,55.80674660007935,0.01962570007890463,428414,56.254,0,False,2.4,177.60000000000002,0.0,0.0,0.0,0.0,65027
1789388449.2758057,55.826015900005586,0.019269299926236272,428434,56.274,0,False,2.4,177.60000000000002,0.0,0.0,0.0,0.0,65027
1789388449.2956917,55.8460814000573,0.02006550005171448,428454,56.294,0,False,2.4,177.60000000000002,0.0,0.0,0.0,0.0,65027
1789388449.31684,55.8671821000753,0.021100700017996132,428475,56.315,0,False,2.4,177.60000000000002,0.0,0.0,0.0,0.0,65027
1789388449.336843,55.88696929998696,0.019787199911661446,428495,56.335,0,False,2.4,177.60000000000002,0.0,0.0,0.0,0.0,65027
1789388449.3559837,55.907005200046115,0.02003590005915612,428515,56.355,0,False,2.4,177.60000000000002,0.0,0.0,0.0,0.0,65027
1789388449.3753867,55.92620079999324,0.01919559994712472,428535,56.375,0,False,2.4,177.60000000000002,0.0,0.0,0.0,0.0,65027
1789388449.3955503,55.94582910009194,0.01962830009870231,428555,56.395,0,False,2.4,177.60000000000002,0.0,0.0,0.0,0.0,65027
1789388449.4176865,55.96782950009219,0.02200040000025183,428575,56.415,0,False,2.4,177.60000000000002,0.0,0.0,0.0,0.0,65027
1789388449.4360511,55.98689900001045,0.01906949991825968,428596,56.436,0,False,2.4,177.60000000000002,0.0,0.0,0.0,0.0,65027
1789388449.455337,56.00636680005118,0.019467800040729344,428616,56.456,0,False,2.4,177.60000000000002,0.0,0.0,0.0,0.0,65027
1789388449.4758,56.02638739999384,0.02002059994265437,428636,56.476,0,False,2.4,177.60000000000002,0.0,0.0,0.0,0.0,65027
1789388449.4966452,56.04686620004941,0.0204788000555709,428656,56.496,0,False,2.4,177.60000000000002,0.0,0.0,0.0,0.0,65027
1789388449.5167449,56.06731400010176,0.02044780005235225,428676,56.516,0,False,2.4,177.60000000000002,0.0,0.0,0.0,0.0,65027
1789388449.5359619,56.086647500051185,0.01933349994942546,428696,56.536,0,False,2.4,177.60000000000002,0.0,0.0,0.0,0.0,65027
1789388449.5556393,56.10616160009522,0.01951410004403442,428717,56.557,0,False,2.4,177.60000000000002,0.0,0.0,0.0,0.0,65027
1789388449.576183,56.1265555000864,0.020393899991177022,428737,56.577,0,False,2.4,177.60000000000002,0.0,0.0,0.0,0.0,65027
1789388449.59595,56.14612320007291,0.01956769998650998,428757,56.597,0,False,2.4,177.60000000000002,0.0,0.0,0.0,0.0,65027
1789388449.617442,56.16764220001642,0.021518999943509698,428777,56.617,0,False,2.4,177.60000000000002,0.0,0.0,0.0,0.0,65027
1789388449.6367972,56.18779310001992,0.020150900003500283,428797,56.637,0,False,2.4,177.60000000000002,0.0,0.0,0.0,0.0,65027
1789388449.6573303,56.207471500034444,0.019678400014527142,428817,56.657,0,False,2.4,177.60000000000002,0.0,0.0,0.0,0.0,65027
1789388449.6759753,56.22648010007106,0.019008600036613643,428837,56.677,0,False,2.4,177.60000000000002,0.0,0.0,0.0,0.0,65027
1789388449.6955523,56.24603780009784,0.019557700026780367,428858,56.698,0,False,2.4,177.60000000000002,0.0,0.0,0.0,0.0,65027
1789388449.7170367,56.267595699988306,0.021557899890467525,428878,56.718,0,False,2.4,177.60000000000002,0.0,0.0,0.0,0.0,65027
1789388449.7368376,56.28729920007754,0.019703500089235604,428898,56.738,0,False,2.4,177.60000000000002,0.0,0.0,0.0,0.0,65027
1789388449.755534,56.30635920003988,0.019059999962337315,428918,56.758,0,False,2.4,177.60000000000002,0.0,0.0,0.0,0.0,65027
1789388449.775264,56.326618700055405,0.02025950001552701,428938,56.778,0,False,2.4,177.60000000000002,0.0,0.0,0.0,0.0,65027
1789388449.8040535,56.3543909,0.027772199944593012,428966,56.806,0,False,2.4,177.60000000000002,0.0,0.0,0.0,0.0,65027
1789388449.8171725,56.367895300034434,0.013504400034435093,428979,56.819,0,False,2.4,177.60000000000002,0.0,0.0,0.0,0.0,65027
1789388449.836859,56.38749530003406,0.01959999999962747,428999,56.839,0,False,2.4,177.60000000000002,0.0,0.0,0.0,0.0,65027
1789388449.8563495,56.40644670010079,0.01895140006672591,429019,56.859,0,False,2.4,177.60000000000002,0.0,0.0,0.0,0.0,65027
1789388449.8759654,56.42649079998955,0.020044099888764322,429039,56.879,0,False,2.4,177.60000000000002,0.0,0.0,0.0,0.0,65027
1789388449.8947349,56.445778600056656,0.0192878000671044,429059,56.899,0,False,2.4,177.60000000000002,0.0,0.0,0.0,0.0,65027
1789388449.9198241,56.47003450000193,0.024255899945273995,429079,56.919,0,False,2.4,177.60000000000002,0.0,0.0,0.0,0.0,65027
1789388449.9358637,56.48646730009932,0.01643280009739101,429099,56.939,0,False,2.4,177.60000000000002,0.0,0.0,0.0,0.0,65027
1789388449.9553046,56.50588589999825,0.019418599898926914,429120,56.96,0,False,2.4,177.60000000000002,0.0,0.0,0.0,0.0,65027
1789388449.9750977,56.52601750008762,0.020131600089371204,429140,56.98,0,False,2.4,177.60000000000002,0.0,0.0,0.0,0.0,65027
1789388449.9958088,56.54617730004247,0.020159799954853952,429160,57.0,0,False,2.4,177.60000000000002,0.0,0.0,0.0,0.0,65027
1789388450.016555,56.56696240010206,0.020785100059583783,429180,57.02,0,False,2.4,177.60000000000002,0.0,0.0,0.0,0.0,65027
1789388450.055382,56.60684610006865,0.03988369996659458,429201,57.041,0,False,2.4,177.60000000000002,0.0,0.0,0.0,0.0,65027
1789388450.0624442,56.6130065000616,0.006160399992950261,429227,57.067,0,False,2.4,177.60000000000002,0.0,0.0,0.0,0.0,65027
1789388450.0754259,56.62627880007494,0.01327230001334101,429241,57.081,0,False,2.4,177.60000000000002,0.0,0.0,0.0,0.0,65027
1789388450.095812,56.6462210000027,0.0199421999277547,429261,57.101,0,False,2.4,177.60000000000002,0.0,0.0,0.0,0.0,65027
1789388450.1175346,56.668036699993536,0.021815699990838766,429281,57.121,0,False,2.4,177.60000000000002,0.0,0.0,0.0,0.0,65027
1789388450.1406367,56.691138299996965,0.023101600003428757,429306,57.146,0,False,2.4,177.60000000000002,0.0,0.0,0.0,0.0,65027
1789388450.155351,56.70621040009428,0.015072100097313523,429321,57.161,0,False,2.4,177.60000000000002,0.0,0.0,0.0,0.0,65027
1789388450.1756034,56.72613540000748,0.019924999913200736,429341,57.181,0,False,2.4,177.60000000000002,0.0,0.0,0.0,0.0,65027
1789388450.1957183,56.745810199994594,0.019674799987114966,429361,57.201,0,False,2.4,177.60000000000002,0.0,0.0,0.0,0.0,65027
1789388450.2180972,56.76825560000725,0.022445400012657046,429382,57.222,0,False,2.4,177.60000000000002,0.0,0.0,0.0,0.0,65027
1789388450.2371068,56.787581700016744,0.01932610000949353,429402,57.242,0,False,2.4,177.60000000000002,0.0,0.0,0.0,0.0,65027
1789388450.2557623,56.8063726000255,0.018790900008752942,429422,57.262,0,False,2.4,177.60000000000002,0.0,0.0,0.0,0.0,65027
1789388450.2758288,56.826474600005895,0.020101999980397522,429442,57.282,0,False,2.4,177.60000000000002,0.0,0.0,0.0,0.0,65027
1789388450.3004694,56.85134819999803,0.024873599992133677,429462,57.302,0,False,2.4,177.60000000000002,0.0,0.0,0.0,0.0,65027
1789388450.317474,56.868444100022316,0.017095900024287403,429482,57.322,0,False,2.4,177.60000000000002,0.0,0.0,0.0,0.0,65027
1789388450.3360722,56.886932800058275,0.018488700035959482,429503,57.343,0,False,2.4,177.60000000000002,0.0,0.0,0.0,0.0,65027
1789388450.356045,56.90653480007313,0.019602000014856458,429523,57.363,0,False,2.4,177.60000000000002,0.0,0.0,0.0,0.0,65027
1789388450.3897524,56.9405420999974,0.03400729992426932,429543,57.383,0,False,2.4,177.60000000000002,0.0,0.0,0.0,0.0,65027
1789388450.3962753,56.947188200079836,0.006646100082434714,429563,57.403,0,False,2.4,177.60000000000002,0.0,0.0,0.0,0.0,65027
1789388450.4206684,56.97089570004027,0.023707499960437417,429583,57.423,0,False,2.4,177.60000000000002,0.0,0.0,0.0,0.0,65027
1789388450.4372957,56.98808000003919,0.017184299998916686,429603,57.443,0,False,2.4,177.60000000000002,0.0,0.0,0.0,0.0,65027
1789388450.4559357,57.007435200037435,0.019355199998244643,429624,57.464,0,False,2.4,177.60000000000002,0.0,0.0,0.0,0.0,65027
1789388450.475899,57.026142699993216,0.018707499955780804,429644,57.484,0,False,2.4,177.60000000000002,0.0,0.0,0.0,0.0,65027
1789388450.4966428,57.047233700053766,0.02109100006055087,429664,57.504,0,False,2.4,177.60000000000002,0.0,0.0,0.0,0.0,65027
1789388450.516384,57.06715080002323,0.01991709996946156,429684,57.524,0,False,2.4,177.60000000000002,0.0,0.0,0.0,0.0,65027
1789388450.5370598,57.08770130004268,0.020550500019453466,429704,57.544,0,False,2.4,177.60000000000002,0.0,0.0,0.0,0.0,65027
1789388450.5556574,57.10645820002537,0.01875689998269081,429724,57.564,0,False,2.4,177.60000000000002,0.0,0.0,0.0,0.0,65027
1789388450.5761342,57.12629670009483,0.019838500069454312,429744,57.584,0,False,2.4,177.60000000000002,0.0,0.0,0.0,0.0,65027
1789388450.5960374,57.14628390001599,0.019987199921160936,429764,57.604,0,False,2.4,177.60000000000002,0.0,0.0,0.0,0.0,65027
1789388450.6191866,57.16938860004302,0.023104700027033687,429785,57.625,0,False,2.4,177.60000000000002,0.0,0.0,0.0,0.0,65027
1789388450.6368623,57.18758260004688,0.0181940000038594,429805,57.645,0,False,2.4,177.60000000000002,0.0,0.0,0.0,0.0,65027
1789388450.655179,57.20603460003622,0.01845199998933822,429825,57.665,0,False,2.4,177.60000000000002,0.0,0.0,0.0,0.0,65027
1789388450.6760247,57.22644630004652,0.020411700010299683,429845,57.685,0,False,2.4,177.60000000000002,0.0,0.0,0.0,0.0,65027
1789388450.696128,57.24648040009197,0.020034100045450032,429865,57.705,0,False,2.4,177.60000000000002,0.0,0.0,0.0,0.0,65027
1789388450.7179863,57.268144000088796,0.021663599996827543,429886,57.726,0,False,2.4,177.60000000000002,0.0,0.0,0.0,0.0,65027
1789388450.7365987,57.28718079999089,0.01903679990209639,429906,57.746,0,False,2.4,177.60000000000002,0.0,0.0,0.0,0.0,65027
1789388450.7570028,57.30754270008765,0.0203619000967592,429926,57.766,0,False,2.4,177.60000000000002,0.0,0.0,0.0,0.0,65027
1789388450.7936077,57.34426430007443,0.03672159998677671,429946,57.786,0,False,2.4,177.60000000000002,0.0,0.0,0.0,0.0,65027
1789388450.8018165,57.35204670007806,0.007782400003634393,429970,57.81,0,False,2.4,177.60000000000002,0.0,0.0,0.0,0.0,65027
1789388450.8179076,57.36859650001861,0.016549799940548837,429986,57.826,0,False,2.4,177.60000000000002,0.0,0.0,0.0,0.0,65027
1789388450.8376653,57.38772030000109,0.019123799982480705,430006,57.846,0,False,2.4,177.60000000000002,0.0,0.0,0.0,0.0,65027
1789388450.8559318,57.40626960003283,0.018549300031736493,430027,57.867,0,False,2.4,177.60000000000002,0.0,0.0,0.0,0.0,65027
1789388450.875826,57.4264713000739,0.02020170004107058,430047,57.887,0,False,2.4,177.60000000000002,0.0,0.0,0.0,0.0,65027
1789388450.896279,57.4464465000201,0.019975199946202338,430067,57.907,0,False,2.4,177.60000000000002,0.0,0.0,0.0,0.0,65027
1789388450.9189084,57.469190500094555,0.022744000074453652,430087,57.927,0,False,2.4,177.60000000000002,0.0,0.0,0.0,0.0,65027
1789388450.9401352,57.491154900053516,0.021964399958960712,430108,57.948,0,False,2.4,177.60000000000002,0.0,0.0,0.0,0.0,65027
1789388450.9607859,57.5110088000074,0.019853899953886867,430132,57.972,0,False,2.4,177.60000000000002,0.0,0.0,0.0,0.0,65027
1789388450.9760091,57.5264147000853,0.01540590007789433,430148,57.988,0,False,2.4,177.60000000000002,0.0,0.0,0.0,0.0,65027
1789388450.9965801,57.54708380007651,0.020669099991209805,430168,58.008,0,False,2.4,177.60000000000002,0.0,0.0,0.0,0.0,65027
1789388451.0181274,57.56907830003183,0.02199449995532632,430188,58.028,0,False,2.4,177.60000000000002,0.0,0.0,0.0,0.0,65027
1789388451.0362594,57.58726020005997,0.018181900028139353,430208,58.048,0,False,2.4,177.60000000000002,0.0,0.0,0.0,0.0,65027
1789388451.0564413,57.60742970008869,0.020169500028714538,430229,58.069,0,False,2.4,177.60000000000002,0.0,0.0,0.0,0.0,65027
1789388451.0756097,57.62634220009204,0.01891250000335276,430248,58.088,0,False,2.4,177.60000000000002,0.0,0.0,0.0,0.0,65027
1789388451.095212,57.6464117000578,0.02006949996575713,430269,58.109,0,False,2.4,177.60000000000002,0.0,0.0,0.0,0.0,65027
1789388451.117918,57.66894340002909,0.022531699971295893,430289,58.129,0,False,2.4,177.60000000000002,0.0,0.0,0.0,0.0,65027
1789388451.1374996,57.68870140006766,0.019758000038564205,430310,58.15,0,False,2.4,177.60000000000002,0.0,0.0,0.0,0.0,65027
1789388451.1562774,57.706976799992844,0.01827539992518723,430329,58.169,0,False,2.4,177.60000000000002,0.0,0.0,0.0,0.0,65027
1789388451.1759057,57.72596840001643,0.018991600023582578,430349,58.189,0,False,2.4,177.60000000000002,0.0,0.0,0.0,0.0,65027
1789388451.1958847,57.74625660001766,0.020288200001232326,430369,58.209,0,False,2.4,177.60000000000002,0.0,0.0,0.0,0.0,65027
1789388451.216929,57.7677634001011,0.021506800083443522,430390,58.23,0,False,2.4,177.60000000000002,0.0,0.0,0.0,0.0,65027
1789388451.237106,57.78779360000044,0.020030199899338186,430410,58.25,0,False,2.4,177.60000000000002,0.0,0.0,0.0,0.0,65027
1789388451.2567518,57.80723500007298,0.019441400072537363,430430,58.27,0,False,2.4,177.60000000000002,0.0,0.0,0.0,0.0,65027
1789388451.277152,57.827641700045206,0.020406699972227216,430451,58.291,0,False,2.4,177.60000000000002,0.0,0.0,0.0,0.0,65027
1789388451.2961729,57.84718750009779,0.019545800052583218,430470,58.31,0,False,2.4,177.60000000000002,0.0,0.0,0.0,0.0,65027
1789388451.3178504,57.868195999995805,0.021008499898016453,430490,58.33,0,False,2.4,177.60000000000002,0.0,0.0,0.0,0.0,65027
1789388451.337198,57.88725660007913,0.019060600083321333,430511,58.351,0,False,2.4,177.60000000000002,0.0,0.0,0.0,0.0,65027
1789388451.3557937,57.90645770006813,0.019201099989004433,430531,58.371,0,False,2.4,177.60000000000002,0.0,0.0,0.0,0.0,65027
1789388451.3758993,57.926346700056456,0.01988899998832494,430551,58.391,0,False,2.4,177.60000000000002,0.0,0.0,0.0,0.0,65027
1789388451.3963678,57.94667430000845,0.0203275999519974,430571,58.411,0,False,2.4,177.60000000000002,0.0,0.0,0.0,0.0,65027
1789388451.4174352,57.96784130006563,0.021167000057175756,430591,58.431,0,False,2.4,177.60000000000002,0.0,0.0,0.0,0.0,65027
1789388451.4406435,57.9911591000855,0.023317800019867718,430616,58.456,0,False,2.4,177.60000000000002,0.0,0.0,0.0,0.0,65027
1789388451.4564178,58.00673100003041,0.015571899944916368,430631,58.471,0,False,2.4,177.60000000000002,0.0,0.0,0.0,0.0,65027
1789388451.4765947,58.02763670007698,0.02090570004656911,430652,58.492,0,False,2.4,177.60000000000002,0.0,0.0,0.0,0.0,65027
1789388451.497792,58.04912179999519,0.021485099918209016,430672,58.512,0,False,2.4,177.60000000000002,0.0,0.0,0.0,0.0,65027
1789388451.5179126,58.068349400069565,0.019227600074373186,430692,58.532,0,False,2.4,177.60000000000002,0.0,0.0,0.0,0.0,65027
1789388451.5358243,58.08687460003421,0.018525199964642525,430712,58.552,0,False,2.4,177.60000000000002,0.0,0.0,0.0,0.0,65027
1789388451.5561826,58.10660020005889,0.019725600024685264,430732,58.572,0,False,2.4,177.60000000000002,0.0,0.0,0.0,0.0,65027
1789388451.575391,58.126491200062446,0.019891000003553927,430752,58.592,0,False,2.4,177.60000000000002,0.0,0.0,0.0,0.0,65027
1789388451.5960371,58.14642810006626,0.019936900003813207,430773,58.613,0,False,2.4,177.60000000000002,0.0,0.0,0.0,0.0,65027
1789388451.6174634,58.16824989998713,0.021821799920871854,430793,58.633,0,False,2.4,177.60000000000002,0.0,0.0,0.0,0.0,65027
1789388451.6378038,58.188754500006326,0.020504600019194186,430813,58.653,0,False,2.4,177.60000000000002,0.0,0.0,0.0,0.0,65027
1789388451.6560812,58.206621000077575,0.017866500071249902,430833,58.673,0,False,2.4,177.60000000000002,0.0,0.0,0.0,0.0,65027
1789388451.6768532,58.227548900060356,0.020927899982780218,430854,58.694,0,False,2.4,177.60000000000002,0.0,0.0,0.0,0.0,65027
1789388451.695379,58.24628100008704,0.01873210002668202,430873,58.713,0,False,2.4,177.60000000000002,0.0,0.0,0.0,0.0,65027
1789388451.718865,58.26918470009696,0.022903700009919703,430893,58.733,0,False,2.4,177.60000000000002,0.0,0.0,0.0,0.0,65027
1789388451.739329,58.289889900013804,0.02070519991684705,430914,58.754,0,False,2.4,177.60000000000002,0.0,0.0,0.0,0.0,65027
1789388451.75978,58.310701100039296,0.020811200025491416,430938,58.778,0,False,2.4,177.60000000000002,0.0,0.0,0.0,0.0,65027
1789388451.775281,58.326246900018305,0.015545799979008734,430954,58.794,0,False,2.4,177.60000000000002,0.0,0.0,0.0,0.0,65027
1789388451.7960541,58.34647640003823,0.020229500019922853,430974,58.814,0,False,2.4,177.60000000000002,0.0,0.0,0.0,0.0,65027
1789388451.8203893,58.37100799998734,0.024531599949114025,430994,58.834,0,False,2.4,177.60000000000002,0.0,0.0,0.0,0.0,65027
1789388451.8374536,58.387511200038716,0.016503200051374733,431014,58.854,0,False,2.4,177.60000000000002,0.0,0.0,0.0,0.0,65027
1789388451.856726,58.40734640008304,0.019835200044326484,431035,58.875,0,False,2.4,177.60000000000002,0.0,0.0,0.0,0.0,65027
1789388451.8767364,58.42758780007716,0.020241399994120002,431055,58.895,0,False,2.4,177.60000000000002,0.0,0.0,0.0,0.0,65027
1789388451.8956242,58.446086000069045,0.018498199991881847,431075,58.915,0,False,2.4,177.60000000000002,0.0,0.0,0.0,0.0,65027
1789388451.9176486,58.46812560001854,0.022039599949494004,431095,58.935,0,False,2.4,177.60000000000002,0.0,0.0,0.0,0.0,65027
1789388451.9371138,58.487254700041376,0.01912910002283752,431116,58.956,0,False,2.4,177.60000000000002,0.0,0.0,0.0,0.0,65027
1789388451.9561143,58.50701920001302,0.01976449997164309,431136,58.976,0,False,2.4,177.60000000000002,0.0,0.0,0.0,0.0,65027
1789388451.9756198,58.526485300040804,0.019466100027784705,431156,58.996,0,False,2.4,177.60000000000002,0.0,0.0,0.0,0.0,65027
1789388451.9958005,58.54592340008821,0.019438100047409534,431176,59.016,0,False,2.4,177.60000000000002,0.0,0.0,0.0,0.0,65027
1789388452.0172427,58.567428300040774,0.021504899952560663,431196,59.036,0,False,2.4,177.60000000000002,0.0,0.0,0.0,0.0,65027
1789388452.0355182,58.58707000000868,0.01964169996790588,431216,59.056,0,False,2.4,177.60000000000002,0.0,0.0,0.0,0.0,65027
1789388452.0558312,58.60663980001118,0.019569800002500415,431236,59.076,0,False,2.4,177.60000000000002,0.0,0.0,0.0,0.0,65027
1789388452.0763974,58.62706710002385,0.020427300012670457,431257,59.097,0,False,2.4,177.60000000000002,0.0,0.0,0.0,0.0,65027
1789388452.0963898,58.64683220000006,0.019765099976211786,431277,59.117,0,False,2.4,177.60000000000002,0.0,0.0,0.0,0.0,65027
1789388452.1171813,58.66725800000131,0.020425800001248717,431297,59.137,0,False,2.4,177.60000000000002,0.0,0.0,0.0,0.0,65027
1789388452.137365,58.688156399992295,0.020898399990983307,431317,59.157,0,False,2.4,177.60000000000002,0.0,0.0,0.0,0.0,65027
1789388452.1565673,58.70799370005261,0.01983730006031692,431338,59.178,0,False,2.4,177.60000000000002,0.0,0.0,0.0,0.0,65027
1789388452.1750808,58.726212800014764,0.01821909996215254,431357,59.197,0,False,2.4,177.60000000000002,0.0,0.0,0.0,0.0,65027
1789388452.1962998,58.747862400021404,0.021649600006639957,431377,59.217,0,False,2.4,177.60000000000002,0.0,0.0,0.0,0.0,65027
1789388452.2175343,58.7676009000279,0.019738500006496906,431398,59.238,0,False,2.4,177.60000000000002,0.0,0.0,0.0,0.0,65027
1789388452.2366292,58.78783380007371,0.02023290004581213,431418,59.258,0,False,2.4,177.60000000000002,0.0,0.0,0.0,0.0,65027
1789388452.2560353,58.806207000045106,0.01837319997139275,431438,59.278,0,False,2.4,177.60000000000002,0.0,0.0,0.0,0.0,65027
1789388452.2760174,58.826205100049265,0.019998100004158914,431458,59.298,0,False,2.4,177.60000000000002,0.0,0.0,0.0,0.0,65027
1789388452.2961066,58.84630050009582,0.020095400046557188,431478,59.318,0,False,2.4,177.60000000000002,0.0,0.0,0.0,0.0,65027
1789388452.321084,58.87186940002721,0.025568899931386113,431501,59.341,0,False,2.4,177.60000000000002,0.0,0.0,0.0,0.0,65027
1789388452.3381882,58.88840140006505,0.0165320000378415,431519,59.359,0,False,2.4,177.60000000000002,0.0,0.0,0.0,0.0,65027
1789388452.356341,58.90660710004158,0.01820569997653365,431539,59.379,0,False,2.4,177.60000000000002,0.0,0.0,0.0,0.0,65027
1789388452.3772485,58.92735440004617,0.020747300004586577,431559,59.399,0,False,2.4,177.60000000000002,0.0,0.0,0.0,0.0,65027
1789388452.395541,58.946514500072226,0.01916010002605617,431579,59.419,0,False,2.4,177.60000000000002,0.0,0.0,0.0,0.0,65027
1789388452.418057,58.968625999987125,0.02211149991489947,431599,59.439,0,False,2.4,177.60000000000002,0.0,0.0,0.0,0.0,65027
1789388452.4374442,58.98767930001486,0.01905330002773553,431619,59.459,0,False,2.4,177.60000000000002,0.0,0.0,0.0,0.0,65027
1789388452.4619586,59.0128260999918,0.025146799976937473,431639,59.479,0,False,2.4,177.60000000000002,0.0,0.0,0.0,0.0,65027
1789388452.4849167,59.03531860001385,0.02249250002205372,431666,59.506,0,False,2.4,177.60000000000002,0.0,0.0,0.0,0.0,65027
1789388452.4954407,59.045969500089996,0.010650900076143444,431680,59.52,0,False,2.4,177.60000000000002,0.0,0.0,0.0,0.0,65027
1789388452.5210943,59.071600100025535,0.025630599935539067,431700,59.54,0,False,2.4,177.60000000000002,0.0,0.0,0.0,0.0,65027
1789388452.5373962,59.08804130007047,0.016441200044937432,431720,59.56,0,False,2.4,177.60000000000002,0.0,0.0,0.0,0.0,65027
1789388452.5690877,59.11921560007613,0.03117430000565946,431751,59.591,0,False,2.4,177.60000000000002,0.0,0.0,0.0,0.0,65027
1789388452.5756574,59.12610770005267,0.006892099976539612,431760,59.6,0,False,2.4,177.60000000000002,0.0,0.0,0.0,0.0,65027
1789388452.5954428,59.14625180000439,0.020144099951721728,431781,59.621,0,False,2.4,177.60000000000002,0.0,0.0,0.0,0.0,65027
1789388452.616666,59.16751940001268,0.021267600008286536,431801,59.641,0,False,2.4,177.60000000000002,0.0,0.0,0.0,0.0,65027
1789388452.6366549,59.18765770003665,0.020138300023972988,431821,59.661,0,False,2.4,177.60000000000002,0.0,0.0,0.0,0.0,65027
1789388452.6553946,59.206213900004514,0.018556199967861176,431841,59.681,0,False,2.4,177.60000000000002,0.0,0.0,0.0,0.0,65027
1789388452.676645,59.22721130005084,0.02099740004632622,431861,59.701,0,False,2.4,177.60000000000002,0.0,0.0,0.0,0.0,65027
1789388452.6952996,59.2462402000092,0.019028899958357215,431881,59.721,0,False,2.4,177.60000000000002,0.0,0.0,0.0,0.0,65027
1789388452.7213964,59.271490000071935,0.02524980006273836,431904,59.744,0,False,2.4,177.60000000000002,0.0,0.0,0.0,0.0,65027
1789388452.7367835,59.28761480003595,0.016124799964018166,431922,59.762,0,False,2.4,177.60000000000002,0.0,0.0,0.0,0.0,65027
1789388452.755798,59.30643019999843,0.018815399962477386,431942,59.782,0,False,2.4,177.60000000000002,0.0,0.0,0.0,0.0,65027
1789388452.7756338,59.3260653000325,0.019635100034065545,431962,59.802,0,False,2.4,177.60000000000002,0.0,0.0,0.0,0.0,65027
1789388452.7970574,59.34714150009677,0.02107620006427169,431982,59.822,0,False,2.4,177.60000000000002,0.0,0.0,0.0,0.0,65027
1789388452.8171806,59.36811140005011,0.020969899953342974,432002,59.842,0,False,2.4,177.60000000000002,0.0,0.0,0.0,0.0,65027
1789388452.8375728,59.38775240001269,0.019640999962575734,432023,59.863,0,False,2.4,177.60000000000002,0.0,0.0,0.0,0.0,65027
1789388452.8568604,59.407154000015,0.01940160000231117,432043,59.883,0,False,2.4,177.60000000000002,0.0,0.0,0.0,0.0,65027
1789388452.8766165,59.427400000044145,0.02024600002914667,432063,59.903,0,False,2.4,177.60000000000002,0.0,0.0,0.0,0.0,65027
1789388452.8953297,59.446314500062726,0.018914500018581748,432083,59.923,0,False,2.4,177.60000000000002,0.0,0.0,0.0,0.0,65027
1789388452.9173186,59.467462100088596,0.021147600025869906,432103,59.943,0,False,2.4,177.60000000000002,0.0,0.0,0.0,0.0,65027
1789388452.9364853,59.486812700051814,0.019350599963217974,432123,59.963,0,False,2.4,177.60000000000002,0.0,0.0,0.0,0.0,65027
1789388452.9557457,59.50612190004904,0.019309199997223914,432143,59.983,0,False,2.4,177.60000000000002,0.0,0.0,0.0,0.0,65027
1789388452.9753172,59.52665390004404,0.02053199999500066,432164,60.004,0,False,2.4,177.60000000000002,0.0,0.0,0.0,0.0,65027
1789388452.995268,59.54622700007167,0.019573100027628243,432184,60.024,0,False,2.4,177.60000000000002,0.0,0.0,0.0,0.0,65027
1789388453.018916,59.56955190002918,0.0233248999575153,432204,60.044,0,False,2.4,177.60000000000002,0.0,0.0,0.0,0.0,65027
1789388453.0380492,59.58861080009956,0.019058900070376694,432226,60.066,0,False,2.4,177.60000000000002,0.0,0.0,0.0,0.0,65027
1789388453.0556848,59.60643090005033,0.017820099950768054,432244,60.084,0,False,2.4,177.60000000000002,0.0,0.0,0.0,0.0,65027
1789388453.0763423,59.62718860001769,0.020757699967361987,432264,60.104,0,False,2.4,177.60000000000002,0.0,0.0,0.0,0.0,65027
1789388453.0955658,59.646545300027356,0.019356700009666383,432284,60.124,0,False,2.4,177.60000000000002,0.0,0.0,0.0,0.0,65027
1789388453.1213722,59.67276790004689,0.026222600019536912,432305,60.145,0,False,2.4,177.60000000000002,0.0,0.0,0.0,0.0,65027
1789388453.1373074,59.68754610000178,0.014778199954889715,432325,60.165,0,False,2.4,177.60000000000002,0.0,0.0,0.0,0.0,65027
1789388453.157193,59.707400700077415,0.019854600075632334,432345,60.185,0,False,2.4,177.60000000000002,0.0,0.0,0.0,0.0,65027
1789388453.175898,59.72671459999401,0.01931389991659671,432365,60.205,0,False,2.4,177.60000000000002,0.0,0.0,0.0,0.0,65027
1789388453.1961277,59.74643460009247,0.019720000098459423,432385,60.225,0,False,2.4,177.60000000000002,0.0,0.0,0.0,0.0,65027
1789388453.2176526,59.76775930006988,0.02132469997741282,432405,60.245,0,False,2.4,177.60000000000002,0.0,0.0,0.0,0.0,65027
1789388453.237731,59.7883950000396,0.02063569996971637,432426,60.266,0,False,2.4,177.60000000000002,0.0,0.0,0.0,0.0,65027
1789388453.2640383,59.81469880009536,0.026303800055757165,432446,60.286,0,False,2.4,177.60000000000002,0.0,0.0,0.0,0.0,65027
1789388453.2789214,59.82949919998646,0.014800399891100824,432468,60.308,0,False,2.4,177.60000000000002,0.0,0.0,0.0,0.0,65027
1789388453.2956975,59.84653730003629,0.017038100049830973,432486,60.326,0,False,2.4,177.60000000000002,0.0,0.0,0.0,0.0,65027
1789388453.317626,59.868213600013405,0.021676299977116287,432506,60.346,0,False,2.4,177.60000000000002,0.0,0.0,0.0,0.0,65027
1789388453.3389752,59.88915950001683,0.020945900003425777,432528,60.368,0,False,2.4,177.60000000000002,0.0,0.0,0.0,0.0,65027
1789388453.357242,59.90771590010263,0.018556400085799396,432547,60.387,0,False,2.4,177.60000000000002,0.0,0.0,0.0,0.0,65027
1789388453.3758504,59.926261000102386,0.01854509999975562,432567,60.407,0,False,2.4,177.60000000000002,0.0,0.0,0.0,0.0,65027
1789388453.3950472,59.945942000020295,0.019680999917909503,432587,60.427,0,False,2.4,177.60000000000002,0.0,0.0,0.0,0.0,65027
1789388453.4179146,59.96890179999173,0.022959799971431494,432607,60.447,0,False,2.4,177.60000000000002,0.0,0.0,0.0,0.0,65027
1789388453.4382923,59.9887281000847,0.019826300092972815,432627,60.467,0,False,2.4,177.60000000000002,0.0,0.0,0.0,0.0,65027
