host_unix_s,host_elapsed_s,host_dt_s,mcu_timestamp_ms,mcu_elapsed_s,response_status,terminated,pendulum_angle_deg,pendulum_error_deg,pendulum_velocity_dps_est,rotor_angle_deg,rotor_velocity_dps_est,motor_speed_pps_observed,l6474_status_raw
1789387962.658684,0.009541900013573468,,958027,0.0,0,False,0.0,-180.0,,0.0,,0.0,65027
1789387962.676787,0.027423799969255924,0.017881899955682456,958045,0.018,0,False,0.0,-180.0,0.0,0.0,0.0,0.0,65027
1789387962.6961186,0.0468752000015229,0.019451400032266974,958066,0.039,0,False,0.0,-180.0,0.0,0.0,0.0,0.0,65027
1789387962.7169058,0.06841870001517236,0.021543500013649464,958086,0.059,0,False,0.0,-180.0,0.0,0.0,0.0,0.0,65027
1789387962.7364316,0.08708389999810606,0.0186651999829337,958106,0.079,0,False,0.0,-180.0,0.0,0.0,0.0,0.0,65027
1789387962.7535493,0.10477450001053512,0.01769060001242906,958126,0.099,0,False,0.0,-180.0,0.0,0.0,0.0,0.0,65027
1789387962.774822,0.12634139996953309,0.021566899958997965,958146,0.119,0,False,0.0,-180.0,0.0,0.0,0.0,0.0,65027
1789387962.7945337,0.14552789996378124,0.019186499994248152,958166,0.139,0,False,0.0,-180.0,0.0,0.0,0.0,0.0,65027
1789387962.8152144,0.16652999992948025,0.021002099965699017,958187,0.16,0,False,0.0,-180.0,0.0,0.0,0.0,0.0,65027
1789387962.8335862,0.18492259993217885,0.0183926000026986,958207,0.18,0,False,0.0,-180.0,0.0,0.0,0.0,0.0,65027
1789387962.8596418,0.21045000001322478,0.025527400081045926,958227,0.2,0,False,0.0,-180.0,0.0,0.0,0.0,0.0,65027
1789387962.8777096,0.22841600002720952,0.01796600001398474,958247,0.22,0,False,0.0,-180.0,0.0,0.0,0.0,0.0,65027
1789387962.8945427,0.24530690000392497,0.016890899976715446,958268,0.241,0,False,0.0,-180.0,0.0,0.0,0.0,0.0,65027
1789387962.9137802,0.26459309994243085,0.019286199938505888,958287,0.26,0,False,0.0,-180.0,0.0,0.0,0.0,0.0,65027
1789387962.933522,0.28463389992248267,0.020040799980051816,958308,0.281,0,False,0.0,-180.0,0.0,0.0,0.0,0.0,65027
1789387962.9543116,0.30497629998717457,0.0203424000646919,958327,0.3,0,False,0.0,-180.0,0.0,0.0,0.0,0.0,65027
1789387962.9752746,0.32633359997998923,0.02135729999281466,958348,0.321,0,False,0.0,-180.0,0.0,0.0,0.0,0.0,65027
1789387962.99356,0.3448639999842271,0.01853040000423789,958368,0.341,0,False,0.0,-180.0,0.0,0.0,0.0,0.0,65027
1789387963.0146666,0.3655293999472633,0.02066539996303618,958388,0.361,0,False,0.0,-180.0,0.0,0.0,0.0,0.0,65027
1789387963.032927,0.38416070002131164,0.01863130007404834,958408,0.381,0,False,0.0,-180.0,0.0,0.0,0.0,0.0,65027
1789387963.0533018,0.40421129995957017,0.02005059993825853,958428,0.401,0,False,0.0,-180.0,0.0,0.0,0.0,0.0,65027
1789387963.0740368,0.4249781999969855,0.020766900037415326,958448,0.421,0,False,0.0,-180.0,0.0,0.0,0.0,0.0,65027
1789387963.0937972,0.4452496999874711,0.02027149999048561,958469,0.442,0,False,0.0,-180.0,0.0,0.0,0.0,0.0,65027
1789387963.11363,0.4645332000218332,0.019283500034362078,958489,0.462,0,False,0.0,-180.0,0.0,0.0,0.0,0.0,65027
1789387963.1339726,0.4846939999843016,0.020160799962468445,958509,0.482,0,False,0.0,-180.0,0.0,0.0,0.0,0.0,65027
1789387963.1535013,0.5046648000134155,0.01997080002911389,958529,0.502,0,False,0.0,-180.0,0.0,0.0,0.0,0.0,65027
1789387963.1749122,0.5264200000092387,0.021755199995823205,958549,0.522,0,False,0.0,-180.0,0.0,0.0,0.0,0.0,65027
1789387963.1949637,0.5456926999613643,0.01927269995212555,958569,0.542,0,False,0.0,-180.0,0.0,0.0,0.0,0.0,65027
1789387963.2154884,0.56635770003777,0.020665000076405704,958590,0.563,0,False,0.0,-180.0,0.0,0.0,0.0,0.0,65027
1789387963.2350912,0.5862607000162825,0.019902999978512526,958610,0.583,0,False,0.0,-180.0,0.0,0.0,0.0,0.0,65027
1789387963.255622,0.6062650999519974,0.0200043999357149,958630,0.603,0,False,0.0,-180.0,0.0,0.0,0.0,0.0,65027
1789387963.2760928,0.6271204999648035,0.020855400012806058,958650,0.623,0,False,0.0,-180.0,0.0,0.0,0.0,0.0,65027
1789387963.2967284,0.64735889993608,0.02023839997127652,958671,0.644,0,False,0.0,-180.0,0.0,0.0,0.0,0.0,65027
1789387963.3172853,0.6679676999337971,0.020608799997717142,958690,0.663,0,False,0.0,-180.0,0.0,0.0,0.0,0.0,65027
1789387963.3342595,0.6863602999364957,0.0183926000026986,958711,0.684,0,False,0.0,-180.0,0.0,0.0,0.0,0.0,65027
1789387963.355343,0.7059441999299452,0.01958389999344945,958731,0.704,0,False,0.0,-180.0,0.0,0.0,0.0,0.0,65027
1789387963.3749375,0.7258983999490738,0.01995420001912862,958751,0.724,0,False,0.0,-180.0,0.0,0.0,0.0,0.0,65027
1789387963.3943942,0.7454362999415025,0.01953789999242872,958771,0.744,0,False,0.0,-180.0,0.0,0.0,0.0,0.0,65027
1789387963.4133942,0.7651324999751523,0.019696200033649802,958791,0.764,0,False,0.0,-180.0,0.0,0.0,0.0,0.0,65027
1789387963.4340208,0.7850693999789655,0.019936900003813207,958811,0.784,0,False,0.0,-180.0,0.0,0.0,0.0,0.0,65027
1789387963.4539,0.8053239999571815,0.020254599978215992,958831,0.804,0,False,0.0,-180.0,0.0,0.0,0.0,0.0,65027
1789387963.475896,0.826688600005582,0.02136460004840046,958852,0.825,0,False,0.0,-180.0,0.0,0.0,0.0,0.0,65027
1789387963.4937646,0.8448267999337986,0.018138199928216636,958872,0.845,0,False,0.0,-180.0,0.0,0.0,0.0,0.0,65027
1789387963.512903,0.8642468999605626,0.019420100026763976,958892,0.865,0,False,0.0,-180.0,0.0,0.0,0.0,0.0,65027
1789387963.5334373,0.8840727999340743,0.019825899973511696,958912,0.885,0,False,0.0,-180.0,0.0,0.0,0.0,0.0,65027
1789387963.5540893,0.9050617000320926,0.020988900098018348,958932,0.905,0,False,0.0,-180.0,0.0,0.0,0.0,0.0,65027
1789387963.5743127,0.9252902999287471,0.020228599896654487,958952,0.925,0,False,0.0,-180.0,0.0,0.0,0.0,0.0,65027
1789387963.5954764,0.9461145999375731,0.020824300008825958,958973,0.946,0,False,0.0,-180.0,0.0,0.0,0.0,0.0,65027
1789387963.6146934,0.9654885999625549,0.019374000024981797,958993,0.966,0,False,0.0,-180.0,0.0,0.0,0.0,0.0,65027
1789387963.6328306,0.9839340000180528,0.018445400055497885,959013,0.986,0,False,0.0,-180.0,0.0,0.0,0.0,0.0,65027
1789387963.6536403,1.0045997999841347,0.020665799966081977,959033,1.006,0,False,0.0,-180.0,0.0,0.0,0.0,0.0,65027
1789387963.6737819,1.024390000035055,0.019790200050920248,959053,1.026,0,False,0.0,-180.0,0.0,0.0,0.0,0.0,65027
1789387963.6939313,1.0446653999388218,0.02027539990376681,959074,1.047,0,False,0.0,-180.0,0.0,0.0,0.0,0.0,65027
1789387963.7130303,1.0640875999815762,0.01942220004275441,959094,1.067,0,False,0.0,-180.0,0.0,0.0,0.0,0.0,65027
1789387963.7328653,1.0840244999853894,0.019936900003813207,959114,1.087,0,False,0.0,-180.0,0.0,0.0,0.0,0.0,65027
1789387963.7529635,1.1039695999352261,0.01994509994983673,959134,1.107,0,False,0.0,-180.0,0.0,0.0,0.0,0.0,65027
1789387963.7748592,1.1260181999532506,0.022048600018024445,959154,1.127,0,False,0.0,-180.0,0.0,0.0,0.0,0.0,65027
1789387963.7950232,1.145887800026685,0.019869600073434412,959175,1.148,0,False,0.0,-180.0,0.0,0.0,0.0,0.0,65027
1789387963.8136425,1.1647369000129402,0.01884909998625517,959195,1.168,0,False,0.0,-180.0,0.0,0.0,0.0,0.0,65027
1789387963.8330877,1.1841474999673665,0.01941059995442629,959215,1.188,0,False,0.0,-180.0,0.0,0.0,0.0,0.0,65027
1789387963.8549454,1.2055394999915734,0.021392000024206936,959235,1.208,0,False,0.0,-180.0,0.0,0.0,0.0,0.0,65027
1789387963.8746715,1.2257763999514282,0.02023689995985478,959255,1.228,0,False,0.0,-180.0,0.0,0.0,0.0,0.0,65027
1789387963.8937676,1.2457852000370622,0.020008800085633993,959275,1.248,0,False,0.0,-180.0,0.0,0.0,0.0,0.0,65027
1789387963.913621,1.264457599958405,0.01867239992134273,959295,1.268,0,False,0.0,-180.0,0.0,0.0,0.0,0.0,65027
1789387963.9337585,1.2849173999857157,0.020459800027310848,959315,1.288,0,False,0.0,-180.0,0.0,0.0,0.0,0.0,65027
1789387963.9542627,1.3053307000081986,0.020413300022482872,959335,1.308,0,False,0.0,-180.0,0.0,0.0,0.0,0.0,65027
1789387963.9745257,1.325405600015074,0.020074900006875396,959356,1.329,0,False,0.0,-180.0,0.0,0.0,0.0,0.0,65027
1789387963.9950268,1.3458896999945864,0.020484099979512393,959376,1.349,0,False,0.0,-180.0,0.0,0.0,0.0,0.0,65027
1789387964.0144005,1.365012799971737,0.01912309997715056,959396,1.369,0,False,0.0,-180.0,0.0,0.0,0.0,0.0,65027
1789387964.03302,1.384538699989207,0.01952590001747012,959416,1.389,0,False,0.0,-180.0,0.0,0.0,0.0,0.0,65027
1789387964.0540612,1.4051853999262676,0.020646699937060475,959436,1.409,0,False,0.0,-180.0,0.0,0.0,0.0,0.0,65027
1789387964.076486,1.42721450002864,0.022029100102372468,959456,1.429,0,False,0.0,-180.0,0.0,0.0,0.0,0.0,65027
1789387964.09409,1.4453045999398455,0.01809009991120547,959477,1.45,0,False,0.0,-180.0,0.0,0.0,0.0,0.0,65027
1789387964.1137042,1.464893199969083,0.01958860002923757,959497,1.47,0,False,0.0,-180.0,0.0,0.0,0.0,0.0,65027
1789387964.133386,1.4844086000230163,0.019515400053933263,959517,1.49,0,False,0.0,-180.0,0.0,0.0,0.0,0.0,65027
1789387964.1529076,1.504229599959217,0.01982099993620068,959537,1.51,0,False,0.0,-180.0,0.0,0.0,0.0,0.0,65027
1789387964.1752124,1.5264208000153303,0.022191200056113303,959557,1.53,0,False,0.0,-180.0,0.0,0.0,0.0,0.0,65027
1789387964.1944964,1.5451294999802485,0.018708699964918196,959578,1.551,0,False,0.0,-180.0,0.0,0.0,0.0,0.0,65027
1789387964.2135463,1.5641614999622107,0.019031999981962144,959598,1.571,0,False,0.0,-180.0,0.0,0.0,0.0,0.0,65027
1789387964.233161,1.5842792999465019,0.020117799984291196,959618,1.591,0,False,0.0,-180.0,0.0,0.0,0.0,0.0,65027
1789387964.2544696,1.6052359000314027,0.020956600084900856,959638,1.611,0,False,0.0,-180.0,0.0,0.0,0.0,0.0,65027
1789387964.274175,1.6255463999696076,0.020310499938204885,959658,1.631,0,False,359.7,-179.7,-14.770685158549062,0.0,0.0,0.0,65027
1789387964.293871,1.6445159999420866,0.018969599972479045,959678,1.651,0,False,359.7,-179.7,0.0,0.0,0.0,0.0,65027
1789387964.3139298,1.664996000006795,0.020480000064708292,959698,1.671,0,False,359.7,-179.7,0.0,0.0,0.0,0.0,65027
1789387964.3339028,1.6848354999674484,0.019839499960653484,959719,1.692,0,False,359.7,-179.7,0.0,0.0,0.0,0.0,65027
1789387964.3551786,1.7058097999542952,0.020974299986846745,959739,1.712,0,False,359.7,-179.7,0.0,0.0,0.0,0.0,65027
1789387964.3741848,1.7257294999435544,0.019919699989259243,959759,1.732,0,False,359.7,-179.7,0.0,0.0,0.0,0.0,65027
1789387964.3932624,1.7439814999233931,0.01825199997983873,959779,1.752,0,False,359.7,-179.7,0.0,0.0,0.0,0.0,65027
1789387964.4129794,1.764057599939406,0.020076100016012788,959799,1.772,0,False,359.7,-179.7,0.0,0.0,0.0,0.0,65027
1789387964.4341493,1.7847840000176802,0.02072640007827431,959819,1.792,0,False,0.3,179.7,28.9485871996146,0.0,0.0,0.0,65027
1789387964.4542527,1.8056948999874294,0.020910899969749153,959839,1.812,0,False,1.2,178.8,43.039754448732225,0.0,0.0,0.0,65027
1789387964.4739165,1.8245104999514297,0.018815599964000285,959860,1.833,0,False,2.1,177.89999999999998,47.83264959512147,0.0,0.0,0.0,65027
1789387964.4940214,1.8448886999394745,0.0203781999880448,959880,1.853,0,False,3.0,177.0,44.1648428481419,0.0,0.0,0.0,65027
1789387964.514135,1.864862999995239,0.019974300055764616,959900,1.873,0,False,3.9,176.10000000000002,45.05789927493676,0.0,0.0,0.0,65027
1789387964.5333917,1.8845042999600992,0.01964129996486008,959920,1.893,0,False,4.5,175.5,30.547876213562454,0.0,0.0,0.0,65027
1789387964.5536232,1.9048014000291005,0.020297100069001317,959940,1.913,0,False,5.1,174.89999999999998,29.560873127700763,0.0,0.0,0.0,65027
1789387964.5754545,1.9261968999635428,0.02139549993444234,959960,1.933,0,False,5.4,174.60000000000002,14.021640107463591,0.0,0.0,0.0,65027
1789387964.5925274,1.9440726999891922,0.01787580002564937,959981,1.954,0,False,6.0,174.0,33.56493131155389,0.0,0.0,0.0,65027
1789387964.613632,1.9647621000185609,0.0206894000293687,960001,1.974,0,False,7.2,172.8,58.00071525982305,0.0,0.0,0.0,65027
1789387964.632758,1.9840724000241607,0.019310300005599856,960021,1.994,0,False,8.4,171.60000000000002,62.143001385374475,0.0,0.0,0.0,65027
1789387964.6525297,2.004042499931529,0.01997009990736842,960041,2.014,0,False,9.6,170.39999999999998,60.08983458100885,0.0,0.0,0.0,65027
1789387964.674677,2.0256337999599054,0.02159130002837628,960061,2.034,0,False,10.5,169.5,41.683455781596486,0.0,0.0,0.0,65027
1789387964.6931984,2.0440466000000015,0.018412800040096045,960081,2.054,0,False,11.4,168.60000000000002,48.87904056092226,0.0,0.0,0.0,65027
1789387964.7138765,2.064505400019698,0.020458800019696355,960101,2.074,0,False,12.6,167.39999999999998,58.65446648115771,0.0,0.0,0.0,65027
1789387964.7331927,2.08405700000003,0.019551599980331957,960122,2.095,0,False,13.5,166.5,46.032038344962345,0.0,0.0,0.0,65027
1789387964.7530212,2.1041470000054687,0.020090000005438924,960142,2.115,0,False,14.7,165.3,59.73120954082206,0.0,0.0,0.0,65027
1789387964.7747586,2.1254041999345645,0.021257199929095805,960162,2.135,0,False,15.9,164.10000000000002,56.451461340281604,0.0,0.0,0.0,65027
1789387964.7928066,2.144293999997899,0.018889800063334405,960182,2.155,0,False,17.4,162.60000000000002,79.40793417456753,0.0,0.0,0.0,65027
1789387964.8132699,2.1641232999973,0.019829299999400973,960202,2.175,0,False,18.6,161.39999999999998,60.51650840101464,0.0,0.0,0.0,65027
1789387964.833268,2.184631299925968,0.02050799992866814,960222,2.195,0,False,19.8,160.2,58.51375093494652,0.0,0.0,0.0,65027
1789387964.8539505,2.2051907000131905,0.020559400087222457,960242,2.215,0,False,21.0,159.0,58.36746183784717,0.0,0.0,0.0,65027
1789387964.8743489,2.2254502000287175,0.02025950001552701,960262,2.235,0,False,22.5,157.5,74.03933951234683,0.0,0.0,0.0,65027
1789387964.8932414,2.2443822999484837,0.018932099919766188,960283,2.256,0,False,24.3,155.7,95.076616309251,0.0,0.0,0.0,65027
1789387964.912847,2.2640949999913573,0.01971270004287362,960303,2.276,0,False,25.8,154.2,76.09307688635317,0.0,0.0,0.0,65027
1789387964.9334867,2.2841405000071973,0.020045500015839934,960323,2.296,0,False,27.0,153.0,59.86380978532588,0.0,0.0,0.0,65027
1789387964.9530303,2.3041232000105083,0.019982700003311038,960343,2.316,0,False,28.2,151.8,60.05194492241561,0.0,0.0,0.0,65027
1789387964.975066,2.3259168999502435,0.021793699939735234,960363,2.336,0,False,29.1,150.89999999999998,41.296338046716244,0.0,0.0,0.0,65027
1789387964.9939272,2.3448318999726325,0.018915000022388995,960383,2.356,0,False,30.3,149.7,63.44171285115477,0.0,0.0,0.0,65027
1789387965.013501,2.3641800000332296,0.019348100060597062,960403,2.376,0,False,31.2,148.8,46.51619524300892,0.0,0.0,0.0,65027
1789387965.033216,2.384463499998674,0.020283499965444207,960424,2.397,0,False,32.1,147.89999999999998,44.37104057649233,0.0,0.0,0.0,65027
1789387965.0529878,2.404034800012596,0.019571300013922155,960444,2.417,0,False,33.0,147.0,45.98570352300489,0.0,0.0,0.0,65027
1789387965.0727262,2.42512050003279,0.021085700020194054,960464,2.437,0,False,33.6,146.39999999999998,28.45530380425437,0.0,0.0,0.0,65027
1789387965.0924969,2.4442258999915794,0.01910539995878935,960484,2.457,0,False,34.2,145.8,31.40473380793932,0.0,0.0,0.0,65027
1789387965.11286,2.464199799927883,0.019973899936303496,960504,2.477,0,False,34.8,145.2,30.039201253304885,0.0,0.0,0.0,65027
1789387965.1340957,2.4848177999956533,0.02061800006777048,960524,2.497,0,False,35.4,144.60000000000002,29.100785625561162,0.0,0.0,0.0,65027
1789387965.1556337,2.506485400022939,0.021667600027285516,960544,2.517,0,False,36.0,144.0,27.69111480941258,0.0,0.0,0.0,65027
1789387965.1741898,2.5254600000334904,0.018974600010551512,960565,2.538,0,False,36.6,143.39999999999998,31.62121992908112,0.0,0.0,0.0,65027
1789387965.1938477,2.5448709999909624,0.019410999957472086,960585,2.558,0,False,37.2,142.8,30.910308655635735,0.0,0.0,0.0,65027
1789387965.212683,2.5641146999550983,0.019243699964135885,960605,2.578,0,False,37.8,142.2,31.17903527482775,0.0,0.0,0.0,65027
1789387965.2332492,2.584732300019823,0.020617600064724684,960625,2.598,0,False,38.1,141.89999999999998,14.550675105648743,0.0,0.0,0.0,65027
1789387965.252931,2.6043392999563366,0.019606999936513603,960645,2.618,0,False,38.7,141.3,30.601315955666937,0.0,0.0,0.0,65027
1789387965.2741668,2.624928400036879,0.020589100080542266,960665,2.638,0,False,39.0,141.0,14.570816540132633,0.0,0.0,0.0,65027
1789387965.2941058,2.644912999938242,0.019984599901363254,960686,2.659,0,False,39.0,141.0,0.0,0.0,0.0,0.0,65027
1789387965.3134131,2.6642286999849603,0.01931570004671812,960706,2.679,0,False,39.0,141.0,0.0,0.0,0.0,0.0,65027
1789387965.3326724,2.684146699961275,0.019917999976314604,960726,2.699,0,False,38.4,141.60000000000002,-30.123506411963124,0.0,0.0,0.0,65027
1789387965.3541207,2.7051636999240145,0.021016999962739646,960746,2.719,0,False,36.6,143.39999999999998,-85.64495423662619,0.0,0.0,0.0,65027
1789387965.374374,2.7254787000129,0.020315000088885427,960766,2.739,0,False,34.2,145.8,-118.13930541467602,0.0,0.0,0.0,65027
1789387965.3936203,2.7442297999514267,0.01875109993852675,960786,2.759,0,False,31.2,148.8,-159.99061440849567,0.0,0.0,0.0,65027
1789387965.4146304,2.7656333999475464,0.021403599996119738,960806,2.779,0,False,27.3,152.7,-182.21233814437932,0.0,0.0,0.0,65027
1789387965.4332645,2.7840115999570116,0.018378200009465218,960826,2.799,0,False,23.1,156.89999999999998,-228.53162974811934,0.0,0.0,0.0,65027
1789387965.4536653,2.8042665999382734,0.02025499998126179,960847,2.82,0,False,18.3,161.7,-236.9785240405117,0.0,0.0,0.0,65027
1789387965.4743915,2.8253667999524623,0.021100200014188886,960867,2.84,0,False,12.9,167.10000000000002,-255.92174464548967,0.0,0.0,0.0,65027
1789387965.494364,2.8450113999424502,0.01964459998998791,960887,2.86,0,False,7.5,172.5,-274.8847012793427,0.0,0.0,0.0,65027
1789387965.5144944,2.8651494999649003,0.02013810002245009,960907,2.88,0,False,2.1,177.89999999999998,-268.14843475700536,0.0,0.0,0.0,65027
1789387965.5319266,2.884012599941343,0.018863099976442754,960927,2.9,0,False,356.4,-176.39999999999998,-302.1772671044796,0.0,0.0,0.0,65027
1789387965.5540295,2.905047200038098,0.02103460009675473,960947,2.92,0,False,351.0,-171.0,-256.71987939685636,0.0,0.0,0.0,65027
1789387965.5741491,2.9251248999498785,0.020077699911780655,960967,2.94,0,False,345.6,-165.60000000000002,-268.955110581741,0.0,0.0,0.0,65027
1789387965.592689,2.944007199956104,0.018882300006225705,960987,2.96,0,False,340.8,-160.8,-254.20632012082203,0.0,0.0,0.0,65027
1789387965.612987,2.9644189999671653,0.020411800011061132,961008,2.981,0,False,336.3,-156.3,-220.46071378131546,0.0,0.0,0.0,65027
1789387965.6332731,2.9841284999856725,0.019709500018507242,961028,3.001,0,False,332.4,-152.39999999999998,-197.87412143067706,0.0,0.0,0.0,65027
1789387965.6523142,3.0040207999991253,0.01989230001345277,961048,3.021,0,False,329.1,-149.10000000000002,-165.89333550007942,0.0,0.0,0.0,65027
1789387965.6744468,3.025418399949558,0.021397599950432777,961068,3.041,0,False,326.4,-146.39999999999998,-126.18237588582623,0.0,0.0,0.0,65027
1789387965.6930196,3.0446060999529436,0.019187700003385544,961088,3.061,0,False,324.6,-144.60000000000002,-93.81009707689594,0.0,0.0,0.0,65027
1789387965.7127087,3.064260800019838,0.019654700066894293,961108,3.081,0,False,323.4,-143.39999999999998,-61.0540988117791,0.0,0.0,0.0,65027
1789387965.73422,3.0849074999568984,0.020646699937060475,961128,3.101,0,False,323.1,-143.10000000000002,-14.530167092778814,0.0,0.0,0.0,65027
1789387965.7529588,3.103912999969907,0.019005500013008714,961149,3.122,0,False,323.4,-143.39999999999998,15.784904358980992,0.0,0.0,0.0,65027
1789387965.7756312,3.126423600013368,0.022510600043460727,961169,3.142,0,False,324.3,-144.3,39.98116435201299,0.0,0.0,0.0,65027
1789387965.7940338,3.1455181000055745,0.019094499992206693,961189,3.162,0,False,326.1,-146.10000000000002,94.26798296549639,0.0,0.0,0.0,65027
1789387965.8126645,3.1639831999782473,0.01846509997267276,961209,3.182,0,False,328.8,-148.8,146.2217915958119,0.0,0.0,0.0,65027
1789387965.8343499,3.1855406999820843,0.02155750000383705,961229,3.202,0,False,331.8,-151.8,139.16270437045233,0.0,0.0,0.0,65027
1789387965.8525112,3.203997700009495,0.018457000027410686,961249,3.222,0,False,335.4,-155.39999999999998,195.04794899786356,0.0,0.0,0.0,65027
1789387965.873577,3.224905199953355,0.020907499943859875,961270,3.243,0,False,339.6,-159.60000000000002,200.88485047364563,0.0,0.0,0.0,65027
1789387965.8936393,3.2442981000058353,0.0193929000524804,961290,3.263,0,False,344.1,-164.10000000000002,232.0436854633528,0.0,0.0,0.0,65027
1789387965.914649,3.26545259996783,0.02115449996199459,961310,3.283,0,False,348.9,-168.89999999999998,226.9020779797897,0.0,0.0,0.0,65027
1789387965.9331872,3.28438979992643,0.018937199958600104,961330,3.303,0,False,353.7,-173.7,253.46936244500858,0.0,0.0,0.0,65027
1789387965.9539723,3.304783000028692,0.0203932001022622,961350,3.323,0,False,358.8,-178.8,250.08335986632545,0.0,0.0,0.0,65027
1789387965.975325,3.3263481999747455,0.021565199946053326,961370,3.343,0,False,3.9,176.10000000000002,236.4921267949256,0.0,0.0,0.0,65027
1789387965.9951246,3.345867299940437,0.019519099965691566,961390,3.363,0,False,8.7,171.3,245.91297797730942,0.0,0.0,0.0,65027
1789387966.0121772,3.3642300999490544,0.01836280000861734,961411,3.384,0,False,13.5,166.5,261.3980437486361,0.0,0.0,0.0,65027
1789387966.0335007,3.384543800028041,0.020313700078986585,961431,3.404,0,False,17.7,162.3,206.7570153969468,0.0,0.0,0.0,65027
1789387966.0557184,3.406575500033796,0.02203170000575483,961451,3.424,0,False,21.6,158.39999999999998,177.0176608696242,0.0,0.0,0.0,65027
1789387966.0743504,3.4256013999693096,0.019025899935513735,961471,3.444,0,False,24.9,155.10000000000002,173.44777441198633,0.0,0.0,0.0,65027
1789387966.0933125,3.444378299987875,0.018776900018565357,961491,3.464,0,False,27.6,152.39999999999998,143.79370382386907,0.0,0.0,0.0,65027
1789387966.113177,3.463989399955608,0.019611099967733026,961511,3.484,0,False,29.7,150.3,107.0822138205003,0.0,0.0,0.0,65027
1789387966.1356533,3.4862748000305146,0.022285400074906647,961531,3.504,0,False,31.2,148.8,67.30864130588347,0.0,0.0,0.0,65027
1789387966.158208,3.5088022999698296,0.02252749993931502,961552,3.525,0,False,31.8,148.2,26.63411393258395,0.0,0.0,0.0,65027
1789387966.1756177,3.5267622999381274,0.01795999996829778,961572,3.545,0,False,32.1,147.89999999999998,16.703786221022188,0.0,0.0,0.0,65027
1789387966.195042,3.545832399977371,0.019070100039243698,961592,3.565,0,False,31.5,148.5,-31.46286588771297,0.0,0.0,0.0,65027
1789387966.2129471,3.564345399965532,0.018512999988161027,961612,3.585,0,False,30.3,149.7,-64.81931619766557,0.0,0.0,0.0,65027
1789387966.2332892,3.584047699929215,0.01970229996368289,961632,3.605,0,False,28.5,151.5,-91.35989216070908,0.0,0.0,0.0,65027
1789387966.2548656,3.6054757999954745,0.021428100066259503,961652,3.625,0,False,25.8,154.2,-126.00277167136178,0.0,0.0,0.0,65027
1789387966.2748072,3.626043700031005,0.02056790003553033,961672,3.645,0,False,22.8,157.2,-145.85835184037285,0.0,0.0,0.0,65027
1789387966.2934709,3.644310800009407,0.018267099978402257,961693,3.666,0,False,19.2,160.8,-197.07561705231717,0.0,0.0,0.0,65027
1789387966.3128614,3.664152799989097,0.019841999979689717,961713,3.686,0,False,15.3,164.7,-196.55276705937143,0.0,0.0,0.0,65027
1789387966.3337243,3.6851207999279723,0.020967999938875437,961733,3.706,0,False,10.8,169.2,-214.6127438534009,0.0,0.0,0.0,65027
1789387966.3552217,3.7058168000075966,0.020696000079624355,961753,3.726,0,False,6.3,173.7,-217.43331961185794,0.0,0.0,0.0,65027
1789387966.3740938,3.7248039999976754,0.018987199990078807,961773,3.746,0,False,1.8,178.2,-237.0017697370513,0.0,0.0,0.0,65027
1789387966.393601,3.7453079000115395,0.02050390001386404,961793,3.766,0,False,357.0,-177.0,-234.10180486416525,0.0,0.0,0.0,65027
1789387966.4141085,3.7648684999439865,0.019560599932447076,961813,3.786,0,False,352.5,-172.5,-230.054293607601,0.0,0.0,0.0,65027
1789387966.4336,3.7842720999615267,0.019403600017540157,961834,3.807,0,False,348.0,-168.0,-231.91572676885536,0.0,0.0,0.0,65027
1789387966.453275,3.8043911999557167,0.020119099994190037,961854,3.827,0,False,344.1,-164.10000000000002,-193.84564921523395,0.0,0.0,0.0,65027
1789387966.4752862,3.8260465000057593,0.02165530005004257,961874,3.847,0,False,340.2,-160.2,-180.09447991889485,0.0,0.0,0.0,65027
1789387966.4936028,3.844531700015068,0.018485200009308755,961894,3.867,0,False,336.9,-156.89999999999998,-178.52119524474722,0.0,0.0,0.0,65027
1789387966.5134237,3.8641019000206143,0.019570200005546212,961914,3.887,0,False,334.2,-154.2,-137.9648649086267,0.0,0.0,0.0,65027
1789387966.534812,3.885434399941005,0.021332499920390546,961934,3.907,0,False,331.8,-151.8,-112.5043951227653,0.0,0.0,0.0,65027
1789387966.553372,3.904026599950157,0.018592200009152293,961954,3.927,0,False,330.3,-150.3,-80.67899437729812,0.0,0.0,0.0,65027
1789387966.5756938,3.926441799965687,0.02241520001552999,961975,3.948,0,False,329.4,-149.39999999999998,-40.15132585818928,0.0,0.0,0.0,65027
1789387966.5936148,3.9444693999830633,0.018027600017376244,961995,3.968,0,False,329.1,-149.10000000000002,-16.641150220261924,0.0,0.0,0.0,65027
1789387966.613498,3.964672999922186,0.020203599939122796,962015,3.988,0,False,329.1,-149.10000000000002,0.0,0.0,0.0,0.0,65027
1789387966.6330814,3.9846076000249013,0.019934600102715194,962035,4.008,0,False,330.0,-150.0,45.147632526493105,0.0,0.0,0.0,65027
1789387966.6524374,4.003905299934559,0.01929769990965724,962055,4.028,0,False,331.8,-151.8,93.27536485833883,0.0,0.0,0.0,65027
1789387966.6748333,4.025427000015043,0.021521700080484152,962075,4.048,0,False,333.9,-153.89999999999998,97.57593462164465,0.0,0.0,0.0,65027
1789387966.693189,4.044081000029109,0.018654000014066696,962096,4.069,0,False,336.6,-156.60000000000002,144.74107419127355,0.0,0.0,0.0,65027
1789387966.712922,4.064476100029424,0.020395100000314415,962116,4.089,0,False,339.6,-159.60000000000002,147.09415496632778,0.0,0.0,0.0,65027
1789387966.732338,4.083920400007628,0.01944429997820407,962136,4.109,0,False,343.2,-163.2,185.14423270754702,0.0,0.0,0.0,65027
1789387966.7534957,4.1042739999247715,0.020353599917143583,962156,4.129,0,False,346.8,-166.8,176.8728880716471,0.0,0.0,0.0,65027
1789387966.7736886,4.124807599931955,0.02053360000718385,962176,4.149,0,False,351.0,-171.0,204.54279807391708,0.0,0.0,0.0,65027
1789387966.7935255,4.144290899974294,0.01948330004233867,962196,4.169,0,False,355.2,-175.2,215.56923061663446,0.0,0.0,0.0,65027
1789387966.8144646,4.165145799983293,0.02085490000899881,962216,4.189,0,False,359.4,-179.39999999999998,201.39151941211438,0.0,0.0,0.0,65027
1789387966.8329055,4.184890200034715,0.019744400051422417,962236,4.209,0,False,3.6,176.39999999999998,212.71854242527218,0.0,0.0,0.0,65027
1789387966.8522499,4.20388990000356,0.018999699968844652,962257,4.23,0,False,7.8,172.2,221.0561223012505,0.0,0.0,0.0,65027
1789387966.8742461,4.225372800021432,0.021482900017872453,962277,4.25,0,False,11.7,168.3,181.53973610431763,0.0,0.0,0.0,65027
1789387966.894997,4.245581199997105,0.020208399975672364,962297,4.27,0,False,15.3,164.7,178.14374242066717,0.0,0.0,0.0,65027
1789387966.9125142,4.264007300022058,0.018426100024953485,962317,4.29,0,False,18.6,161.39999999999998,179.0937852031085,0.0,0.0,0.0,65027
1789387966.9328644,4.284161799936555,0.020154499914497137,962337,4.31,0,False,21.3,158.7,133.96512002056068,0.0,0.0,0.0,65027
1789387966.9522827,4.303881100029685,0.019719300093129277,962357,4.33,0,False,23.7,156.3,121.7081736504547,0.0,0.0,0.0,65027
1789387966.974638,4.3256067000329494,0.021725600003264844,962378,4.351,0,False,25.2,154.8,69.04297233561262,0.0,0.0,0.0,65027
1789387966.9942822,4.345297500025481,0.019690799992531538,962398,4.371,0,False,26.4,153.60000000000002,60.94216590768952,0.0,0.0,0.0,65027
1789387967.0133748,4.364062299951911,0.018764799926429987,962418,4.391,0,False,27.0,153.0,31.974761380477165,0.0,0.0,0.0,65027
1789387967.0339074,4.384791599935852,0.02072929998394102,962438,4.411,0,False,27.0,153.0,0.0,0.0,0.0,0.0,65027
1789387967.052627,4.403976700035855,0.019185100100003183,962458,4.431,0,False,26.4,153.60000000000002,-31.274269973701873,0.0,0.0,0.0,65027
1789387967.0748775,4.425516100018285,0.02153939998243004,962478,4.451,0,False,25.2,154.8,-55.7118583144769,0.0,0.0,0.0,65027
1789387967.0937283,4.444320900016464,0.018804799998179078,962498,4.471,0,False,23.4,156.60000000000002,-95.72024164970169,0.0,0.0,0.0,65027
1789387967.1138582,4.464548300020397,0.020227400003932416,962518,4.491,0,False,21.0,159.0,-118.65093880248676,0.0,0.0,0.0,65027
1789387967.1331682,4.484548999927938,0.020000699907541275,962539,4.512,0,False,18.3,161.7,-134.99527578942136,0.0,0.0,0.0,65027
1789387967.1527758,4.5042536000255495,0.019704600097611547,962559,4.532,0,False,15.3,164.7,-152.24871274416978,0.0,0.0,0.0,65027
1789387967.1744623,4.5258325999602675,0.021578999934718013,962579,4.552,0,False,11.7,168.3,-166.82886189772066,0.0,0.0,0.0,65027
1789387967.1936164,4.544802599935792,0.018969999975524843,962599,4.572,0,False,8.1,171.89999999999998,-189.7733265495375,0.0,0.0,0.0,65027
1789387967.2150774,4.565672799944878,0.020870200009085238,962619,4.592,0,False,4.2,175.8,-186.86931597695533,0.0,0.0,0.0,65027
1789387967.2339013,4.584958899999037,0.01928610005415976,962639,4.612,0,False,0.0,-180.0,-217.77342169777364,0.0,0.0,0.0,65027
1789387967.254645,4.605272299959324,0.020313399960286915,962660,4.633,0,False,356.1,-176.10000000000002,-191.99149367533508,0.0,0.0,0.0,65027
1789387967.2744489,4.625156200025231,0.019883900065906346,962680,4.653,0,False,352.2,-172.2,-196.13858383281232,0.0,0.0,0.0,65027
1789387967.293554,4.644296000013128,0.019139799987897277,962700,4.673,0,False,348.6,-168.60000000000002,-188.08973982363264,0.0,0.0,0.0,65027
1789387967.3139355,4.664633699925616,0.02033769991248846,962720,4.693,0,False,345.3,-165.3,-162.26023661474278,0.0,0.0,0.0,65027
1789387967.3330536,4.6841179999755695,0.019484300049953163,962740,4.713,0,False,342.3,-162.3,-153.97011913739297,0.0,0.0,0.0,65027
1789387967.3526955,4.704112199950032,0.01999419997446239,962760,4.733,0,False,339.6,-159.60000000000002,-135.03916152927178,0.0,0.0,0.0,65027
1789387967.37448,4.725570900016464,0.021458700066432357,962780,4.753,0,False,337.2,-157.2,-111.84274874852888,0.0,0.0,0.0,65027
1789387967.3932219,4.744345700019039,0.01877480000257492,962801,4.774,0,False,335.7,-155.7,-79.89432642660792,0.0,0.0,0.0,65027
1789387967.4141808,4.7651390000246465,0.020793300005607307,962821,4.794,0,False,334.5,-154.5,-57.71089724461177,0.0,0.0,0.0,65027
1789387967.433141,4.785058000008576,0.019918999983929098,962841,4.814,0,False,333.9,-153.89999999999998,-30.12199410031178,0.0,0.0,0.0,65027
1789387967.454418,4.8055665999418125,0.020508599933236837,962861,4.834,0,False,333.9,-153.89999999999998,0.0,0.0,0.0,0.0,65027
1789387967.4740007,4.825044499943033,0.019477900001220405,962881,4.854,0,False,334.2,-154.2,15.402071064191448,0.0,0.0,0.0,65027
1789387967.4936059,4.84452559996862,0.019481100025586784,962901,4.874,0,False,335.1,-155.10000000000002,46.19862322034997,0.0,0.0,0.0,65027
1789387967.5138545,4.864529500016943,0.020003900048322976,962922,4.895,0,False,336.6,-156.60000000000002,74.98537767017848,0.0,0.0,0.0,65027
1789387967.5344484,4.885479599935934,0.020950099918991327,962942,4.915,0,False,338.7,-158.7,100.23818540819033,0.0,0.0,0.0,65027
1789387967.5560298,4.906676699989475,0.021197100053541362,962962,4.935,0,False,341.1,-161.10000000000002,113.22303494053048,0.0,0.0,0.0,65027
1789387967.57419,4.925789100001566,0.019112400012090802,962982,4.955,0,False,343.8,-163.8,141.2695421973131,0.0,0.0,0.0,65027
1789387967.5927644,4.944060600013472,0.018271500011906028,963002,4.975,0,False,347.1,-167.10000000000002,180.6091452726746,0.0,0.0,0.0,65027
1789387967.613594,4.965149499941617,0.02108889992814511,963022,4.995,0,False,350.4,-170.39999999999998,156.48042388383644,0.0,0.0,0.0,65027
1789387967.6332898,4.984055100008845,0.01890560006722808,963043,5.016,0,False,353.7,-173.7,174.5514550326492,0.0,0.0,0.0,65027
1789387967.6535397,5.004342400003225,0.020287299994379282,963063,5.036,0,False,357.3,-177.3,177.45091761828456,0.0,0.0,0.0,65027
1789387967.6746566,5.026230999967083,0.021888599963858724,963083,5.056,0,False,0.9,179.10000000000002,164.46917600687536,0.0,0.0,0.0,65027
1789387967.6930933,5.0445284999441355,0.018297499977052212,963103,5.076,0,False,4.5,175.5,196.7481898901451,0.0,0.0,0.0,65027
1789387967.7134385,5.064298399956897,0.019769900012761354,963123,5.096,0,False,7.8,172.2,166.9204193177447,0.0,0.0,0.0,65027
1789387967.7333882,5.08417309995275,0.019874699995853007,963143,5.116,0,False,11.1,168.89999999999998,166.04024215150815,0.0,0.0,0.0,65027
1789387967.756182,5.107121199951507,0.022948099998757243,963164,5.137,0,False,14.1,165.89999999999998,130.72977719996277,0.0,0.0,0.0,65027
1789387967.773722,5.124695700011216,0.017574500059708953,963184,5.157,0,False,16.5,163.5,136.5614948844099,0.0,0.0,0.0,65027
1789387967.7928104,5.143865299993195,0.019169599981978536,963204,5.177,0,False,18.6,161.39999999999998,109.54845181820266,0.0,0.0,0.0,65027
1789387967.8124113,5.163934399955906,0.020069099962711334,963224,5.197,0,False,20.4,159.60000000000002,89.6901207998583,0.0,0.0,0.0,65027
1789387967.8339891,5.184687600005418,0.02075320004951209,963244,5.217,0,False,21.6,158.39999999999998,57.822407972605696,0.0,0.0,0.0,65027
1789387967.8531706,5.203944299952127,0.019256699946708977,963264,5.237,0,False,22.2,157.8,31.157986657134156,0.0,0.0,0.0,65027
1789387967.8732877,5.224604899995029,0.020660600042901933,963284,5.257,0,False,22.5,157.5,14.520391439602843,0.0,0.0,0.0,65027
1789387967.8933883,5.24455029994715,0.01994539995212108,963305,5.278,0,False,22.2,157.8,-15.041062135638352,0.0,0.0,0.0,65027
1789387967.9141283,5.265481199952774,0.020930900005623698,963325,5.298,0,False,21.6,158.39999999999998,-28.665752539966594,0.0,0.0,0.0,65027
1789387967.9333076,5.284170200000517,0.01868900004774332,963345,5.318,0,False,20.1,159.89999999999998,-80.26111595955203,0.0,0.0,0.0,65027
1789387967.953231,5.304057799978182,0.01988759997766465,963365,5.338,0,False,18.6,161.39999999999998,-75.42388230277253,0.0,0.0,0.0,65027
1789387967.9749014,5.326000300003216,0.02194250002503395,963385,5.358,0,False,16.2,163.8,-109.37678009624577,0.0,0.0,0.0,65027
1789387967.994722,5.345911499927752,0.01991119992453605,963405,5.378,0,False,13.8,166.2,-120.53517663908083,0.0,0.0,0.0,65027
1789387968.0132504,5.363943999982439,0.01803250005468726,963425,5.398,0,False,11.1,168.89999999999998,-149.729654335876,0.0,0.0,0.0,65027
1789387968.0337825,5.38471439993009,0.02077039994765073,963446,5.419,0,False,8.1,171.89999999999998,-144.43631357899392,0.0,0.0,0.0,65027
1789387968.052739,5.403909099986777,0.019194700056686997,963466,5.439,0,False,4.8,175.2,-171.92245725404635,0.0,0.0,0.0,65027
1789387968.073376,5.424807699979283,0.020898599992506206,963486,5.459,0,False,1.5,178.5,-157.90531428819736,0.0,0.0,0.0,65027
1789387968.092951,5.444397900020704,0.019590200041420758,963506,5.479,0,False,358.2,-178.2,-168.4515723689683,0.0,0.0,0.0,65027
1789387968.1130974,5.464218799956143,0.01982089993543923,963526,5.499,0,False,354.9,-174.89999999999998,-166.49092678681563,0.0,0.0,0.0,65027
1789387968.1328146,5.4840678999898955,0.01984910003375262,963546,5.519,0,False,351.9,-171.89999999999998,-151.14035371370073,0.0,0.0,0.0,65027
1789387968.153482,5.5043054999550804,0.020237599965184927,963567,5.54,0,False,348.9,-168.89999999999998,-148.2389218662761,0.0,0.0,0.0,65027
1789387968.176032,5.5267781999427825,0.02247269998770207,963587,5.56,0,False,346.2,-166.2,-120.14577694169071,0.0,0.0,0.0,65027
1789387968.1952345,5.545950299943797,0.01917210000101477,963607,5.58,0,False,343.8,-163.8,-125.18190494901167,0.0,0.0,0.0,65027
1789387968.21237,5.563910400029272,0.01796010008547455,963627,5.6,0,False,341.7,-161.7,-116.92585174948013,0.0,0.0,0.0,65027
1789387968.2324102,5.583991999970749,0.02008159994147718,963647,5.62,0,False,340.2,-160.2,-74.69524362458053,0.0,0.0,0.0,65027
1789387968.2545316,5.605631900019944,0.021639900049194694,963667,5.64,0,False,339.0,-159.0,-55.45312119150224,0.0,0.0,0.0,65027
1789387968.2747009,5.625354600022547,0.019722700002603233,963687,5.66,0,False,338.4,-158.39999999999998,-30.42179822847925,0.0,0.0,0.0,65027
1789387968.2932062,5.644389000022784,0.01903440000023693,963708,5.681,0,False,338.1,-158.10000000000002,-15.760938090836607,0.0,0.0,0.0,65027
1789387968.3132806,5.664594599977136,0.020205599954351783,963728,5.701,0,False,338.1,-158.10000000000002,0.0,0.0,0.0,0.0,65027
1789387968.3326483,5.683903299970552,0.019308699993416667,963748,5.721,0,False,338.7,-158.7,31.074075427374027,0.0,0.0,0.0,65027
1789387968.3536894,5.704508499940857,0.020605199970304966,963768,5.741,0,False,339.9,-159.89999999999998,58.2377264830897,0.0,0.0,0.0,65027
1789387968.3748426,5.726130599970929,0.021622100030072033,963788,5.761,0,False,341.4,-161.39999999999998,69.37346501559972,0.0,0.0,0.0,65027
1789387968.3935905,5.7442543000215665,0.018123700050637126,963809,5.782,0,False,343.2,-163.2,99.31746800989093,0.0,0.0,0.0,65027
1789387968.4134786,5.764960799948312,0.02070649992674589,963828,5.801,0,False,345.6,-165.60000000000002,115.90563390677313,0.0,0.0,0.0,65027
1789387968.4330747,5.783961999928579,0.019001199980266392,963849,5.822,0,False,348.0,-168.0,126.30781226935594,0.0,0.0,0.0,65027
1789387968.4544036,5.805085900006816,0.021123900078237057,963869,5.842,0,False,350.7,-170.7,127.8173059898948,0.0,0.0,0.0,65027
1789387968.4755049,5.826324700028636,0.02123880002181977,963889,5.862,0,False,353.7,-173.7,141.25091798585314,0.0,0.0,0.0,65027
1789387968.4937158,5.8444501999765635,0.018125499947927892,963909,5.882,0,False,356.4,-176.39999999999998,148.96140838910503,0.0,0.0,0.0,65027
1789387968.5139153,5.8645169999217615,0.020066799945198,963929,5.902,0,False,359.4,-179.39999999999998,149.50066817793248,0.0,0.0,0.0,65027
1789387968.533042,5.884071499924175,0.019554500002413988,963949,5.922,0,False,2.4,177.60000000000002,153.41737194147905,0.0,0.0,0.0,65027
1789387968.5526483,5.904164799954742,0.020093300030566752,963970,5.943,0,False,5.4,174.60000000000002,149.30349894921576,0.0,0.0,0.0,65027
1789387968.574287,5.925345700001344,0.02118090004660189,963990,5.963,0,False,8.1,171.89999999999998,127.47333654658159,0.0,0.0,0.0,65027
1789387968.5929692,5.944203799939714,0.018858099938370287,964010,5.983,0,False,10.5,169.5,127.26626796142715,0.0,0.0,0.0,65027
1789387968.61335,5.964923499966972,0.020719700027257204,964030,6.003,0,False,12.6,167.39999999999998,101.35281868161218,0.0,0.0,0.0,65027
1789387968.6324918,5.984108199947514,0.019184699980542064,964050,6.023,0,False,14.7,165.3,109.4622278237295,0.0,0.0,0.0,65027
1789387968.6532106,6.004026199923828,0.019917999976314604,964070,6.043,0,False,16.2,163.8,75.30876602990853,0.0,0.0,0.0,65027
1789387968.6756163,6.026263499981724,0.02223730005789548,964090,6.063,0,False,17.4,162.60000000000002,53.96338570220991,0.0,0.0,0.0,65027
1789387968.6943915,6.045421399991028,0.019157900009304285,964111,6.084,0,False,18.0,162.0,31.318672699439734,0.0,0.0,0.0,65027
1789387968.7132506,6.0643143999623135,0.018892999971285462,964131,6.104,0,False,18.3,161.7,15.878896970092974,0.0,0.0,0.0,65027
1789387968.7330024,6.0838284000055864,0.019514000043272972,964151,6.124,0,False,18.3,161.7,0.0,0.0,0.0,0.0,65027
1789387968.7522979,6.10382960003335,0.020001200027763844,964171,6.144,0,False,17.7,162.3,-29.998200066352467,0.0,0.0,0.0,65027
1789387968.7726326,6.124736199970357,0.02090659993700683,964191,6.164,0,False,16.8,163.2,-43.048606789806755,0.0,0.0,0.0,65027
1789387968.7932208,6.143916600034572,0.019180400064215064,964211,6.184,0,False,15.6,164.39999999999998,-62.56386707172144,0.0,0.0,0.0,65027
1789387968.8129244,6.163855299935676,0.019938699901103973,964231,6.204,0,False,13.8,166.2,-90.27669852738735,0.0,0.0,0.0,65027
1789387968.833741,6.18467079999391,0.020815500058233738,964252,6.225,0,False,12.0,168.0,-86.4740215207084,0.0,0.0,0.0,65027
1789387968.8533704,6.204632899956778,0.019962099962867796,964272,6.245,0,False,9.6,170.39999999999998,-120.22783196478977,0.0,0.0,0.0,65027
1789387968.8740873,6.225236600032076,0.020603700075298548,964292,6.265,0,False,7.2,172.8,-116.48393207185771,0.0,0.0,0.0,65027
1789387968.893579,6.244441899936646,0.019205299904569983,964312,6.285,0,False,4.5,175.5,-140.58619305171652,0.0,0.0,0.0,65027
1789387968.912964,6.264070500037633,0.01962860010098666,964332,6.305,0,False,1.8,178.2,-137.55438422041465,0.0,0.0,0.0,65027
1789387968.9333942,6.284183299983852,0.02011279994621873,964352,6.325,0,False,359.1,-179.10000000000002,-134.24287057096961,0.0,0.0,0.0,65027
1789387968.9522438,6.303841299959458,0.0196579999756068,964372,6.345,0,False,356.4,-176.39999999999998,-137.34866229272657,0.0,0.0,0.0,65027
1789387968.974596,6.325192000018433,0.021350700058974326,964393,6.366,0,False,354.0,-174.0,-112.40849215111271,0.0,0.0,0.0,65027
1789387968.9938147,6.3450056000147015,0.01981359999626875,964413,6.386,0,False,351.3,-171.3,-136.27003676810102,0.0,0.0,0.0,65027
1789387969.013124,6.36469409998972,0.019688499975018203,964433,6.406,0,False,349.2,-169.2,-106.66124908777267,0.0,0.0,0.0,65027
1789387969.033691,6.384697900037281,0.020003800047561526,964453,6.426,0,False,347.1,-167.10000000000002,-104.98005354017508,0.0,0.0,0.0,65027
1789387969.053188,6.403919399948791,0.019221499911509454,964473,6.446,0,False,345.3,-165.3,-93.64513738713008,0.0,0.0,0.0,65027
1789387969.0735915,6.425041500013322,0.02112210006453097,964493,6.466,0,False,344.1,-164.10000000000002,-56.81253267117478,0.0,0.0,0.0,65027
1789387969.0936186,6.4445517000276595,0.019510200014337897,964514,6.487,0,False,342.9,-162.89999999999998,-61.50628897285392,0.0,0.0,0.0,65027
1789387969.1131737,6.463914799969643,0.01936309994198382,964534,6.507,0,False,342.3,-162.3,-30.986773904886107,0.0,0.0,0.0,65027
1789387969.133469,6.4841973999282345,0.020282599958591163,964554,6.527,0,False,342.0,-162.0,-14.79100315602978,0.0,0.0,0.0,65027
1789387969.1525211,6.503999699954875,0.019802300026640296,964574,6.547,0,False,342.0,-162.0,0.0,0.0,0.0,0.0,65027
1789387969.173167,6.5247456999495625,0.020745999994687736,964594,6.567,0,False,342.6,-162.60000000000002,28.92123783638581,0.0,0.0,0.0,65027
1789387969.1925144,6.544039199943654,0.01929349999409169,964614,6.587,0,False,343.2,-163.2,31.098556518190367,0.0,0.0,0.0,65027
1789387969.2124517,6.563959299935959,0.01992009999230504,964634,6.607,0,False,344.4,-164.39999999999998,60.24066146573251,0.0,0.0,0.0,65027
1789387969.2327263,6.583959099953063,0.019999800017103553,964655,6.628,0,False,345.9,-165.89999999999998,75.00074994336047,0.0,0.0,0.0,65027
1789387969.2542577,6.605313399923034,0.02135429996997118,964675,6.648,0,False,347.7,-167.7,84.29215673336074,0.0,0.0,0.0,65027
1789387969.2735748,6.6249515999807045,0.019638200057670474,964695,6.668,0,False,349.5,-169.5,91.65809466825094,0.0,0.0,0.0,65027
1789387969.2938623,6.644596599973738,0.019644999993033707,964715,6.688,0,False,351.9,-171.89999999999998,122.16849075342523,0.0,0.0,0.0,65027
1789387969.3127728,6.663881600019522,0.019285000045783818,964735,6.708,0,False,354.0,-174.0,108.89292170155504,0.0,0.0,0.0,65027
1789387969.3338506,6.684535300009884,0.02065369999036193,964755,6.728,0,False,356.4,-176.39999999999998,116.20193965826655,0.0,0.0,0.0,65027
1789387969.352757,6.704337800038047,0.019802500028163195,964776,6.749,0,False,358.8,-178.8,121.1968184111473,0.0,0.0,0.0,65027
1789387969.3733726,6.7248544000322,0.020516599994152784,964796,6.769,0,False,1.2,178.8,116.97844675452929,0.0,0.0,0.0,65027
1789387969.393111,6.7443117999937385,0.019457399961538613,964816,6.789,0,False,3.6,176.39999999999998,123.34638773649506,0.0,0.0,0.0,65027
1789387969.4137182,6.764716499950737,0.02040469995699823,964836,6.809,0,False,5.7,174.3,102.91746531071898,0.0,0.0,0.0,65027
1789387969.4334733,6.784264100017026,0.019547600066289306,964856,6.829,0,False,7.8,172.2,107.4300677770432,0.0,0.0,0.0,65027
1789387969.4526076,6.804880299954675,0.02061619993764907,964876,6.849,0,False,9.6,170.39999999999998,87.30997979471822,0.0,0.0,0.0,65027
1789387969.474303,6.825084200012498,0.020203900057822466,964896,6.869,0,False,11.1,168.89999999999998,74.24309146783945,0.0,0.0,0.0,65027
1789387969.4934223,6.844309299951419,0.01922509993892163,964917,6.89,0,False,12.6,167.39999999999998,78.02300142862808,0.0,0.0,0.0,65027
1789387969.5138652,6.864473599940538,0.020164299989119172,964937,6.91,0,False,13.5,166.5,44.63333715951723,0.0,0.0,0.0,65027
1789387969.534288,6.884908200008795,0.02043460006825626,964957,6.93,0,False,14.1,165.89999999999998,29.361964413096242,0.0,0.0,0.0,65027
1789387969.5533698,6.904122699983418,0.019214499974623322,964977,6.95,0,False,14.4,165.60000000000002,15.61320879524436,0.0,0.0,0.0,65027
1789387969.573878,6.925196800031699,0.021074100048281252,964997,6.97,0,False,14.4,165.60000000000002,0.0,0.0,0.0,0.0,65027
1789387969.5932162,6.943941000034101,0.018744200002402067,965017,6.99,0,False,14.1,165.89999999999998,-16.00495086275042,0.0,0.0,0.0,65027
1789387969.6141357,6.964833199977875,0.02089219994377345,965038,7.011,0,False,13.5,166.5,-28.718852089045498,0.0,0.0,0.0,65027
1789387969.6334286,6.984510699985549,0.019677500007674098,965058,7.031,0,False,12.3,167.7,-60.983356601803905,0.0,0.0,0.0,65027
1789387969.6536894,7.004888999974355,0.020378299988806248,965078,7.051,0,False,11.1,168.89999999999998,-58.886168162169845,0.0,0.0,0.0,65027
1789387969.6748276,7.025498499977402,0.020609500003047287,965098,7.071,0,False,9.6,170.39999999999998,-72.78196946933271,0.0,0.0,0.0,65027
1789387969.6941752,7.044941199943423,0.019442699966020882,965118,7.091,0,False,7.8,172.2,-92.57973445796053,0.0,0.0,0.0,65027
1789387969.7142317,7.064854900003411,0.019913700059987605,965138,7.111,0,False,6.0,174.0,-90.3900327200736,0.0,0.0,0.0,65027
1789387969.7322252,7.083764999988489,0.018910099985077977,965158,7.131,0,False,3.9,176.10000000000002,-111.05176607511919,0.0,0.0,0.0,65027
1789387969.7530415,7.1039000999880955,0.02013509999960661,965179,7.152,0,False,1.8,178.2,-104.29548400757996,0.0,0.0,0.0,65027
1789387969.774701,7.125777299981564,0.02187719999346882,965199,7.172,0,False,359.7,-179.7,-95.9903461424201,0.0,0.0,0.0,65027
1789387969.7938395,7.144675299990922,0.01889800000935793,965219,7.192,0,False,357.6,-177.60000000000002,-111.12287008996115,0.0,0.0,0.0,65027
1789387969.812435,7.163961399928667,0.01928609993774444,965239,7.212,0,False,355.5,-175.5,-108.88671150615345,0.0,0.0,0.0,65027
1789387969.834035,7.184756099944934,0.020794700016267598,965259,7.232,0,False,353.4,-173.39999999999998,-100.9872707159614,0.0,0.0,0.0,65027
1789387969.8532088,7.204157899948768,0.01940180000383407,965279,7.252,0,False,351.6,-171.60000000000002,-92.77489715615299,0.0,0.0,0.0,65027
1789387969.875232,7.226303500006907,0.02214560005813837,965299,7.272,0,False,350.1,-170.10000000000002,-67.73354508625108,0.0,0.0,0.0,65027
1789387969.8931656,7.243968099937774,0.017664599930867553,965320,7.293,0,False,348.6,-168.60000000000002,-84.9155942319907,0.0,0.0,0.0,65027
1789387969.9129846,7.26388510002289,0.019917000085115433,965340,7.313,0,False,347.4,-167.39999999999998,-60.25003739879688,0.0,0.0,0.0,65027
1789387969.9334097,7.284984600031748,0.02109950000885874,965360,7.333,0,False,346.5,-166.5,-42.655039201028806,0.0,0.0,0.0,65027
1789387969.9525743,7.304087699973024,0.019103099941276014,965380,7.353,0,False,346.2,-166.2,-15.704257472464048,0.0,0.0,0.0,65027
1789387969.9741054,7.32525330001954,0.021165600046515465,965400,7.373,0,False,345.9,-165.89999999999998,-14.173942592730839,0.0,0.0,0.0,65027
1789387969.9947119,7.346115699969232,0.02086239994969219,965421,7.394,0,False,345.9,-165.89999999999998,0.0,0.0,0.0,0.0,65027
1789387970.012901,7.3641560999676585,0.018040399998426437,965441,7.414,0,False,346.2,-166.2,16.62934303153914,0.0,0.0,0.0,65027
1789387970.0337803,7.385208099964075,0.02105199999641627,965461,7.434,0,False,346.8,-166.8,28.500855030503615,0.0,0.0,0.0,65027
1789387970.0531056,7.40398569998797,0.018777600023895502,965481,7.454,0,False,347.7,-167.7,47.929447791766734,0.0,0.0,0.0,65027
1789387970.0734832,7.425010200007819,0.021024500019848347,965501,7.474,0,False,348.6,-168.60000000000002,42.80720108208909,0.0,0.0,0.0,65027
1789387970.0940025,7.444957299972884,0.019947099965065718,965521,7.494,0,False,350.1,-170.10000000000002,75.19890122509135,0.0,0.0,0.0,65027
1789387970.1132796,7.464425000012852,0.019467700039967895,965541,7.514,0,False,351.6,-171.60000000000002,77.05070434208692,0.0,0.0,0.0,65027
1789387970.133348,7.485369800007902,0.020944799995049834,965561,7.534,0,False,353.1,-173.10000000000002,71.61682137592696,0.0,0.0,0.0,65027
1789387970.1531367,7.503882199991494,0.01851239998359233,965582,7.555,0,False,354.9,-174.89999999999998,97.23212558043835,0.0,0.0,0.0,65027
1789387970.1737037,7.525005299947225,0.02112309995573014,965602,7.575,0,False,356.7,-176.7,85.21476505685516,0.0,0.0,0.0,65027
1789387970.1934607,7.54428559995722,0.0192803000099957,965622,7.595,0,False,358.8,-178.8,108.91946696427424,0.0,0.0,0.0,65027
1789387970.2125573,7.564001300022937,0.0197157000657171,965642,7.615,0,False,0.6,179.39999999999998,91.29779789711675,0.0,0.0,0.0,65027
1789387970.233386,7.5840455000288785,0.020044200005941093,965662,7.635,0,False,2.4,177.60000000000002,89.8015385730781,0.0,0.0,0.0,65027
1789387970.2545238,7.605394699960016,0.021349199931137264,965682,7.655,0,False,4.2,175.8,84.31229300423372,0.0,0.0,0.0,65027
1789387970.2742262,7.625517699983902,0.02012300002388656,965702,7.675,0,False,5.7,174.3,74.54156926002376,0.0,0.0,0.0,65027
1789387970.293584,7.644525400013663,0.0190077000297606,965723,7.696,0,False,7.2,172.8,78.91538679858324,0.0,0.0,0.0,65027
1789387970.313071,7.664064000011422,0.019538599997758865,965743,7.716,0,False,8.4,171.60000000000002,61.41688760390367,0.0,0.0,0.0,65027
1789387970.3325272,7.684071499970742,0.02000749995931983,965763,7.736,0,False,9.3,170.7,44.9831314172149,0.0,0.0,0.0,65027
1789387970.3534577,7.704197000013664,0.020125500042922795,965783,7.756,0,False,9.9,170.10000000000002,29.812923838927745,0.0,0.0,0.0,65027
1789387970.3732126,7.724728900007904,0.02053189999423921,965803,7.776,0,False,10.5,169.5,29.222819133560012,0.0,0.0,0.0,65027
1789387970.3931994,7.743949700030498,0.01922080002259463,965823,7.796,0,False,10.8,169.2,15.608091216148772,0.0,0.0,0.0,65027
1789387970.4137871,7.765148999984376,0.021199299953877926,965844,7.817,0,False,10.8,169.2,0.0,0.0,0.0,0.0,65027
1789387970.4343898,7.785389899974689,0.020240899990312755,965864,7.837,0,False,10.5,169.5,-14.821475336748398,0.0,0.0,0.0,65027
1789387970.4525573,7.804559799958952,0.019169899984262884,965884,7.857,0,False,9.9,170.10000000000002,-31.299067835124408,0.0,0.0,0.0,65027
1789387970.4746664,7.825378000037745,0.02081820007879287,965904,7.877,0,False,9.3,170.7,-28.820935418485274,0.0,0.0,0.0,65027
1789387970.4936347,7.844435999984853,0.01905799994710833,965924,7.897,0,False,8.4,171.60000000000002,-47.224262907848455,0.0,0.0,0.0,65027
1789387970.5134404,7.864297299995087,0.019861300010234118,965944,7.917,0,False,7.2,172.8,-60.419005774126234,0.0,0.0,0.0,65027
1789387970.5331297,7.8839932000264525,0.019695900031365454,965964,7.937,0,False,6.0,174.0,-60.926385597459614,0.0,0.0,0.0,65027
1789387970.5526752,7.903960400028154,0.019967200001701713,965985,7.958,0,False,4.5,175.5,-75.12320204496183,0.0,0.0,0.0,65027
1789387970.575427,7.926487999968231,0.02252759994007647,966005,7.978,0,False,3.0,177.0,-66.5849892571782,0.0,0.0,0.0,65027
1789387970.5934074,7.944549200008623,0.018061200040392578,966025,7.998,0,False,1.2,178.8,-99.6611518600337,0.0,0.0,0.0,65027
1789387970.613454,7.964582199929282,0.020032999920658767,966045,8.018,0,False,359.7,-179.7,-74.87645414769581,0.0,0.0,0.0,65027
1789387970.6330411,7.984531600028276,0.019949400098994374,966065,8.038,0,False,358.2,-178.2,-75.19023091203697,0.0,0.0,0.0,65027
1789387970.6532052,8.00400209997315,0.019470499944873154,966085,8.058,0,False,356.7,-176.7,-77.03962426475702,0.0,0.0,0.0,65027
1789387970.6746502,8.025558699970134,0.021556599996984005,966105,8.078,0,False,355.2,-175.2,-69.5842572673736,0.0,0.0,0.0,65027
1789387970.6931942,8.044138099998236,0.0185794000281021,966126,8.099,0,False,353.7,-173.7,-80.7345768825252,0.0,0.0,0.0,65027
1789387970.7135584,8.06438769993838,0.020249599940143526,966146,8.119,0,False,352.5,-172.5,-59.260430010820414,0.0,0.0,0.0,65027
1789387970.733221,8.08401240000967,0.019624700071290135,966166,8.139,0,False,351.6,-171.60000000000002,-45.860573498222685,0.0,0.0,0.0,65027
1789387970.753427,8.10412189993076,0.0201094999210909,966186,8.159,0,False,350.7,-170.7,-44.75496673371333,0.0,0.0,0.0,65027
1789387970.7741387,8.125108900014311,0.02098700008355081,966206,8.179,0,False,350.1,-170.10000000000002,-28.589126488365235,0.0,0.0,0.0,65027
1789387970.7933614,8.144001199980266,0.018892299965955317,966226,8.199,0,False,349.5,-169.5,-31.75897064313222,0.0,0.0,0.0,65027
1789387970.8125525,8.163965399959125,0.019964199978858232,966246,8.219,0,False,349.5,-169.5,0.0,0.0,0.0,0.0,65027
1789387970.8331263,8.184712799964473,0.020747400005348027,966266,8.239,0,False,349.5,-169.5,0.0,0.0,0.0,0.0,65027
1789387970.8532171,8.203952300013043,0.019239500048570335,966287,8.26,0,False,349.5,-169.5,0.0,0.0,0.0,0.0,65027
1789387970.8735695,8.22474009997677,0.020787799963727593,966307,8.28,0,False,350.1,-170.10000000000002,28.86308320490654,0.0,0.0,0.0,65027
1789387970.8927424,8.244185999967158,0.01944589999038726,966327,8.3,0,False,350.7,-170.7,30.85483316774052,0.0,0.0,0.0,65027
1789387970.9131126,8.263948299922049,0.019762299954891205,966347,8.32,0,False,351.6,-171.60000000000002,45.54125795349455,0.0,0.0,0.0,65027
1789387970.9336896,8.284361899946816,0.02041360002476722,966367,8.34,0,False,352.5,-172.5,44.0882548354055,0.0,0.0,0.0,65027
1789387970.9539835,8.304632699931972,0.020270799985155463,966387,8.36,0,False,353.4,-173.39999999999998,44.39883974283489,0.0,0.0,0.0,65027
1789387970.97565,8.326660500024445,0.022027800092473626,966408,8.381,0,False,354.6,-174.60000000000002,54.47661568392646,0.0,0.0,0.0,65027
1789387970.9934573,8.344689999939874,0.01802949991542846,966428,8.401,0,False,355.8,-175.8,66.55758649041107,0.0,0.0,0.0,65027
1789387971.0131826,8.363983999937773,0.019293999997898936,966448,8.421,0,False,357.3,-177.3,77.7443764985667,0.0,0.0,0.0,65027
1789387971.0343018,8.384946599951945,0.020962600014172494,966468,8.441,0,False,358.5,-178.5,57.24480738022416,0.0,0.0,0.0,65027
1789387971.0528548,8.403825199929997,0.01887859997805208,966488,8.461,0,False,0.0,-180.0,79.45504442828775,0.0,0.0,0.0,65027
1789387971.0740569,8.424852899974212,0.021027700044214725,966508,8.481,0,False,1.2,178.8,57.06758216432426,0.0,0.0,0.0,65027
1789387971.0933137,8.444465199951082,0.019612299976870418,966529,8.502,0,False,2.4,177.60000000000002,61.18609247335587,0.0,0.0,0.0,65027
1789387971.1132946,8.46393219998572,0.01946700003463775,966549,8.522,0,False,3.6,176.39999999999998,61.64277997970008,0.0,0.0,0.0,65027
1789387971.1331465,8.484236199990846,0.020304000005126,966569,8.542,0,False,4.5,175.5,44.32624112356134,0.0,0.0,0.0,65027
1789387971.1532505,8.504442999954335,0.020206799963489175,966589,8.562,0,False,5.4,174.60000000000002,44.53946204377626,0.0,0.0,0.0,65027
1789387971.1744838,8.525323099922389,0.0208800999680534,966609,8.582,0,False,6.3,173.7,43.10324190865981,0.0,0.0,0.0,65027
1789387971.193582,8.544857800006866,0.019534700084477663,966629,8.602,0,False,6.6,173.39999999999998,15.35728722236142,0.0,0.0,0.0,65027
1789387971.2131371,8.563909700023942,0.01905190001707524,966649,8.622,0,False,6.9,173.10000000000002,15.746460968781946,0.0,0.0,0.0,65027
1789387971.2327015,8.58401039999444,0.02010069997049868,966670,8.643,0,False,7.2,172.8,14.924853385221123,0.0,0.0,0.0,65027
1789387971.2522883,8.604446899960749,0.020436499966308475,966690,8.663,0,False,7.2,172.8,0.0,0.0,0.0,0.0,65027
1789387971.2742114,8.625206899945624,0.02075999998487532,966710,8.683,0,False,7.2,172.8,0.0,0.0,0.0,0.0,65027
1789387971.2932913,8.644138399977237,0.018931500031612813,966730,8.703,0,False,6.6,173.39999999999998,-31.6932096768921,0.0,0.0,0.0,65027
1789387971.3129687,8.664393999963067,0.020255599985830486,966750,8.723,0,False,6.3,173.7,-14.810719021400109,0.0,0.0,0.0,65027
1789387971.3328338,8.684271199977957,0.01987720001488924,966770,8.743,0,False,5.4,174.60000000000002,-45.27800692883558,0.0,0.0,0.0,65027
1789387971.35412,8.70522040000651,0.020949200028553605,966791,8.764,0,False,4.8,175.2,-28.640711778120345,0.0,0.0,0.0,65027
1789387971.374393,8.725610099965706,0.02038969995919615,966811,8.784,0,False,3.9,176.10000000000002,-44.139933486078014,0.0,0.0,0.0,65027
1789387971.393306,8.744024400017224,0.018414300051517785,966831,8.804,0,False,3.0,177.0,-48.87505892062533,0.0,0.0,0.0,65027
1789387971.4142835,8.765365300001577,0.02134089998435229,966851,8.824,0,False,2.1,177.89999999999998,-42.17254195745772,0.0,0.0,0.0,65027
1789387971.4349422,8.785692099947482,0.020326799945905805,966871,8.844,0,False,0.9,179.10000000000002,-59.03536233905283,0.0,0.0,0.0,65027
1789387971.453167,8.804390899953432,0.018698800005950034,966891,8.864,0,False,359.7,-179.7,-64.17524117152976,0.0,0.0,0.0,65027
1789387971.475911,8.826539800036699,0.0221489000832662,966911,8.884,0,False,358.8,-178.8,-40.63407196820305,0.0,0.0,0.0,65027
1789387971.4932096,8.844009299995378,0.01746949995867908,966932,8.905,0,False,357.6,-177.60000000000002,-68.69114759085092,0.0,0.0,0.0,65027
1789387971.5130472,8.863974699983373,0.019965399987995625,966952,8.925,0,False,356.7,-176.7,-45.0779849410063,0.0,0.0,0.0,65027
1789387971.5340166,8.88478770002257,0.020813000039197505,966972,8.945,0,False,355.8,-175.8,-43.24220431004616,0.0,0.0,0.0,65027
1789387971.5526948,8.904021100024693,0.019233400002121925,966992,8.965,0,False,354.9,-174.89999999999998,-46.7935986305459,0.0,0.0,0.0,65027
1789387971.574124,8.925296199973673,0.021275099948979914,967012,8.985,0,False,354.3,-174.3,-28.201982667006664,0.0,0.0,0.0,65027
1789387971.5935543,8.94446979998611,0.01917360001243651,967032,9.005,0,False,353.7,-173.7,-31.29302789308459,0.0,0.0,0.0,65027
1789387971.613461,8.964616099954583,0.020146299968473613,967052,9.025,0,False,353.4,-173.39999999999998,-14.891071833015147,0.0,0.0,0.0,65027
1789387971.6334913,8.984588199993595,0.01997210003901273,967073,9.046,0,False,353.1,-173.10000000000002,-15.020954201808827,0.0,0.0,0.0,65027
1789387971.6540964,9.00540199992247,0.020813799928873777,967093,9.066,0,False,352.8,-172.8,-14.413514160085626,0.0,0.0,0.0,65027
1789387971.6734772,9.024992399965413,0.019590400042943656,967113,9.086,0,False,352.8,-172.8,0.0,0.0,0.0,0.0,65027
1789387971.6931598,9.04452809994109,0.019535699975676835,967133,9.106,0,False,353.1,-173.10000000000002,15.356501193892724,0.0,0.0,0.0,65027
1789387971.712778,9.064078100025654,0.01955000008456409,967153,9.126,0,False,353.4,-173.39999999999998,15.34526847582076,0.0,0.0,0.0,65027
1789387971.7330506,9.084055799990892,0.01997769996523857,967173,9.146,0,False,353.7,-173.7,15.016743695321026,0.0,0.0,0.0,65027
1789387971.7531679,9.104081099969335,0.02002529997844249,967193,9.166,0,False,354.3,-174.3,29.96209797835393,0.0,0.0,0.0,65027
1789387971.7737591,9.125221099937335,0.021139999967999756,967214,9.187,0,False,354.9,-174.89999999999998,28.382213855638774,0.0,0.0,0.0,65027
1789387971.7933364,9.144469099934213,0.019247999996878207,967234,9.207,0,False,355.5,-175.5,31.172069830493324,0.0,0.0,0.0,65027
1789387971.8139503,9.164549099979922,0.020080000045709312,967254,9.227,0,False,356.1,-176.10000000000002,29.880478019631806,0.0,0.0,0.0,65027
1789387971.8338401,9.184527299948968,0.019978199969045818,967274,9.247,0,False,357.0,-177.0,45.04910359263775,0.0,0.0,0.0,65027
1789387971.8531291,9.204628299921751,0.02010099997278303,967294,9.267,0,False,357.6,-177.60000000000002,29.84926127120189,0.0,0.0,0.0,65027
1789387971.8733978,9.224825899931602,0.020197600009851158,967314,9.287,0,False,358.5,-178.5,44.559749651493846,0.0,0.0,0.0,65027
1789387971.8934128,9.244186299969442,0.01936040003784001,967335,9.308,0,False,359.4,-179.39999999999998,46.486642747098315,0.0,0.0,0.0,65027
1789387971.9129405,9.264071499928832,0.019885199959389865,967355,9.328,0,False,0.0,-180.0,30.173194195952778,0.0,0.0,0.0,65027
1789387971.933101,9.284110500011593,0.02003900008276105,967375,9.348,0,False,0.9,179.10000000000002,44.912420593992046,0.0,0.0,0.0,65027
1789387971.9525917,9.303901299950667,0.019790799939073622,967395,9.368,0,False,1.5,178.5,30.317117137614773,0.0,0.0,0.0,65027
1789387971.9738665,9.325386799988337,0.021485500037670135,967415,9.388,0,False,2.1,177.89999999999998,27.925810381328116,0.0,0.0,0.0,65027
1789387971.9933748,9.3449461000273,0.019559300038963556,967435,9.408,0,False,2.7,177.3,30.675944374530296,0.0,0.0,0.0,65027
1789387972.0131383,9.363979500019923,0.019033399992622435,967455,9.428,0,False,3.0,177.0,15.761766164547312,0.0,0.0,0.0,65027
1789387972.0334518,9.384585899999365,0.020606399979442358,967475,9.448,0,False,3.3,176.7,14.558583755498365,0.0,0.0,0.0,65027
1789387972.0543895,9.405729499994777,0.021143599995411932,967496,9.469,0,False,3.6,176.39999999999998,14.188690670704613,0.0,0.0,0.0,65027
1789387972.0760064,9.427295899949968,0.021566399955190718,967516,9.489,0,False,3.6,176.39999999999998,0.0,0.0,0.0,0.0,65027
1789387972.0952048,9.446321800001897,0.019025900051929057,967536,9.509,0,False,3.6,176.39999999999998,0.0,0.0,0.0,0.0,65027
1789387972.115372,9.46606729994528,0.019745499943383038,967556,9.529,0,False,3.6,176.39999999999998,0.0,0.0,0.0,0.0,65027
1789387972.1331313,9.484515800024383,0.018448500079102814,967576,9.549,0,False,3.6,176.39999999999998,0.0,0.0,0.0,0.0,65027
1789387972.1557395,9.506974500021897,0.022458699997514486,967596,9.569,0,False,3.3,176.7,-13.357852415020126,0.0,0.0,0.0,65027
1789387972.1746795,9.52609159995336,0.0191170999314636,967616,9.589,0,False,2.7,177.3,-31.385513605674735,0.0,0.0,0.0,65027
1789387972.193335,9.544635499943979,0.01854389999061823,967637,9.61,0,False,2.4,177.60000000000002,-16.177826678950385,0.0,0.0,0.0,65027
1789387972.2126098,9.563951299991459,0.01931580004747957,967657,9.63,0,False,2.1,177.89999999999998,-15.531326647749028,0.0,0.0,0.0,65027
1789387972.2332718,9.583894199924543,0.019942899933084846,967677,9.65,0,False,1.5,178.5,-30.085895331832212,0.0,0.0,0.0,65027
1789387972.2533183,9.604135200032033,0.020241000107489526,967697,9.67,0,False,1.2,178.8,-14.821402025930828,0.0,0.0,0.0,65027
1789387972.2749207,9.625841700006276,0.021706499974243343,967717,9.69,0,False,0.6,179.39999999999998,-27.64148990910311,0.0,0.0,0.0,65027
1789387972.2936993,9.64441780000925,0.018576100002974272,967737,9.71,0,False,0.0,-180.0,-32.29956771894675,0.0,0.0,0.0,65027
1789387972.3140905,9.664819199941121,0.0204013999318704,967757,9.73,0,False,359.7,-179.7,-14.70487324408088,0.0,0.0,0.0,65027
1789387972.3328762,9.683933999971487,0.019114800030365586,967778,9.751,0,False,359.1,-179.10000000000002,-31.389289924394276,0.0,0.0,0.0,65027
1789387972.3534522,9.704690299928188,0.020756299956701696,967798,9.771,0,False,358.5,-178.5,-28.906886162352727,0.0,0.0,0.0,65027
1789387972.374101,9.725494800019078,0.020804500090889633,967818,9.791,0,False,358.2,-178.2,-14.419957157796956,0.0,0.0,0.0,65027
1789387972.3933325,9.743979600025341,0.018484800006262958,967838,9.811,0,False,357.6,-177.60000000000002,-32.45910152107006,0.0,0.0,0.0,65027
1789387972.4138021,9.76453909999691,0.020559499971568584,967858,9.831,0,False,357.3,-177.3,-14.59179456771209,0.0,0.0,0.0,65027
1789387972.4336984,9.784495000028983,0.01995590003207326,967878,9.851,0,False,357.0,-177.0,-15.03314806738104,0.0,0.0,0.0,65027
1789387972.4538684,9.804956499952823,0.020461499923840165,967899,9.872,0,False,356.7,-176.7,-14.661681749463266,0.0,0.0,0.0,65027
1789387972.4740045,9.82504219992552,0.020085699972696602,967919,9.892,0,False,356.7,-176.7,0.0,0.0,0.0,0.0,65027
1789387972.4927452,9.844307899940759,0.019265700015239418,967939,9.912,0,False,356.7,-176.7,0.0,0.0,0.0,0.0,65027
1789387972.513767,9.864963499945588,0.020655600004829466,967959,9.932,0,False,356.7,-176.7,0.0,0.0,0.0,0.0,65027
1789387972.5323288,9.884124199976213,0.019160700030624866,967979,9.952,0,False,356.7,-176.7,0.0,0.0,0.0,0.0,65027
1789387972.5532641,9.90392970002722,0.019805500051006675,967999,9.972,0,False,356.7,-176.7,0.0,0.0,0.0,0.0,65027
1789387972.574552,9.925842799944803,0.021913099917583168,968019,9.992,0,False,356.7,-176.7,0.0,0.0,0.0,0.0,65027
1789387972.5934672,9.94439770001918,0.018554900074377656,968040,10.013,0,False,357.0,-177.0,16.168235818972665,0.0,0.0,0.0,65027
1789387972.6133585,9.964811999932863,0.020414299913682044,968060,10.033,0,False,357.3,-177.3,14.695581100919645,0.0,0.0,0.0,65027
1789387972.6336486,9.985095200012438,0.02028320007957518,968080,10.053,0,False,357.3,-177.3,0.0,0.0,0.0,0.0,65027
1789387972.65305,10.003938299953006,0.01884309994056821,968100,10.073,0,False,357.6,-177.60000000000002,15.920947240433993,0.0,0.0,0.0,65027
1789387972.6738641,10.024534699972719,0.020596400019712746,968120,10.093,0,False,357.9,-177.89999999999998,14.565652235964805,0.0,0.0,0.0,65027
1789387972.6940575,10.044881399953738,0.0203466999810189,968140,10.113,0,False,357.9,-177.89999999999998,0.0,0.0,0.0,0.0,65027
1789387972.7128952,10.063903799979016,0.01902240002527833,968161,10.134,0,False,357.9,-177.89999999999998,0.0,0.0,0.0,0.0,65027
1789387972.73318,10.084020099951886,0.020116299972869456,968181,10.154,0,False,358.2,-178.2,14.91327930109497,0.0,0.0,0.0,65027
1789387972.752453,10.104027100023814,0.020007000071927905,968201,10.174,0,False,358.2,-178.2,0.0,0.0,0.0,0.0,65027
1789387972.7741094,10.125205299933441,0.021178199909627438,968221,10.194,0,False,358.2,-178.2,0.0,0.0,0.0,0.0,65027
1789387972.793531,10.144229499972425,0.019024200038984418,968241,10.214,0,False,358.2,-178.2,0.0,0.0,0.0,0.0,65027
1789387972.813068,10.163964899955317,0.019735399982891977,968261,10.234,0,False,358.2,-178.2,0.0,0.0,0.0,0.0,65027
1789387972.8335228,10.184668299974874,0.020703400019556284,968281,10.254,0,False,358.2,-178.2,0.0,0.0,0.0,0.0,65027
1789387972.8548079,10.205828299978748,0.021160000003874302,968302,10.275,0,False,358.2,-178.2,0.0,0.0,0.0,0.0,65027
1789387972.8754282,10.226205999962986,0.02037769998423755,968322,10.295,0,False,358.2,-178.2,0.0,0.0,0.0,0.0,65027
1789387972.8944733,10.245073599973693,0.018867600010707974,968342,10.315,0,False,357.9,-177.89999999999998,-15.900273475680619,0.0,0.0,0.0,65027
1789387972.913045,10.264526200015098,0.019452600041404366,968362,10.335,0,False,357.9,-177.89999999999998,0.0,0.0,0.0,0.0,65027
1789387972.9331026,10.28414799994789,0.019621799932792783,968382,10.355,0,False,357.9,-177.89999999999998,0.0,0.0,0.0,0.0,65027
1789387972.9530458,10.303949899971485,0.0198019000235945,968402,10.375,0,False,357.9,-177.89999999999998,0.0,0.0,0.0,0.0,65027
1789387972.974215,10.325253800023347,0.021303900051862,968423,10.396,0,False,357.9,-177.89999999999998,0.0,0.0,0.0,0.0,65027
1789387972.9943438,10.345300999935716,0.02004719991236925,968443,10.416,0,False,357.9,-177.89999999999998,0.0,0.0,0.0,0.0,65027
1789387973.0133333,10.364196399925277,0.018895399989560246,968463,10.436,0,False,357.9,-177.89999999999998,0.0,0.0,0.0,0.0,65027
1789387973.0335112,10.38464009994641,0.020443700021132827,968483,10.456,0,False,357.9,-177.89999999999998,0.0,0.0,0.0,0.0,65027
1789387973.0531886,10.404005800024606,0.019365700078196824,968503,10.476,0,False,357.9,-177.89999999999998,0.0,0.0,0.0,0.0,65027
1789387973.0741973,10.424787599942647,0.020781799918040633,968523,10.496,0,False,357.9,-177.89999999999998,0.0,0.0,0.0,0.0,65027
1789387973.0936522,10.444418999948539,0.01963140000589192,968544,10.517,0,False,357.9,-177.89999999999998,0.0,0.0,0.0,0.0,65027
1789387973.1123009,10.463925899937749,0.01950689998921007,968564,10.537,0,False,357.9,-177.89999999999998,0.0,0.0,0.0,0.0,65027
1789387973.1323526,10.484167599934153,0.02024169999640435,968584,10.557,0,False,357.9,-177.89999999999998,0.0,0.0,0.0,0.0,65027
1789387973.1526902,10.503938199952245,0.0197706000180915,968604,10.577,0,False,357.9,-177.89999999999998,0.0,0.0,0.0,0.0,65027
1789387973.1733458,10.52469749993179,0.020759299979545176,968624,10.597,0,False,357.9,-177.89999999999998,0.0,0.0,0.0,0.0,65027
1789387973.1936767,10.54500249994453,0.020305000012740493,968644,10.617,0,False,357.9,-177.89999999999998,0.0,0.0,0.0,0.0,65027
1789387973.2132654,10.563984900014475,0.01898240006994456,968664,10.637,0,False,357.9,-177.89999999999998,0.0,0.0,0.0,0.0,65027
1789387973.2328465,10.583975699963048,0.019990799948573112,968685,10.658,0,False,357.9,-177.89999999999998,0.0,0.0,0.0,0.0,65027
1789387973.254458,10.605320599977858,0.021344900014810264,968705,10.678,0,False,357.9,-177.89999999999998,0.0,0.0,0.0,0.0,65027
1789387973.2750986,10.625899399979971,0.020578800002112985,968725,10.698,0,False,357.9,-177.89999999999998,0.0,0.0,0.0,0.0,65027
1789387973.2940702,10.645182800013572,0.01928340003360063,968745,10.718,0,False,357.9,-177.89999999999998,0.0,0.0,0.0,0.0,65027
1789387973.3130033,10.663961499929428,0.018778699915856123,968765,10.738,0,False,357.9,-177.89999999999998,0.0,0.0,0.0,0.0,65027
1789387973.3332558,10.683873299974948,0.019911800045520067,968785,10.758,0,False,357.9,-177.89999999999998,0.0,0.0,0.0,0.0,65027
1789387973.3537147,10.704573099967092,0.020699799992144108,968806,10.779,0,False,357.9,-177.89999999999998,0.0,0.0,0.0,0.0,65027
1789387973.373599,10.724639200023375,0.020066100056283176,968826,10.799,0,False,357.9,-177.89999999999998,0.0,0.0,0.0,0.0,65027
1789387973.3926847,10.74420650000684,0.01956729998346418,968846,10.819,0,False,357.9,-177.89999999999998,0.0,0.0,0.0,0.0,65027
1789387973.4143484,10.765381700010039,0.02117520000319928,968866,10.839,0,False,357.9,-177.89999999999998,0.0,0.0,0.0,0.0,65027
1789387973.433045,10.784548399969935,0.019166699959896505,968886,10.859,0,False,357.9,-177.89999999999998,0.0,0.0,0.0,0.0,65027
1789387973.4542615,10.805093299946748,0.020544899976812303,968906,10.879,0,False,357.9,-177.89999999999998,0.0,0.0,0.0,0.0,65027
1789387973.473688,10.824327199952677,0.019233900005929172,968927,10.9,0,False,357.9,-177.89999999999998,0.0,0.0,0.0,0.0,65027
1789387973.493738,10.845287199947052,0.02095999999437481,968947,10.92,0,False,357.9,-177.89999999999998,0.0,0.0,0.0,0.0,65027
1789387973.5136566,10.864638000028208,0.019350800081156194,968967,10.94,0,False,357.9,-177.89999999999998,0.0,0.0,0.0,0.0,65027
1789387973.5328908,10.88399030000437,0.019352299976162612,968987,10.96,0,False,357.9,-177.89999999999998,0.0,0.0,0.0,0.0,65027
1789387973.5539892,10.904753000009805,0.020762700005434453,969007,10.98,0,False,357.9,-177.89999999999998,0.0,0.0,0.0,0.0,65027
1789387973.5746465,10.925254700006917,0.020501699997112155,969027,11.0,0,False,357.9,-177.89999999999998,0.0,0.0,0.0,0.0,65027
1789387973.594426,10.945160400005989,0.019905699999071658,969048,11.021,0,False,357.9,-177.89999999999998,0.0,0.0,0.0,0.0,65027
1789387973.612508,10.964139299932867,0.018978899926878512,969068,11.041,0,False,357.9,-177.89999999999998,0.0,0.0,0.0,0.0,65027
1789387973.6333544,10.984667700016871,0.020528400084003806,969088,11.061,0,False,357.9,-177.89999999999998,0.0,0.0,0.0,0.0,65027
1789387973.6532893,11.004035599995404,0.019367899978533387,969108,11.081,0,False,357.9,-177.89999999999998,0.0,0.0,0.0,0.0,65027
1789387973.6750207,11.026057599927299,0.022021999931894243,969128,11.101,0,False,357.9,-177.89999999999998,0.0,0.0,0.0,0.0,65027
1789387973.694162,11.045273800031282,0.019216200103983283,969148,11.121,0,False,357.9,-177.89999999999998,0.0,0.0,0.0,0.0,65027
1789387973.7138793,11.064691299921833,0.01941749989055097,969168,11.141,0,False,357.9,-177.89999999999998,0.0,0.0,0.0,0.0,65027
1789387973.7332773,11.0838994999649,0.019208200043067336,969189,11.162,0,False,357.9,-177.89999999999998,0.0,0.0,0.0,0.0,65027
1789387973.7535877,11.104208200005814,0.02030870004091412,969209,11.182,0,False,357.9,-177.89999999999998,0.0,0.0,0.0,0.0,65027
1789387973.7749555,11.125727799953893,0.021519599948078394,969229,11.202,0,False,357.9,-177.89999999999998,0.0,0.0,0.0,0.0,65027
1789387973.7931888,11.144190700026229,0.018462900072336197,969249,11.222,0,False,357.9,-177.89999999999998,0.0,0.0,0.0,0.0,65027
1789387973.8127513,11.164311600034125,0.020120900007896125,969269,11.242,0,False,357.9,-177.89999999999998,0.0,0.0,0.0,0.0,65027
1789387973.832882,11.183869899949059,0.01955829991493374,969290,11.263,0,False,357.9,-177.89999999999998,0.0,0.0,0.0,0.0,65027
1789387973.852965,11.204016600036994,0.020146700087934732,969310,11.283,0,False,357.9,-177.89999999999998,0.0,0.0,0.0,0.0,65027
1789387973.8735304,11.224328999989666,0.020312399952672422,969330,11.303,0,False,357.9,-177.89999999999998,0.0,0.0,0.0,0.0,65027
1789387973.893475,11.244180999929085,0.01985199993941933,969350,11.323,0,False,357.9,-177.89999999999998,0.0,0.0,0.0,0.0,65027
1789387973.9136424,11.26458369998727,0.020402700058184564,969370,11.343,0,False,357.9,-177.89999999999998,0.0,0.0,0.0,0.0,65027
1789387973.9340248,11.284769300022162,0.02018560003489256,969390,11.363,0,False,357.9,-177.89999999999998,0.0,0.0,0.0,0.0,65027
1789387973.9524093,11.30388529994525,0.019115999923087656,969410,11.383,0,False,357.9,-177.89999999999998,0.0,0.0,0.0,0.0,65027
1789387973.9740157,11.324938399950042,0.021053100004792213,969431,11.404,0,False,357.9,-177.89999999999998,0.0,0.0,0.0,0.0,65027
1789387973.9941032,11.344902999931946,0.01996459998190403,969451,11.424,0,False,357.9,-177.89999999999998,0.0,0.0,0.0,0.0,65027
1789387974.0122666,11.36406429996714,0.019161300035193563,969471,11.444,0,False,357.9,-177.89999999999998,0.0,0.0,0.0,0.0,65027
1789387974.0333085,11.384398599970154,0.020334300003014505,969491,11.464,0,False,357.9,-177.89999999999998,0.0,0.0,0.0,0.0,65027
1789387974.0530274,11.403900100034662,0.019501500064507127,969511,11.484,0,False,357.9,-177.89999999999998,0.0,0.0,0.0,0.0,65027
1789387974.0731397,11.424265299923718,0.020365199889056385,969531,11.504,0,False,357.9,-177.89999999999998,0.0,0.0,0.0,0.0,65027
1789387974.0935054,11.444465799955651,0.02020050003193319,969552,11.525,0,False,357.9,-177.89999999999998,0.0,0.0,0.0,0.0,65027
1789387974.1130338,11.463910299935378,0.01944449997972697,969572,11.545,0,False,357.9,-177.89999999999998,0.0,0.0,0.0,0.0,65027
1789387974.1331232,11.484963199938647,0.021052900003269315,969592,11.565,0,False,357.9,-177.89999999999998,0.0,0.0,0.0,0.0,65027
1789387974.1525748,11.503988899989054,0.019025700050406158,969612,11.585,0,False,357.9,-177.89999999999998,0.0,0.0,0.0,0.0,65027
1789387974.1737895,11.524611699976958,0.020622799987904727,969632,11.605,0,False,357.9,-177.89999999999998,0.0,0.0,0.0,0.0,65027
1789387974.1934624,11.544787999941036,0.02017629996407777,969652,11.625,0,False,357.9,-177.89999999999998,0.0,0.0,0.0,0.0,65027
1789387974.2130272,11.563997499994002,0.019209500052966177,969673,11.646,0,False,357.9,-177.89999999999998,0.0,0.0,0.0,0.0,65027
1789387974.233571,11.584499799995683,0.02050230000168085,969693,11.666,0,False,357.9,-177.89999999999998,0.0,0.0,0.0,0.0,65027
1789387974.253199,11.60392869997304,0.019428899977356195,969713,11.686,0,False,357.9,-177.89999999999998,0.0,0.0,0.0,0.0,65027
1789387974.2735467,11.624492999981157,0.020564300008118153,969733,11.706,0,False,357.9,-177.89999999999998,0.0,0.0,0.0,0.0,65027
1789387974.2927217,11.64420879993122,0.01971579995006323,969753,11.726,0,False,357.9,-177.89999999999998,0.0,0.0,0.0,0.0,65027
1789387974.3127077,11.663898100028746,0.01968930009752512,969773,11.746,0,False,357.9,-177.89999999999998,0.0,0.0,0.0,0.0,65027
1789387974.3332732,11.684138600016013,0.020240499987266958,969794,11.767,0,False,357.9,-177.89999999999998,0.0,0.0,0.0,0.0,65027
1789387974.3528304,11.703856999985874,0.01971839996986091,969814,11.787,0,False,357.9,-177.89999999999998,0.0,0.0,0.0,0.0,65027
1789387974.374009,11.72474149998743,0.02088450000155717,969834,11.807,0,False,357.9,-177.89999999999998,0.0,0.0,0.0,0.0,65027
1789387974.3941612,11.744810099946335,0.020068599958904088,969854,11.827,0,False,357.9,-177.89999999999998,0.0,0.0,0.0,0.0,65027
1789387974.4132855,11.76458650000859,0.01977640006225556,969874,11.847,0,False,357.9,-177.89999999999998,0.0,0.0,0.0,0.0,65027
1789387974.4330888,11.783993599936366,0.019407099927775562,969894,11.867,0,False,357.9,-177.89999999999998,0.0,0.0,0.0,0.0,65027
1789387974.4542613,11.805193400010467,0.021199800074100494,969915,11.888,0,False,357.9,-177.89999999999998,0.0,0.0,0.0,0.0,65027
1789387974.4746144,11.825989100034349,0.02079570002388209,969935,11.908,0,False,357.9,-177.89999999999998,0.0,0.0,0.0,0.0,65027
1789387974.4937263,11.844571399968117,0.01858229993376881,969955,11.928,0,False,357.9,-177.89999999999998,0.0,0.0,0.0,0.0,65027
1789387974.5123932,11.863921799929813,0.019350399961695075,969975,11.948,0,False,357.9,-177.89999999999998,0.0,0.0,0.0,0.0,65027
1789387974.532222,11.88393469993025,0.020012900000438094,969995,11.968,0,False,357.9,-177.89999999999998,0.0,0.0,0.0,0.0,65027
1789387974.5534296,11.904095000005327,0.02016030007507652,970015,11.988,0,False,357.9,-177.89999999999998,0.0,0.0,0.0,0.0,65027
1789387974.57473,11.926040099933743,0.021945099928416312,970035,12.008,0,False,357.9,-177.89999999999998,0.0,0.0,0.0,0.0,65027
1789387974.59398,11.945383599959314,0.019343500025570393,970056,12.029,0,False,357.9,-177.89999999999998,0.0,0.0,0.0,0.0,65027
1789387974.6135433,11.965057299938053,0.019673699978739023,970076,12.049,0,False,357.9,-177.89999999999998,0.0,0.0,0.0,0.0,65027
1789387974.6342032,11.985165199963376,0.020107900025323033,970096,12.069,0,False,357.9,-177.89999999999998,0.0,0.0,0.0,0.0,65027
1789387974.6549258,12.005601499928162,0.020436299964785576,970116,12.089,0,False,357.9,-177.89999999999998,0.0,0.0,0.0,0.0,65027
1789387974.6735604,12.024194699944928,0.018593200016766787,970136,12.109,0,False,357.9,-177.89999999999998,0.0,0.0,0.0,0.0,65027
1789387974.6928692,12.044118899968453,0.019924200023524463,970157,12.13,0,False,357.9,-177.89999999999998,0.0,0.0,0.0,0.0,65027
1789387974.713184,12.064519400009885,0.02040050004143268,970177,12.15,0,False,357.9,-177.89999999999998,0.0,0.0,0.0,0.0,65027
1789387974.732537,12.083854399970733,0.0193349999608472,970197,12.17,0,False,357.9,-177.89999999999998,0.0,0.0,0.0,0.0,65027
1789387974.7532516,12.104302800027654,0.020448400056920946,970217,12.19,0,False,357.9,-177.89999999999998,0.0,0.0,0.0,0.0,65027
1789387974.7733364,12.124772600014694,0.02046979998704046,970237,12.21,0,False,357.9,-177.89999999999998,0.0,0.0,0.0,0.0,65027
1789387974.792909,12.144292699988,0.01952009997330606,970257,12.23,0,False,357.9,-177.89999999999998,0.0,0.0,0.0,0.0,65027
1789387974.8135068,12.164250999921933,0.01995829993393272,970278,12.251,0,False,357.9,-177.89999999999998,0.0,0.0,0.0,0.0,65027
1789387974.833127,12.184068099944852,0.019817100022919476,970298,12.271,0,False,357.9,-177.89999999999998,0.0,0.0,0.0,0.0,65027
1789387974.8531826,12.203834599931724,0.019766499986872077,970318,12.291,0,False,357.9,-177.89999999999998,0.0,0.0,0.0,0.0,65027
1789387974.8745875,12.226097999955527,0.022263400023803115,970338,12.311,0,False,357.9,-177.89999999999998,0.0,0.0,0.0,0.0,65027
1789387974.8960264,12.24686129996553,0.02076330001000315,970358,12.331,0,False,357.9,-177.89999999999998,0.0,0.0,0.0,0.0,65027
1789387974.9133742,12.264699499937706,0.01783819997217506,970379,12.352,0,False,357.9,-177.89999999999998,0.0,0.0,0.0,0.0,65027
1789387974.9333255,12.284488799981773,0.019789300044067204,970398,12.371,0,False,357.9,-177.89999999999998,0.0,0.0,0.0,0.0,65027
1789387974.952848,12.304035499924794,0.01954669994302094,970419,12.392,0,False,357.9,-177.89999999999998,0.0,0.0,0.0,0.0,65027
1789387974.9735081,12.324685300001875,0.020649800077080727,970439,12.412,0,False,357.9,-177.89999999999998,0.0,0.0,0.0,0.0,65027
1789387974.9943967,12.345413799979724,0.020728499977849424,970459,12.432,0,False,357.9,-177.89999999999998,0.0,0.0,0.0,0.0,65027
1789387975.0130677,12.36399799992796,0.018584199948236346,970479,12.452,0,False,357.9,-177.89999999999998,0.0,0.0,0.0,0.0,65027
1789387975.0329878,12.3847976999823,0.020799700054340065,970499,12.472,0,False,357.9,-177.89999999999998,0.0,0.0,0.0,0.0,65027
1789387975.0542662,12.405627000029199,0.020829300046898425,970519,12.492,0,False,357.9,-177.89999999999998,0.0,0.0,0.0,0.0,65027
1789387975.0739076,12.425303000025451,0.019675999996252358,970540,12.513,0,False,357.9,-177.89999999999998,0.0,0.0,0.0,0.0,65027
1789387975.0947886,12.445616099983454,0.020313099958002567,970560,12.533,0,False,357.9,-177.89999999999998,0.0,0.0,0.0,0.0,65027
1789387975.1138139,12.46494969993364,0.019333599950186908,970580,12.553,0,False,357.9,-177.89999999999998,0.0,0.0,0.0,0.0,65027
1789387975.1345775,12.485459299990907,0.020509600057266653,970600,12.573,0,False,357.9,-177.89999999999998,0.0,0.0,0.0,0.0,65027
1789387975.1552963,12.506701899925247,0.021242599934339523,970620,12.593,0,False,357.9,-177.89999999999998,0.0,0.0,0.0,0.0,65027
1789387975.1748714,12.526343800011091,0.0196419000858441,970640,12.613,0,False,357.9,-177.89999999999998,0.0,0.0,0.0,0.0,65027
1789387975.1941695,12.54486529994756,0.0185214999364689,970661,12.634,0,False,357.9,-177.89999999999998,0.0,0.0,0.0,0.0,65027
1789387975.2136855,12.564359899959527,0.019494600011967123,970681,12.654,0,False,357.9,-177.89999999999998,0.0,0.0,0.0,0.0,65027
1789387975.2344356,12.585698899929412,0.021338999969884753,970701,12.674,0,False,357.9,-177.89999999999998,0.0,0.0,0.0,0.0,65027
1789387975.2530227,12.604125499958172,0.01842660002876073,970721,12.694,0,False,357.9,-177.89999999999998,0.0,0.0,0.0,0.0,65027
1789387975.2743661,12.62519239995163,0.0210668999934569,970741,12.714,0,False,357.9,-177.89999999999998,0.0,0.0,0.0,0.0,65027
1789387975.2940602,12.64471040002536,0.019518000073730946,970761,12.734,0,False,357.9,-177.89999999999998,0.0,0.0,0.0,0.0,65027
1789387975.313793,12.664501299965195,0.01979089993983507,970781,12.754,0,False,357.9,-177.89999999999998,0.0,0.0,0.0,0.0,65027
1789387975.3340402,12.684812400024384,0.020311100059188902,970802,12.775,0,False,357.9,-177.89999999999998,0.0,0.0,0.0,0.0,65027
1789387975.3526368,12.704026299994439,0.019213899970054626,970822,12.795,0,False,357.9,-177.89999999999998,0.0,0.0,0.0,0.0,65027
1789387975.374209,12.724903299938887,0.02087699994444847,970842,12.815,0,False,357.9,-177.89999999999998,0.0,0.0,0.0,0.0,65027
1789387975.3943212,12.744969299994409,0.020066000055521727,970862,12.835,0,False,357.9,-177.89999999999998,0.0,0.0,0.0,0.0,65027
1789387975.413995,12.765102799981833,0.02013349998742342,970882,12.855,0,False,357.9,-177.89999999999998,0.0,0.0,0.0,0.0,65027
1789387975.433761,12.784925099927932,0.01982229994609952,970902,12.875,0,False,357.9,-177.89999999999998,0.0,0.0,0.0,0.0,65027
1789387975.4546905,12.806050100014545,0.021125000086613,970923,12.896,0,False,357.9,-177.89999999999998,0.0,0.0,0.0,0.0,65027
1789387975.4747388,12.82547409995459,0.019423999940045178,970943,12.916,0,False,357.9,-177.89999999999998,0.0,0.0,0.0,0.0,65027
1789387975.4943979,12.845552199985832,0.020078100031241775,970963,12.936,0,False,357.9,-177.89999999999998,0.0,0.0,0.0,0.0,65027
1789387975.5141697,12.864885099930689,0.019332899944856763,970983,12.956,0,False,357.9,-177.89999999999998,0.0,0.0,0.0,0.0,65027
1789387975.5339072,12.885007599950768,0.020122500020079315,971003,12.976,0,False,357.9,-177.89999999999998,0.0,0.0,0.0,0.0,65027
1789387975.554947,12.90601199993398,0.021004399983212352,971023,12.996,0,False,357.9,-177.89999999999998,0.0,0.0,0.0,0.0,65027
1789387975.574455,12.925525499973446,0.019513500039465725,971043,13.016,0,False,357.9,-177.89999999999998,0.0,0.0,0.0,0.0,65027
1789387975.5944755,12.945366299943998,0.019840799970552325,971064,13.037,0,False,357.9,-177.89999999999998,0.0,0.0,0.0,0.0,65027
1789387975.613343,12.964146299986169,0.018780000042170286,971084,13.057,0,False,357.9,-177.89999999999998,0.0,0.0,0.0,0.0,65027
1789387975.6329656,12.98398629995063,0.01983999996446073,971104,13.077,0,False,357.9,-177.89999999999998,0.0,0.0,0.0,0.0,65027
1789387975.65361,13.0046474999981,0.02066120004747063,971124,13.097,0,False,357.9,-177.89999999999998,0.0,0.0,0.0,0.0,65027
1789387975.6738691,13.024684599949978,0.02003709995187819,971144,13.117,0,False,357.9,-177.89999999999998,0.0,0.0,0.0,0.0,65027
1789387975.6951072,13.04578849999234,0.02110390004236251,971164,13.137,0,False,357.9,-177.89999999999998,0.0,0.0,0.0,0.0,65027
1789387975.7150748,13.065741200000048,0.01995270000770688,971185,13.158,0,False,357.9,-177.89999999999998,0.0,0.0,0.0,0.0,65027
1789387975.7336552,13.084588299971074,0.018847099971026182,971205,13.178,0,False,357.9,-177.89999999999998,0.0,0.0,0.0,0.0,65027
1789387975.753223,13.104444299940951,0.019855999969877303,971225,13.198,0,False,357.9,-177.89999999999998,0.0,0.0,0.0,0.0,65027
1789387975.7767086,13.127379199955612,0.022934900014661252,971245,13.218,0,False,357.9,-177.89999999999998,0.0,0.0,0.0,0.0,65027
1789387975.7954466,13.146150399930775,0.018771199975162745,971265,13.238,0,False,357.9,-177.89999999999998,0.0,0.0,0.0,0.0,65027
1789387975.8144188,13.166011299937963,0.01986090000718832,971285,13.258,0,False,357.9,-177.89999999999998,0.0,0.0,0.0,0.0,65027
1789387975.8340685,13.18542500003241,0.01941370009444654,971305,13.278,0,False,357.9,-177.89999999999998,0.0,0.0,0.0,0.0,65027
1789387975.855688,13.207116700010374,0.021691699977964163,971326,13.299,0,False,357.9,-177.89999999999998,0.0,0.0,0.0,0.0,65027
1789387975.8755186,13.226557399961166,0.019440699950791895,971346,13.319,0,False,357.9,-177.89999999999998,0.0,0.0,0.0,0.0,65027
1789387975.8936493,13.244659699965268,0.01810230000410229,971366,13.339,0,False,357.9,-177.89999999999998,0.0,0.0,0.0,0.0,65027
1789387975.91377,13.264387000002898,0.019727300037629902,971386,13.359,0,False,357.9,-177.89999999999998,0.0,0.0,0.0,0.0,65027
1789387975.9330764,13.284102399949916,0.01971539994701743,971406,13.379,0,False,357.9,-177.89999999999998,0.0,0.0,0.0,0.0,65027
1789387975.9538782,13.305089100031182,0.020986700081266463,971426,13.399,0,False,357.9,-177.89999999999998,0.0,0.0,0.0,0.0,65027
1789387975.9746273,13.326614400022663,0.021525299991481006,971446,13.419,0,False,357.9,-177.89999999999998,0.0,0.0,0.0,0.0,65027
1789387975.995167,13.345948099973612,0.019333699950948358,971467,13.44,0,False,357.9,-177.89999999999998,0.0,0.0,0.0,0.0,65027
1789387976.0146403,13.365535199991427,0.01958710001781583,971487,13.46,0,False,357.9,-177.89999999999998,0.0,0.0,0.0,0.0,65027
1789387976.0341983,13.385045100003481,0.01950990001205355,971507,13.48,0,False,357.9,-177.89999999999998,0.0,0.0,0.0,0.0,65027
1789387976.055737,13.40701630001422,0.021971200010739267,971527,13.5,0,False,357.9,-177.89999999999998,0.0,0.0,0.0,0.0,65027
1789387976.0760403,13.426782099995762,0.01976579998154193,971547,13.52,0,False,357.9,-177.89999999999998,0.0,0.0,0.0,0.0,65027
1789387976.0935485,13.445784999988973,0.01900289999321103,971567,13.54,0,False,357.9,-177.89999999999998,0.0,0.0,0.0,0.0,65027
1789387976.1143858,13.465294199995697,0.019509200006723404,971588,13.561,0,False,357.9,-177.89999999999998,0.0,0.0,0.0,0.0,65027
1789387976.1355982,13.486413999926299,0.021119799930602312,971608,13.581,0,False,357.9,-177.89999999999998,0.0,0.0,0.0,0.0,65027
1789387976.154455,13.506010700017214,0.019596700090914965,971628,13.601,0,False,357.9,-177.89999999999998,0.0,0.0,0.0,0.0,65027
1789387976.1761332,13.52692830003798,0.020917600020766258,971648,13.621,0,False,357.9,-177.89999999999998,0.0,0.0,0.0,0.0,65027
1789387976.1955824,13.546788100036792,0.019859799998812377,971668,13.641,0,False,357.9,-177.89999999999998,0.0,0.0,0.0,0.0,65027
1789387976.213314,13.56455360003747,0.017765500000678003,971688,13.661,0,False,357.9,-177.89999999999998,0.0,0.0,0.0,0.0,65027
1789387976.2344668,13.585594399948604,0.021040799911133945,971708,13.681,0,False,357.9,-177.89999999999998,0.0,0.0,0.0,0.0,65027
1789387976.25361,13.605003600008786,0.01940920006018132,971729,13.702,0,False,357.9,-177.89999999999998,0.0,0.0,0.0,0.0,65027
1789387976.2758803,13.626666900003329,0.021663299994543195,971749,13.722,0,False,357.9,-177.89999999999998,0.0,0.0,0.0,0.0,65027
1789387976.29411,13.646068900008686,0.019402000005356967,971769,13.742,0,False,357.9,-177.89999999999998,0.0,0.0,0.0,0.0,65027
1789387976.3148973,13.665778400027193,0.019709500018507242,971789,13.762,0,False,357.9,-177.89999999999998,0.0,0.0,0.0,0.0,65027
1789387976.3347125,13.685895500006154,0.02011709997896105,971809,13.782,0,False,357.9,-177.89999999999998,0.0,0.0,0.0,0.0,65027
1789387976.3555055,13.70610960002523,0.020214100019074976,971829,13.802,0,False,357.9,-177.89999999999998,0.0,0.0,0.0,0.0,65027
1789387976.3755882,13.726628500036895,0.02051890001166612,971849,13.822,0,False,357.9,-177.89999999999998,0.0,0.0,0.0,0.0,65027
1789387976.3960931,13.747041499940678,0.020412999903783202,971870,13.843,0,False,357.9,-177.89999999999998,0.0,0.0,0.0,0.0,65027
1789387976.4144082,13.765733200008981,0.018691700068302453,971890,13.863,0,False,357.9,-177.89999999999998,0.0,0.0,0.0,0.0,65027
1789387976.4358108,13.786493099993095,0.020759899984113872,971910,13.883,0,False,357.9,-177.89999999999998,0.0,0.0,0.0,0.0,65027
1789387976.4541678,13.80486919998657,0.01837609999347478,971930,13.903,0,False,357.9,-177.89999999999998,0.0,0.0,0.0,0.0,65027
1789387976.4752274,13.825958200031891,0.021089000045321882,971950,13.923,0,False,357.9,-177.89999999999998,0.0,0.0,0.0,0.0,65027
1789387976.4954898,13.846120200003497,0.020161999971605837,971970,13.943,0,False,357.9,-177.89999999999998,0.0,0.0,0.0,0.0,65027
1789387976.5146406,13.866275299922563,0.020155099919065833,971991,13.964,0,False,357.9,-177.89999999999998,0.0,0.0,0.0,0.0,65027
1789387976.5444257,13.89555539994035,0.029280100017786026,972011,13.984,0,False,357.9,-177.89999999999998,0.0,0.0,0.0,0.0,65027
1789387976.563039,13.913980199955404,0.018424800015054643,972039,14.012,0,False,357.9,-177.89999999999998,0.0,0.0,0.0,0.0,65027
1789387976.5761564,13.92757860000711,0.01359840005170554,972051,14.024,0,False,357.9,-177.89999999999998,0.0,0.0,0.0,0.0,65027
1789387976.59679,13.9481748000253,0.020596200018189847,972071,14.044,0,False,357.9,-177.89999999999998,0.0,0.0,0.0,0.0,65027
1789387976.6155837,13.96634569996968,0.018170899944379926,972091,14.064,0,False,357.9,-177.89999999999998,0.0,0.0,0.0,0.0,65027
1789387976.639673,13.990961599978618,0.024615900008939207,972115,14.088,0,False,357.9,-177.89999999999998,0.0,0.0,0.0,0.0,65027
1789387976.655664,14.006263799965382,0.015302199986763299,972132,14.105,0,False,357.9,-177.89999999999998,0.0,0.0,0.0,0.0,65027
1789387976.6758428,14.026567499968223,0.02030370000284165,972152,14.125,0,False,357.9,-177.89999999999998,0.0,0.0,0.0,0.0,65027
1789387976.6949222,14.046025999938138,0.019458499969914556,972172,14.145,0,False,357.9,-177.89999999999998,0.0,0.0,0.0,0.0,65027
1789387976.7143905,14.065464499988593,0.019438500050455332,972192,14.165,0,False,357.9,-177.89999999999998,0.0,0.0,0.0,0.0,65027
1789387976.7335477,14.084743599989451,0.019279100000858307,972212,14.185,0,False,357.9,-177.89999999999998,0.0,0.0,0.0,0.0,65027
1789387976.7551029,14.10603349993471,0.021289899945259094,972232,14.205,0,False,357.9,-177.89999999999998,0.0,0.0,0.0,0.0,65027
1789387976.7763934,14.127821099944413,0.021787600009702146,972252,14.225,0,False,357.9,-177.89999999999998,0.0,0.0,0.0,0.0,65027
1789387976.7939625,14.14465689996723,0.016835800022818148,972273,14.246,0,False,357.9,-177.89999999999998,0.0,0.0,0.0,0.0,65027
1789387976.8134096,14.164292700006627,0.01963580003939569,972293,14.266,0,False,357.9,-177.89999999999998,0.0,0.0,0.0,0.0,65027
1789387976.8335125,14.184153100010008,0.019860400003381073,972313,14.286,0,False,357.9,-177.89999999999998,0.0,0.0,0.0,0.0,65027
1789387976.8535943,14.204393799998797,0.020240699988789856,972333,14.306,0,False,357.9,-177.89999999999998,0.0,0.0,0.0,0.0,65027
1789387976.8742578,14.225704499986023,0.021310699987225235,972353,14.326,0,False,357.9,-177.89999999999998,0.0,0.0,0.0,0.0,65027
1789387976.8933525,14.24442799994722,0.018723499961197376,972373,14.346,0,False,357.9,-177.89999999999998,0.0,0.0,0.0,0.0,65027
1789387976.913608,14.264600299997255,0.02017230005003512,972393,14.366,0,False,357.9,-177.89999999999998,0.0,0.0,0.0,0.0,65027
1789387976.9344552,14.285345099982806,0.020744799985550344,972414,14.387,0,False,357.9,-177.89999999999998,0.0,0.0,0.0,0.0,65027
1789387976.9546373,14.30524749995675,0.01990239997394383,972434,14.407,0,False,357.9,-177.89999999999998,0.0,0.0,0.0,0.0,65027
1789387976.9757676,14.32659790001344,0.021350400056689978,972454,14.427,0,False,357.9,-177.89999999999998,0.0,0.0,0.0,0.0,65027
1789387976.993539,14.344968999968842,0.018371099955402315,972474,14.447,0,False,357.9,-177.89999999999998,0.0,0.0,0.0,0.0,65027
1789387977.0146806,14.365482699940912,0.020513699972070754,972494,14.467,0,False,357.9,-177.89999999999998,0.0,0.0,0.0,0.0,65027
1789387977.034739,14.385739299934357,0.02025659999344498,972514,14.487,0,False,357.9,-177.89999999999998,0.0,0.0,0.0,0.0,65027
1789387977.0555341,14.406299800029956,0.0205605000955984,972535,14.508,0,False,357.9,-177.89999999999998,0.0,0.0,0.0,0.0,65027
1789387977.0741675,14.425390399992466,0.01909059996251017,972555,14.528,0,False,357.9,-177.89999999999998,0.0,0.0,0.0,0.0,65027
1789387977.0934987,14.444362799986266,0.018972399993799627,972575,14.548,0,False,357.9,-177.89999999999998,0.0,0.0,0.0,0.0,65027
1789387977.1129162,14.464696299983189,0.02033349999692291,972595,14.568,0,False,357.9,-177.89999999999998,0.0,0.0,0.0,0.0,65027
1789387977.133476,14.48430280003231,0.019606500049121678,972615,14.588,0,False,357.9,-177.89999999999998,0.0,0.0,0.0,0.0,65027
1789387977.153541,14.504538899986073,0.020236099953763187,972635,14.608,0,False,357.9,-177.89999999999998,0.0,0.0,0.0,0.0,65027
1789387977.1759315,14.526620500022545,0.022081600036472082,972656,14.629,0,False,357.9,-177.89999999999998,0.0,0.0,0.0,0.0,65027
1789387977.1930368,14.544415800017305,0.01779529999475926,972676,14.649,0,False,357.9,-177.89999999999998,0.0,0.0,0.0,0.0,65027
1789387977.2138805,14.564885800005868,0.02046999998856336,972696,14.669,0,False,357.9,-177.89999999999998,0.0,0.0,0.0,0.0,65027
1789387977.2335045,14.584308399935253,0.019422599929384887,972716,14.689,0,False,357.9,-177.89999999999998,0.0,0.0,0.0,0.0,65027
1789387977.2536228,14.60430699994322,0.01999860000796616,972736,14.709,0,False,357.9,-177.89999999999998,0.0,0.0,0.0,0.0,65027
1789387977.2753987,14.62613320001401,0.021826200070790946,972756,14.729,0,False,357.9,-177.89999999999998,0.0,0.0,0.0,0.0,65027
1789387977.2932336,14.644114300026558,0.017981100012548268,972776,14.749,0,False,357.9,-177.89999999999998,0.0,0.0,0.0,0.0,65027
1789387977.313656,14.664282799931243,0.020168499904684722,972797,14.77,0,False,357.9,-177.89999999999998,0.0,0.0,0.0,0.0,65027
1789387977.3338761,14.685020399978384,0.020737600047141314,972817,14.79,0,False,357.9,-177.89999999999998,0.0,0.0,0.0,0.0,65027
1789387977.3529282,14.703911199932918,0.018890799954533577,972837,14.81,0,False,357.9,-177.89999999999998,0.0,0.0,0.0,0.0,65027
1789387977.3755362,14.726578300003894,0.02266710007097572,972857,14.83,0,False,357.9,-177.89999999999998,0.0,0.0,0.0,0.0,65027
1789387977.3941324,14.745057699969038,0.018479399965144694,972877,14.85,0,False,357.9,-177.89999999999998,0.0,0.0,0.0,0.0,65027
1789387977.4134629,14.765004399931058,0.01994669996201992,972897,14.87,0,False,357.9,-177.89999999999998,0.0,0.0,0.0,0.0,65027
1789387977.4337754,14.784984900034033,0.019980500102974474,972918,14.891,0,False,357.9,-177.89999999999998,0.0,0.0,0.0,0.0,65027
1789387977.453047,14.80424279998988,0.01925789995584637,972938,14.911,0,False,357.9,-177.89999999999998,0.0,0.0,0.0,0.0,65027
1789387977.47468,14.825830199988559,0.021587399998679757,972958,14.931,0,False,357.9,-177.89999999999998,0.0,0.0,0.0,0.0,65027
1789387977.4932866,14.844405699986964,0.018575499998405576,972978,14.951,0,False,357.9,-177.89999999999998,0.0,0.0,0.0,0.0,65027
1789387977.5124192,14.863980900030583,0.01957520004361868,972998,14.971,0,False,357.9,-177.89999999999998,0.0,0.0,0.0,0.0,65027
1789387977.533278,14.884491999982856,0.02051109995227307,973018,14.991,0,False,357.9,-177.89999999999998,0.0,0.0,0.0,0.0,65027
1789387977.5528865,14.904096700018272,0.01960470003541559,973038,15.011,0,False,357.9,-177.89999999999998,0.0,0.0,0.0,0.0,65027
1789387977.5756457,14.926235100021586,0.022138400003314018,973059,15.032,0,False,357.9,-177.89999999999998,0.0,0.0,0.0,0.0,65027
1789387977.5933821,14.944586399942636,0.018351299921050668,973079,15.052,0,False,357.9,-177.89999999999998,0.0,0.0,0.0,0.0,65027
1789387977.6148365,14.96569759992417,0.02111119998153299,973099,15.072,0,False,357.9,-177.89999999999998,0.0,0.0,0.0,0.0,65027
1789387977.6342797,14.984917299938388,0.019219700014218688,973119,15.092,0,False,357.9,-177.89999999999998,0.0,0.0,0.0,0.0,65027
1789387977.6526043,15.004042899934575,0.019125599996186793,973139,15.112,0,False,357.9,-177.89999999999998,0.0,0.0,0.0,0.0,65027
1789387977.6744173,15.025676399935037,0.021633500000461936,973159,15.132,0,False,357.9,-177.89999999999998,0.0,0.0,0.0,0.0,65027
1789387977.6940129,15.044809199986048,0.019132800051011145,973180,15.153,0,False,357.9,-177.89999999999998,0.0,0.0,0.0,0.0,65027
1789387977.713815,15.064854299998842,0.020045100012794137,973200,15.173,0,False,357.9,-177.89999999999998,0.0,0.0,0.0,0.0,65027
1789387977.7334905,15.084441400016658,0.01958710001781583,973220,15.193,0,False,357.9,-177.89999999999998,0.0,0.0,0.0,0.0,65027
1789387977.753319,15.104737999965437,0.02029659994877875,973240,15.213,0,False,357.9,-177.89999999999998,0.0,0.0,0.0,0.0,65027
1789387977.7745156,15.125732999993488,0.020995000028051436,973260,15.233,0,False,357.9,-177.89999999999998,0.0,0.0,0.0,0.0,65027
1789387977.7934856,15.144465400022455,0.018732400028966367,973280,15.253,0,False,357.9,-177.89999999999998,0.0,0.0,0.0,0.0,65027
1789387977.814337,15.165250199963339,0.020784799940884113,973300,15.273,0,False,357.9,-177.89999999999998,0.0,0.0,0.0,0.0,65027
1789387977.8322713,15.183889099978842,0.018638900015503168,973321,15.294,0,False,357.9,-177.89999999999998,0.0,0.0,0.0,0.0,65027
1789387977.8535838,15.204947300022468,0.02105820004362613,973341,15.314,0,False,357.9,-177.89999999999998,0.0,0.0,0.0,0.0,65027
1789387977.8750381,15.226566900033504,0.0216196000110358,973361,15.334,0,False,357.9,-177.89999999999998,0.0,0.0,0.0,0.0,65027
1789387977.8942409,15.244899799930863,0.01833289989735931,973381,15.354,0,False,357.9,-177.89999999999998,0.0,0.0,0.0,0.0,65027
1789387977.912694,15.264481300022453,0.019581500091589987,973401,15.374,0,False,357.9,-177.89999999999998,0.0,0.0,0.0,0.0,65027
1789387977.9337165,15.28446689993143,0.019985599908977747,973421,15.394,0,False,357.9,-177.89999999999998,0.0,0.0,0.0,0.0,65027
1789387977.9541128,15.305018799961545,0.020551900030113757,973442,15.415,0,False,357.9,-177.89999999999998,0.0,0.0,0.0,0.0,65027
1789387977.974714,15.325695100007579,0.020676300046034157,973462,15.435,0,False,357.9,-177.89999999999998,0.0,0.0,0.0,0.0,65027
1789387977.9943087,15.344998699962161,0.01930359995458275,973482,15.455,0,False,357.9,-177.89999999999998,0.0,0.0,0.0,0.0,65027
1789387978.013271,15.36395759996958,0.018958900007419288,973502,15.475,0,False,357.9,-177.89999999999998,0.0,0.0,0.0,0.0,65027
1789387978.033034,15.38411049998831,0.02015290001872927,973522,15.495,0,False,357.9,-177.89999999999998,0.0,0.0,0.0,0.0,65027
1789387978.0535026,15.404521299991757,0.02041080000344664,973542,15.515,0,False,357.9,-177.89999999999998,0.0,0.0,0.0,0.0,65027
1789387978.0749555,15.425734799937345,0.02121349994558841,973563,15.536,0,False,357.9,-177.89999999999998,0.0,0.0,0.0,0.0,65027
1789387978.092926,15.444343999959528,0.01860920002218336,973583,15.556,0,False,357.9,-177.89999999999998,0.0,0.0,0.0,0.0,65027
1789387978.1141107,15.465063699986786,0.020719700027257204,973603,15.576,0,False,357.9,-177.89999999999998,0.0,0.0,0.0,0.0,65027
1789387978.132722,15.483952699927613,0.01888899994082749,973623,15.596,0,False,357.9,-177.89999999999998,0.0,0.0,0.0,0.0,65027
1789387978.153935,15.504959699930623,0.021007000003010035,973643,15.616,0,False,357.9,-177.89999999999998,0.0,0.0,0.0,0.0,65027
1789387978.1740959,15.524758899933659,0.019799200003035367,973663,15.636,0,False,357.9,-177.89999999999998,0.0,0.0,0.0,0.0,65027
1789387978.193411,15.544304699986242,0.019545800052583218,973684,15.657,0,False,357.9,-177.89999999999998,0.0,0.0,0.0,0.0,65027
1789387978.213842,15.564475300023332,0.02017060003709048,973704,15.677,0,False,357.9,-177.89999999999998,0.0,0.0,0.0,0.0,65027
1789387978.2340305,15.58471099997405,0.02023569995071739,973724,15.697,0,False,357.9,-177.89999999999998,0.0,0.0,0.0,0.0,65027
1789387978.2526011,15.604170999955386,0.019459999981336296,973744,15.717,0,False,357.9,-177.89999999999998,0.0,0.0,0.0,0.0,65027
1789387978.2742152,15.625415100017563,0.021244100062176585,973764,15.737,0,False,357.9,-177.89999999999998,0.0,0.0,0.0,0.0,65027
1789387978.293772,15.644768900005147,0.019353799987584352,973784,15.757,0,False,357.9,-177.89999999999998,0.0,0.0,0.0,0.0,65027
1789387978.3136578,15.665264999959618,0.020496099954470992,973804,15.777,0,False,357.9,-177.89999999999998,0.0,0.0,0.0,0.0,65027
1789387978.333638,15.684730499982834,0.01946550002321601,973825,15.798,0,False,357.9,-177.89999999999998,0.0,0.0,0.0,0.0,65027
1789387978.3522596,15.703905600006692,0.01917510002385825,973845,15.818,0,False,357.9,-177.89999999999998,0.0,0.0,0.0,0.0,65027
1789387978.3755972,15.726471500005573,0.022565899998880923,973865,15.838,0,False,357.9,-177.89999999999998,0.0,0.0,0.0,0.0,65027
1789387978.3932638,15.74421519995667,0.01774369995109737,973885,15.858,0,False,357.9,-177.89999999999998,0.0,0.0,0.0,0.0,65027
1789387978.4138703,15.764565899968147,0.020350700011476874,973905,15.878,0,False,357.9,-177.89999999999998,0.0,0.0,0.0,0.0,65027
1789387978.4330025,15.783993099932559,0.019427199964411557,973925,15.898,0,False,357.9,-177.89999999999998,0.0,0.0,0.0,0.0,65027
1789387978.4531255,15.80417309992481,0.020179999992251396,973945,15.918,0,False,357.9,-177.89999999999998,0.0,0.0,0.0,0.0,65027
1789387978.4747694,15.8253587000072,0.02118560008239001,973966,15.939,0,False,357.9,-177.89999999999998,0.0,0.0,0.0,0.0,65027
1789387978.4933891,15.84414109995123,0.01878239994402975,973986,15.959,0,False,357.9,-177.89999999999998,0.0,0.0,0.0,0.0,65027
1789387978.512519,15.863982199924067,0.019841099972836673,974006,15.979,0,False,357.9,-177.89999999999998,0.0,0.0,0.0,0.0,65027
1789387978.5326886,15.884004599996842,0.02002240007277578,974026,15.999,0,False,357.9,-177.89999999999998,0.0,0.0,0.0,0.0,65027
1789387978.5533135,15.903922999976203,0.0199183999793604,974046,16.019,0,False,357.9,-177.89999999999998,0.0,0.0,0.0,0.0,65027
1789387978.5748906,15.926035200012848,0.022112200036644936,974066,16.039,0,False,357.9,-177.89999999999998,0.0,0.0,0.0,0.0,65027
1789387978.5929546,15.944516999996267,0.018481799983419478,974087,16.06,0,False,357.9,-177.89999999999998,0.0,0.0,0.0,0.0,65027
1789387978.6126351,15.963946699979715,0.01942969998344779,974107,16.08,0,False,357.9,-177.89999999999998,0.0,0.0,0.0,0.0,65027
1789387978.633707,15.98468390002381,0.020737200044095516,974127,16.1,0,False,357.9,-177.89999999999998,0.0,0.0,0.0,0.0,65027
1789387978.653442,16.00413309992291,0.019449199899099767,974147,16.12,0,False,357.9,-177.89999999999998,0.0,0.0,0.0,0.0,65027
1789387978.6741326,16.025481899967417,0.021348800044506788,974167,16.14,0,False,357.9,-177.89999999999998,0.0,0.0,0.0,0.0,65027
1789387978.693703,16.044859600020573,0.019377700053155422,974188,16.161,0,False,357.9,-177.89999999999998,0.0,0.0,0.0,0.0,65027
1789387978.7127926,16.06392099999357,0.019061399972997606,974207,16.18,0,False,357.9,-177.89999999999998,0.0,0.0,0.0,0.0,65027
1789387978.7335873,16.08427200000733,0.020351000013761222,974228,16.201,0,False,357.9,-177.89999999999998,0.0,0.0,0.0,0.0,65027
1789387978.752774,16.10425520001445,0.019983200007118285,974248,16.221,0,False,357.9,-177.89999999999998,0.0,0.0,0.0,0.0,65027
1789387978.7744126,16.12519649998285,0.020941299968399107,974268,16.241,0,False,357.9,-177.89999999999998,0.0,0.0,0.0,0.0,65027
1789387978.7943673,16.145383100025356,0.020186600042507052,974288,16.261,0,False,357.9,-177.89999999999998,0.0,0.0,0.0,0.0,65027
1789387978.8126488,16.16406759992242,0.01868449989706278,974308,16.281,0,False,357.9,-177.89999999999998,0.0,0.0,0.0,0.0,65027
1789387978.8332996,16.184828000026755,0.02076040010433644,974328,16.301,0,False,357.9,-177.89999999999998,0.0,0.0,0.0,0.0,65027
1789387978.85295,16.20389499992598,0.019066999899223447,974349,16.322,0,False,357.9,-177.89999999999998,0.0,0.0,0.0,0.0,65027
1789387978.875607,16.226616299944,0.022721300018019974,974369,16.342,0,False,357.9,-177.89999999999998,0.0,0.0,0.0,0.0,65027
1789387978.8942535,16.24507129995618,0.0184550000121817,974389,16.362,0,False,357.9,-177.89999999999998,0.0,0.0,0.0,0.0,65027
1789387978.9125326,16.264332399936393,0.019261099980212748,974409,16.382,0,False,357.9,-177.89999999999998,0.0,0.0,0.0,0.0,65027
1789387978.9328136,16.284258599975146,0.01992620003875345,974429,16.402,0,False,357.9,-177.89999999999998,0.0,0.0,0.0,0.0,65027
1789387978.9532897,16.30400699994061,0.01974839996546507,974449,16.422,0,False,357.9,-177.89999999999998,0.0,0.0,0.0,0.0,65027
1789387978.9744294,16.325034699984826,0.021027700044214725,974470,16.443,0,False,357.9,-177.89999999999998,0.0,0.0,0.0,0.0,65027
1789387978.9944186,16.345019100001082,0.019984400016255677,974490,16.463,0,False,357.9,-177.89999999999998,0.0,0.0,0.0,0.0,65027
1789387979.013124,16.364107299945317,0.019088199944235384,974510,16.483,0,False,357.9,-177.89999999999998,0.0,0.0,0.0,0.0,65027
1789387979.0331988,16.3842152999714,0.020108000026084483,974530,16.503,0,False,357.9,-177.89999999999998,0.0,0.0,0.0,0.0,65027
1789387979.053699,16.405020999955013,0.020805699983611703,974550,16.523,0,False,357.9,-177.89999999999998,0.0,0.0,0.0,0.0,65027
1789387979.0733666,16.424925999948755,0.019904999993741512,974570,16.543,0,False,357.9,-177.89999999999998,0.0,0.0,0.0,0.0,65027
1789387979.0937939,16.444709099945612,0.019783099996857345,974591,16.564,0,False,357.9,-177.89999999999998,0.0,0.0,0.0,0.0,65027
1789387979.1135788,16.46438100002706,0.019671900081448257,974611,16.584,0,False,357.9,-177.89999999999998,0.0,0.0,0.0,0.0,65027
1789387979.1329992,16.484137799940072,0.01975679991301149,974631,16.604,0,False,357.9,-177.89999999999998,0.0,0.0,0.0,0.0,65027
1789387979.1547017,16.505532099981792,0.02139430004172027,974651,16.624,0,False,357.9,-177.89999999999998,0.0,0.0,0.0,0.0,65027
1789387979.1733196,16.524872799986042,0.01934070000424981,974671,16.644,0,False,357.9,-177.89999999999998,0.0,0.0,0.0,0.0,65027
1789387979.193578,16.544210299965926,0.019337499979883432,974691,16.664,0,False,357.9,-177.89999999999998,0.0,0.0,0.0,0.0,65027
1789387979.213582,16.564588099950925,0.020377799984999,974711,16.684,0,False,357.9,-177.89999999999998,0.0,0.0,0.0,0.0,65027
1789387979.2333403,16.58399479999207,0.019406700041145086,974731,16.704,0,False,357.9,-177.89999999999998,0.0,0.0,0.0,0.0,65027
1789387979.2544928,16.60542539996095,0.021430599968880415,974752,16.725,0,False,357.9,-177.89999999999998,0.0,0.0,0.0,0.0,65027
1789387979.275459,16.626589099992998,0.021163700032047927,974772,16.745,0,False,357.9,-177.89999999999998,0.0,0.0,0.0,0.0,65027
1789387979.2936354,16.644630199996755,0.018041100003756583,974792,16.765,0,False,357.9,-177.89999999999998,0.0,0.0,0.0,0.0,65027
1789387979.313923,16.665002099936828,0.02037189994007349,974812,16.785,0,False,357.9,-177.89999999999998,0.0,0.0,0.0,0.0,65027
1789387979.3330595,16.684116799966432,0.019114700029604137,974832,16.805,0,False,357.9,-177.89999999999998,0.0,0.0,0.0,0.0,65027
1789387979.353409,16.704460499924608,0.02034369995817542,974852,16.825,0,False,357.9,-177.89999999999998,0.0,0.0,0.0,0.0,65027
1789387979.375133,16.726017399923876,0.021556899999268353,974873,16.846,0,False,357.9,-177.89999999999998,0.0,0.0,0.0,0.0,65027
1789387979.3931913,16.74417259998154,0.018155200057663023,974893,16.866,0,False,357.9,-177.89999999999998,0.0,0.0,0.0,0.0,65027
1789387979.413897,16.7645072999876,0.020334700006060302,974913,16.886,0,False,357.9,-177.89999999999998,0.0,0.0,0.0,0.0,65027
1789387979.4350994,16.785740099963732,0.02123279997613281,974933,16.906,0,False,357.9,-177.89999999999998,0.0,0.0,0.0,0.0,65027
1789387979.4532962,16.80439549998846,0.018655400024726987,974953,16.926,0,False,357.9,-177.89999999999998,0.0,0.0,0.0,0.0,65027
1789387979.4755223,16.826420499943197,0.022024999954737723,974973,16.946,0,False,357.9,-177.89999999999998,0.0,0.0,0.0,0.0,65027
1789387979.4940457,16.844774800003506,0.01835430006030947,974994,16.967,0,False,357.9,-177.89999999999998,0.0,0.0,0.0,0.0,65027
1789387979.5140085,16.865130699938163,0.020355899934656918,975014,16.987,0,False,357.9,-177.89999999999998,0.0,0.0,0.0,0.0,65027
1789387979.5335002,16.88458489999175,0.019454200053587556,975034,17.007,0,False,357.9,-177.89999999999998,0.0,0.0,0.0,0.0,65027
1789387979.553324,16.904374100035056,0.019789200043305755,975054,17.027,0,False,357.9,-177.89999999999998,0.0,0.0,0.0,0.0,65027
1789387979.5744824,16.925401199958287,0.021027099923230708,975074,17.047,0,False,357.9,-177.89999999999998,0.0,0.0,0.0,0.0,65027
1789387979.5932083,16.944352800026536,0.01895160006824881,975095,17.068,0,False,357.9,-177.89999999999998,0.0,0.0,0.0,0.0,65027
1789387979.613798,16.964694599970244,0.020341799943707883,975115,17.088,0,False,357.9,-177.89999999999998,0.0,0.0,0.0,0.0,65027
1789387979.6352186,16.985902199987322,0.02120760001707822,975135,17.108,0,False,357.9,-177.89999999999998,0.0,0.0,0.0,0.0,65027
1789387979.6554525,17.006959500024095,0.021057300036773086,975155,17.128,0,False,357.9,-177.89999999999998,0.0,0.0,0.0,0.0,65027
1789387979.6758225,17.027133299969137,0.020173799945041537,975175,17.148,0,False,357.9,-177.89999999999998,0.0,0.0,0.0,0.0,65027
1789387979.6954134,17.04660989996046,0.019476599991321564,975196,17.169,0,False,357.9,-177.89999999999998,0.0,0.0,0.0,0.0,65027
1789387979.7135441,17.064311599940993,0.017701699980534613,975215,17.188,0,False,357.9,-177.89999999999998,0.0,0.0,0.0,0.0,65027
1789387979.7344377,17.08523830003105,0.020926700090058148,975235,17.208,0,False,357.9,-177.89999999999998,0.0,0.0,0.0,0.0,65027
1789387979.7576442,17.108911699964665,0.023673399933613837,975256,17.229,0,False,357.9,-177.89999999999998,0.0,0.0,0.0,0.0,65027
1789387979.7768474,17.128369799931534,0.019458099966868758,975276,17.249,0,False,357.9,-177.89999999999998,0.0,0.0,0.0,0.0,65027
1789387979.7956166,17.146307099959813,0.017937300028279424,975296,17.269,0,False,357.9,-177.89999999999998,0.0,0.0,0.0,0.0,65027
1789387979.8157961,17.166703599970788,0.020396500010974705,975316,17.289,0,False,357.9,-177.89999999999998,0.0,0.0,0.0,0.0,65027
1789387979.8360274,17.18665950000286,0.01995590003207326,975336,17.309,0,False,357.9,-177.89999999999998,0.0,0.0,0.0,0.0,65027
1789387979.8661883,17.216855100006796,0.030195600003935397,975367,17.34,0,False,357.9,-177.89999999999998,0.0,0.0,0.0,0.0,65027
1789387979.8764462,17.227472799946554,0.010617699939757586,975377,17.35,0,False,357.9,-177.89999999999998,0.0,0.0,0.0,0.0,65027
1789387979.8960462,17.247525800019503,0.020053000072948635,975397,17.37,0,False,357.9,-177.89999999999998,0.0,0.0,0.0,0.0,65027
1789387979.915525,17.26687699998729,0.01935119996778667,975417,17.39,0,False,357.9,-177.89999999999998,0.0,0.0,0.0,0.0,65027
1789387979.9356854,17.286744799930602,0.019867799943313003,975437,17.41,0,False,357.9,-177.89999999999998,0.0,0.0,0.0,0.0,65027
1789387979.9573696,17.30874380003661,0.02199900010600686,975457,17.43,0,False,357.9,-177.89999999999998,0.0,0.0,0.0,0.0,65027
1789387979.9776778,17.328573599923402,0.019829799886792898,975477,17.45,0,False,357.9,-177.89999999999998,0.0,0.0,0.0,0.0,65027
1789387979.996034,17.347982099978253,0.019408500054851174,975498,17.471,0,False,357.9,-177.89999999999998,0.0,0.0,0.0,0.0,65027
1789387980.0153093,17.365891800029203,0.01790970005095005,975518,17.491,0,False,357.9,-177.89999999999998,0.0,0.0,0.0,0.0,65027
1789387980.0342486,17.38572589994874,0.01983409991953522,975538,17.511,0,False,357.9,-177.89999999999998,0.0,0.0,0.0,0.0,65027
1789387980.053817,17.404420399921946,0.018694499973207712,975558,17.531,0,False,357.9,-177.89999999999998,0.0,0.0,0.0,0.0,65027
1789387980.0749643,17.426140499999747,0.021720100077800453,975578,17.551,0,False,357.9,-177.89999999999998,0.0,0.0,0.0,0.0,65027
1789387980.0959163,17.44712809997145,0.020987599971704185,975598,17.571,0,False,357.9,-177.89999999999998,0.0,0.0,0.0,0.0,65027
1789387980.1140146,17.464877899968997,0.01774979999754578,975618,17.591,0,False,357.9,-177.89999999999998,0.0,0.0,0.0,0.0,65027
1789387980.13526,17.486195500008762,0.02131760003976524,975639,17.612,0,False,357.9,-177.89999999999998,0.0,0.0,0.0,0.0,65027
1789387980.155048,17.506597199942917,0.02040169993415475,975659,17.632,0,False,357.9,-177.89999999999998,0.0,0.0,0.0,0.0,65027
1789387980.1764748,17.52716059994418,0.02056340000126511,975679,17.652,0,False,357.9,-177.89999999999998,0.0,0.0,0.0,0.0,65027
1789387980.1942651,17.54609109996818,0.01893050002399832,975699,17.672,0,False,357.9,-177.89999999999998,0.0,0.0,0.0,0.0,65027
1789387980.2152767,17.565948799951002,0.01985769998282194,975719,17.692,0,False,357.9,-177.89999999999998,0.0,0.0,0.0,0.0,65027
1789387980.2338185,17.585229699965566,0.019280900014564395,975739,17.712,0,False,357.9,-177.89999999999998,0.0,0.0,0.0,0.0,65027
1789387980.2566175,17.60730929998681,0.022079600021243095,975759,17.732,0,False,357.9,-177.89999999999998,0.0,0.0,0.0,0.0,65027
1789387980.2796273,17.630220599938184,0.02291129995137453,975780,17.753,0,False,357.9,-177.89999999999998,0.0,0.0,0.0,0.0,65027
1789387980.2960315,17.64752639993094,0.017305799992755055,975800,17.773,0,False,357.9,-177.89999999999998,0.0,0.0,0.0,0.0,65027
1789387980.3164773,17.667156699928455,0.019630299997515976,975820,17.793,0,False,357.9,-177.89999999999998,0.0,0.0,0.0,0.0,65027
1789387980.336254,17.68736490001902,0.020208200090564787,975840,17.813,0,False,357.9,-177.89999999999998,0.0,0.0,0.0,0.0,65027
1789387980.3576376,17.708332699956372,0.020967799937352538,975860,17.833,0,False,357.9,-177.89999999999998,0.0,0.0,0.0,0.0,65027
1789387980.376637,17.727262199972756,0.018929500016383827,975880,17.853,0,False,357.9,-177.89999999999998,0.0,0.0,0.0,0.0,65027
1789387980.397517,17.748109100037254,0.020846900064498186,975901,17.874,0,False,357.9,-177.89999999999998,0.0,0.0,0.0,0.0,65027
1789387980.4170332,17.768531700014137,0.02042259997688234,975921,17.894,0,False,357.9,-177.89999999999998,0.0,0.0,0.0,0.0,65027
1789387980.4350572,17.786339499987662,0.017807799973525107,975941,17.914,0,False,357.9,-177.89999999999998,0.0,0.0,0.0,0.0,65027
1789387980.457647,17.80886659992393,0.022527099936269224,975961,17.934,0,False,357.9,-177.89999999999998,0.0,0.0,0.0,0.0,65027
1789387980.4753733,17.82633860001806,0.017472000094130635,975981,17.954,0,False,357.9,-177.89999999999998,0.0,0.0,0.0,0.0,65027
1789387980.4940221,17.84463019995019,0.0182915999321267,976001,17.974,0,False,357.9,-177.89999999999998,0.0,0.0,0.0,0.0,65027
1789387980.5142498,17.864913000026718,0.020282800076529384,976021,17.994,0,False,357.9,-177.89999999999998,0.0,0.0,0.0,0.0,65027
1789387980.5330892,17.88419749995228,0.01928449992556125,976042,18.015,0,False,357.9,-177.89999999999998,0.0,0.0,0.0,0.0,65027
1789387980.555964,17.90672169998288,0.022524200030602515,976062,18.035,0,False,357.9,-177.89999999999998,0.0,0.0,0.0,0.0,65027
1789387980.5765033,17.92713399999775,0.02041230001486838,976082,18.055,0,False,357.9,-177.89999999999998,0.0,0.0,0.0,0.0,65027
1789387980.593228,17.94434679998085,0.017212799983099103,976102,18.075,0,False,357.9,-177.89999999999998,0.0,0.0,0.0,0.0,65027
1789387980.6134121,17.964294799952768,0.01994799997191876,976122,18.095,0,False,357.9,-177.89999999999998,0.0,0.0,0.0,0.0,65027
1789387980.6331706,17.98450729995966,0.020212500006891787,976142,18.115,0,False,357.9,-177.89999999999998,0.0,0.0,0.0,0.0,65027
1789387980.6528285,18.00440420000814,0.019896900048479438,976163,18.136,0,False,357.9,-177.89999999999998,0.0,0.0,0.0,0.0,65027
1789387980.6754596,18.0260901999427,0.02168599993456155,976183,18.156,0,False,357.9,-177.89999999999998,0.0,0.0,0.0,0.0,65027
1789387980.693557,18.04465039994102,0.01856019999831915,976203,18.176,0,False,357.9,-177.89999999999998,0.0,0.0,0.0,0.0,65027
1789387980.7143953,18.065912200021558,0.021261800080537796,976223,18.196,0,False,357.9,-177.89999999999998,0.0,0.0,0.0,0.0,65027
1789387980.7347102,18.085857399972156,0.01994519995059818,976243,18.216,0,False,357.9,-177.89999999999998,0.0,0.0,0.0,0.0,65027
1789387980.7552962,18.106637999997474,0.020780600025318563,976263,18.236,0,False,357.9,-177.89999999999998,0.0,0.0,0.0,0.0,65027
1789387980.776503,18.127786500030197,0.02114850003272295,976284,18.257,0,False,357.9,-177.89999999999998,0.0,0.0,0.0,0.0,65027
1789387980.795252,18.14641769998707,0.01863119995687157,976304,18.277,0,False,357.9,-177.89999999999998,0.0,0.0,0.0,0.0,65027
1789387980.8156102,18.166525600012392,0.020107900025323033,976324,18.297,0,False,357.9,-177.89999999999998,0.0,0.0,0.0,0.0,65027
1789387980.8353045,18.186477200011723,0.019951599999330938,976344,18.317,0,False,357.9,-177.89999999999998,0.0,0.0,0.0,0.0,65027
1789387980.854451,18.205968700000085,0.019491499988362193,976364,18.337,0,False,357.9,-177.89999999999998,0.0,0.0,0.0,0.0,65027
1789387980.877162,18.22799699997995,0.02202829997986555,976384,18.357,0,False,357.9,-177.89999999999998,0.0,0.0,0.0,0.0,65027
1789387980.8949559,18.24623409996275,0.0182370999827981,976405,18.378,0,False,357.9,-177.89999999999998,0.0,0.0,0.0,0.0,65027
1789387980.9149861,18.26593839994166,0.019704299978911877,976425,18.398,0,False,357.9,-177.89999999999998,0.0,0.0,0.0,0.0,65027
1789387980.9364736,18.287136900005862,0.021198500064201653,976445,18.418,0,False,357.9,-177.89999999999998,0.0,0.0,0.0,0.0,65027
1789387980.957881,18.308562299935147,0.02142539992928505,976465,18.438,0,False,357.9,-177.89999999999998,0.0,0.0,0.0,0.0,65027
1789387980.978657,18.329449799959548,0.02088750002440065,976485,18.458,0,False,357.9,-177.89999999999998,0.0,0.0,0.0,0.0,65027
1789387980.9963164,18.347311199991964,0.017861400032415986,976506,18.479,0,False,357.9,-177.89999999999998,0.0,0.0,0.0,0.0,65027
1789387981.0159144,18.36726660002023,0.019955400028266013,976526,18.499,0,False,357.9,-177.89999999999998,0.0,0.0,0.0,0.0,65027
1789387981.0356069,18.386664399993606,0.019397799973376095,976546,18.519,0,False,357.9,-177.89999999999998,0.0,0.0,0.0,0.0,65027
1789387981.0569198,18.407982300035655,0.021317900042049587,976566,18.539,0,False,357.9,-177.89999999999998,0.0,0.0,0.0,0.0,65027
1789387981.077291,18.42864549998194,0.020663199946284294,976586,18.559,0,False,357.9,-177.89999999999998,0.0,0.0,0.0,0.0,65027
1789387981.09647,18.4472734000301,0.018627900048159063,976607,18.58,0,False,357.9,-177.89999999999998,0.0,0.0,0.0,0.0,65027
1789387981.114913,18.466278200037777,0.01900480000767857,976626,18.599,0,False,357.9,-177.89999999999998,0.0,0.0,0.0,0.0,65027
1789387981.1342847,18.48530529998243,0.019027099944651127,976646,18.619,0,False,357.9,-177.89999999999998,0.0,0.0,0.0,0.0,65027
1789387981.1540272,18.505251699942164,0.019946399959735572,976667,18.64,0,False,357.9,-177.89999999999998,0.0,0.0,0.0,0.0,65027
1789387981.1765804,18.527763699996285,0.022512000054121017,976687,18.66,0,False,357.9,-177.89999999999998,0.0,0.0,0.0,0.0,65027
1789387981.1954565,18.546112800017,0.018349100020714104,976707,18.68,0,False,357.9,-177.89999999999998,0.0,0.0,0.0,0.0,65027
1789387981.2131722,18.564346799976192,0.01823399995919317,976727,18.7,0,False,357.9,-177.89999999999998,0.0,0.0,0.0,0.0,65027
1789387981.233806,18.584693099954166,0.020346299977973104,976747,18.72,0,False,357.9,-177.89999999999998,0.0,0.0,0.0,0.0,65027
1789387981.2527144,18.604242700035684,0.019549600081518292,976767,18.74,0,False,357.9,-177.89999999999998,0.0,0.0,0.0,0.0,65027
1789387981.2773902,18.628718700027093,0.02447599999140948,976787,18.76,0,False,357.9,-177.89999999999998,0.0,0.0,0.0,0.0,65027
1789387981.2988515,18.65012290002778,0.021404200000688434,976809,18.782,0,False,357.9,-177.89999999999998,0.0,0.0,0.0,0.0,65027
1789387981.3154852,18.66698799992446,0.01686509989667684,976828,18.801,0,False,357.9,-177.89999999999998,0.0,0.0,0.0,0.0,65027
1789387981.336221,18.686929399962537,0.019941400038078427,976848,18.821,0,False,357.9,-177.89999999999998,0.0,0.0,0.0,0.0,65027
1789387981.3561027,18.707314500003122,0.020385100040584803,976868,18.841,0,False,357.9,-177.89999999999998,0.0,0.0,0.0,0.0,65027
1789387981.3747802,18.725825799978338,0.01851129997521639,976888,18.861,0,False,357.9,-177.89999999999998,0.0,0.0,0.0,0.0,65027
1789387981.3943362,18.745103599969298,0.019277799990959466,976909,18.882,0,False,357.9,-177.89999999999998,0.0,0.0,0.0,0.0,65027
1789387981.413503,18.764401599997655,0.01929800002835691,976928,18.901,0,False,357.9,-177.89999999999998,0.0,0.0,0.0,0.0,65027
1789387981.4332137,18.784275299985893,0.019873699988238513,976949,18.922,0,False,357.9,-177.89999999999998,0.0,0.0,0.0,0.0,65027
1789387981.4534798,18.80486369994469,0.0205883999587968,976969,18.942,0,False,357.9,-177.89999999999998,0.0,0.0,0.0,0.0,65027
1789387981.4746776,18.826194699970074,0.021331000025384128,976989,18.962,0,False,357.9,-177.89999999999998,0.0,0.0,0.0,0.0,65027
1789387981.4943209,18.845301099936478,0.019106399966403842,977010,18.983,0,False,357.9,-177.89999999999998,0.0,0.0,0.0,0.0,65027
1789387981.5137513,18.86436549993232,0.019064399995841086,977029,19.002,0,False,357.9,-177.89999999999998,0.0,0.0,0.0,0.0,65027
1789387981.533458,18.88438960001804,0.02002410008572042,977049,19.022,0,False,357.9,-177.89999999999998,0.0,0.0,0.0,0.0,65027
1789387981.554062,18.904708300018683,0.02031870000064373,977070,19.043,0,False,357.9,-177.89999999999998,0.0,0.0,0.0,0.0,65027
1789387981.575014,18.925632799975574,0.02092449995689094,977090,19.063,0,False,357.9,-177.89999999999998,0.0,0.0,0.0,0.0,65027
1789387981.5936215,18.94450300000608,0.018870200030505657,977110,19.083,0,False,357.9,-177.89999999999998,0.0,0.0,0.0,0.0,65027
1789387981.6136873,18.965015699970536,0.02051269996445626,977130,19.103,0,False,357.9,-177.89999999999998,0.0,0.0,0.0,0.0,65027
1789387981.6331758,18.98419059999287,0.01917490002233535,977150,19.123,0,False,357.9,-177.89999999999998,0.0,0.0,0.0,0.0,65027
1789387981.6535866,19.004675999982283,0.020485399989411235,977170,19.143,0,False,357.9,-177.89999999999998,0.0,0.0,0.0,0.0,65027
1789387981.6745968,19.0260566000361,0.021380600053817034,977190,19.163,0,False,357.9,-177.89999999999998,0.0,0.0,0.0,0.0,65027
1789387981.6928325,19.044207699946128,0.01815109991002828,977211,19.184,0,False,357.9,-177.89999999999998,0.0,0.0,0.0,0.0,65027
1789387981.71313,19.064709599944763,0.020501899998635054,977231,19.204,0,False,357.9,-177.89999999999998,0.0,0.0,0.0,0.0,65027
1789387981.7325284,19.083908100030385,0.019198500085622072,977251,19.224,0,False,357.9,-177.89999999999998,0.0,0.0,0.0,0.0,65027
1789387981.755313,19.106850699987262,0.02294259995687753,977271,19.244,0,False,357.9,-177.89999999999998,0.0,0.0,0.0,0.0,65027
1789387981.7760584,19.12754309992306,0.020692399935796857,977291,19.264,0,False,357.9,-177.89999999999998,0.0,0.0,0.0,0.0,65027
1789387981.7946703,19.14576380001381,0.018220700090751052,977312,19.285,0,False,357.9,-177.89999999999998,0.0,0.0,0.0,0.0,65027
1789387981.8151603,19.16595519997645,0.0201913999626413,977332,19.305,0,False,357.9,-177.89999999999998,0.0,0.0,0.0,0.0,65027
1789387981.8360198,19.18711259996053,0.02115739998407662,977352,19.325,0,False,357.9,-177.89999999999998,0.0,0.0,0.0,0.0,65027
1789387981.8555644,19.207336799940094,0.020224199979566038,977372,19.345,0,False,357.9,-177.89999999999998,0.0,0.0,0.0,0.0,65027
1789387981.8769524,19.22793679998722,0.020600000047124922,977392,19.365,0,False,357.9,-177.89999999999998,0.0,0.0,0.0,0.0,65027
1789387981.8961997,19.246809600037523,0.01887280005030334,977413,19.386,0,False,357.9,-177.89999999999998,0.0,0.0,0.0,0.0,65027
1789387981.916482,19.26707439997699,0.020264799939468503,977433,19.406,0,False,357.9,-177.89999999999998,0.0,0.0,0.0,0.0,65027
1789387981.9367318,19.287666899967007,0.020592499990016222,977453,19.426,0,False,357.9,-177.89999999999998,0.0,0.0,0.0,0.0,65027
1789387981.9573793,19.308535399963148,0.0208684999961406,977473,19.446,0,False,357.9,-177.89999999999998,0.0,0.0,0.0,0.0,65027
1789387981.9776046,19.328456299961545,0.019920899998396635,977493,19.466,0,False,357.9,-177.89999999999998,0.0,0.0,0.0,0.0,65027
1789387981.9962952,19.34743249998428,0.0189762000227347,977513,19.486,0,False,357.9,-177.89999999999998,0.0,0.0,0.0,0.0,65027
1789387982.016334,19.367676399997436,0.020243900013156235,977533,19.506,0,False,357.9,-177.89999999999998,0.0,0.0,0.0,0.0,65027
1789387982.0351748,19.386256100027822,0.018579700030386448,977553,19.526,0,False,357.9,-177.89999999999998,0.0,0.0,0.0,0.0,65027
1789387982.0565507,19.407556299935095,0.021300199907273054,977573,19.546,0,False,357.9,-177.89999999999998,0.0,0.0,0.0,0.0,65027
1789387982.076757,19.42777730000671,0.02022100007161498,977594,19.567,0,False,357.9,-177.89999999999998,0.0,0.0,0.0,0.0,65027
1789387982.09441,19.446578399976715,0.018801099970005453,977614,19.587,0,False,357.9,-177.89999999999998,0.0,0.0,0.0,0.0,65027
1789387982.1154191,19.46638959995471,0.019811199977993965,977634,19.607,0,False,357.9,-177.89999999999998,0.0,0.0,0.0,0.0,65027
1789387982.1355429,19.486640900024213,0.020251300069503486,977654,19.627,0,False,357.9,-177.89999999999998,0.0,0.0,0.0,0.0,65027
1789387982.156987,19.508410400012508,0.021769499988295138,977674,19.647,0,False,357.9,-177.89999999999998,0.0,0.0,0.0,0.0,65027
1789387982.177378,19.528208400006406,0.019797999993897974,977694,19.667,0,False,357.9,-177.89999999999998,0.0,0.0,0.0,0.0,65027
1789387982.1954644,19.5467437999323,0.018535399925895035,977715,19.688,0,False,357.9,-177.89999999999998,0.0,0.0,0.0,0.0,65027
1789387982.215191,19.566684699966572,0.01994090003427118,977735,19.708,0,False,357.9,-177.89999999999998,0.0,0.0,0.0,0.0,65027
1789387982.2342875,19.585339899989776,0.018655200023204088,977755,19.728,0,False,357.9,-177.89999999999998,0.0,0.0,0.0,0.0,65027
1789387982.2558172,19.606843099929392,0.021503199939616024,977775,19.748,0,False,357.9,-177.89999999999998,0.0,0.0,0.0,0.0,65027
1789387982.2784352,19.629232199979015,0.022389100049622357,977795,19.768,0,False,357.9,-177.89999999999998,0.0,0.0,0.0,0.0,65027
1789387982.2970924,19.647943799966015,0.018711599987000227,977816,19.789,0,False,357.9,-177.89999999999998,0.0,0.0,0.0,0.0,65027
1789387982.3158355,19.666996599989943,0.019052800023928285,977835,19.808,0,False,357.9,-177.89999999999998,0.0,0.0,0.0,0.0,65027
1789387982.3348837,19.685785399982706,0.018788799992762506,977855,19.828,0,False,357.9,-177.89999999999998,0.0,0.0,0.0,0.0,65027
1789387982.3551993,19.706163699971512,0.020378299988806248,977876,19.849,0,False,357.9,-177.89999999999998,0.0,0.0,0.0,0.0,65027
1789387982.376052,19.72757729992736,0.02141359995584935,977896,19.869,0,False,357.9,-177.89999999999998,0.0,0.0,0.0,0.0,65027
1789387982.3948433,19.746338399942033,0.018761100014671683,977916,19.889,0,False,357.9,-177.89999999999998,0.0,0.0,0.0,0.0,65027
1789387982.4158635,19.76651729992591,0.020178899983875453,977936,19.909,0,False,357.9,-177.89999999999998,0.0,0.0,0.0,0.0,65027
1789387982.4358807,19.786723600002006,0.02020630007609725,977956,19.929,0,False,357.9,-177.89999999999998,0.0,0.0,0.0,0.0,65027
1789387982.4563854,19.807830899953842,0.021107299951836467,977976,19.949,0,False,357.9,-177.89999999999998,0.0,0.0,0.0,0.0,65027
1789387982.4798143,19.83126469992567,0.023433799971826375,977996,19.969,0,False,357.9,-177.89999999999998,0.0,0.0,0.0,0.0,65027
1789387982.502651,19.85400379996281,0.022739100037142634,978018,19.991,0,False,357.9,-177.89999999999998,0.0,0.0,0.0,0.0,65027
1789387982.5168338,19.86835479992442,0.014350999961607158,978039,20.012,0,False,357.9,-177.89999999999998,0.0,0.0,0.0,0.0,65027
1789387982.5456612,19.896686999942176,0.028332200017757714,978057,20.03,0,False,357.9,-177.89999999999998,0.0,0.0,0.0,0.0,65027
1789387982.559234,19.910784399951808,0.01409740000963211,978077,20.05,0,False,357.9,-177.89999999999998,0.0,0.0,0.0,0.0,65027
1789387982.5790582,19.93056839995552,0.01978400000371039,978097,20.07,0,False,357.9,-177.89999999999998,0.0,0.0,0.0,0.0,65027
1789387982.5966907,19.947482999996282,0.016914600040763617,978118,20.091,0,False,357.9,-177.89999999999998,0.0,0.0,0.0,0.0,65027
1789387982.6209023,19.97159610001836,0.02411310002207756,978137,20.11,0,False,357.9,-177.89999999999998,0.0,0.0,0.0,0.0,65027
1789387982.6406548,19.991400999948382,0.019804899930022657,978158,20.131,0,False,357.9,-177.89999999999998,0.0,0.0,0.0,0.0,65027
1789387982.6598485,20.011315100011416,0.019914100063033402,978178,20.151,0,False,357.9,-177.89999999999998,0.0,0.0,0.0,0.0,65027
1789387982.6765227,20.02784390002489,0.01652880001347512,978198,20.171,0,False,357.9,-177.89999999999998,0.0,0.0,0.0,0.0,65027
1789387982.6949425,20.04564509994816,0.01780119992326945,978219,20.192,0,False,357.9,-177.89999999999998,0.0,0.0,0.0,0.0,65027
1789387982.7171412,20.06829840003047,0.022653300082311034,978238,20.211,0,False,357.9,-177.89999999999998,0.0,0.0,0.0,0.0,65027
1789387982.740209,20.09083959995769,0.02254119992721826,978258,20.231,0,False,357.9,-177.89999999999998,0.0,0.0,0.0,0.0,65027
1789387982.757432,20.108271299977787,0.017431700020097196,978279,20.252,0,False,357.9,-177.89999999999998,0.0,0.0,0.0,0.0,65027
1789387982.776472,20.1278773000231,0.01960600004531443,978299,20.272,0,False,357.9,-177.89999999999998,0.0,0.0,0.0,0.0,65027
1789387982.799406,20.150258700014092,0.022381399990990758,978320,20.293,0,False,357.9,-177.89999999999998,0.0,0.0,0.0,0.0,65027
1789387982.8178377,20.169010899960995,0.018752199946902692,978339,20.312,0,False,357.9,-177.89999999999998,0.0,0.0,0.0,0.0,65027
1789387982.8402767,20.191108700004406,0.022097800043411553,978359,20.332,0,False,357.9,-177.89999999999998,0.0,0.0,0.0,0.0,65027
1789387982.8646793,20.215906400000677,0.02479769999627024,978379,20.352,0,False,357.9,-177.89999999999998,0.0,0.0,0.0,0.0,65027
1789387982.8784869,20.22982210002374,0.013915700023062527,978399,20.372,0,False,357.9,-177.89999999999998,0.0,0.0,0.0,0.0,65027
1789387982.8949845,20.246158999972977,0.016336899949237704,978420,20.393,0,False,357.9,-177.89999999999998,0.0,0.0,0.0,0.0,65027
1789387982.9145892,20.266385599970818,0.020226599997840822,978440,20.413,0,False,357.9,-177.89999999999998,0.0,0.0,0.0,0.0,65027
1789387982.9346437,20.285705799935386,0.01932019996456802,978460,20.433,0,False,357.9,-177.89999999999998,0.0,0.0,0.0,0.0,65027
1789387982.9580486,20.30881810002029,0.023112300084903836,978480,20.453,0,False,357.9,-177.89999999999998,0.0,0.0,0.0,0.0,65027
1789387982.978158,20.32914719998371,0.02032909996341914,978500,20.473,0,False,357.9,-177.89999999999998,0.0,0.0,0.0,0.0,65027
1789387982.9981863,20.34953080001287,0.020383600029163063,978521,20.494,0,False,357.9,-177.89999999999998,0.0,0.0,0.0,0.0,65027
1789387983.018014,20.369038700009696,0.019507899996824563,978541,20.514,0,False,357.9,-177.89999999999998,0.0,0.0,0.0,0.0,65027
1789387983.036475,20.38772500003688,0.01868630002718419,978561,20.534,0,False,357.9,-177.89999999999998,0.0,0.0,0.0,0.0,65027
1789387983.0597844,20.41077099996619,0.02304599992930889,978581,20.554,0,False,357.9,-177.89999999999998,0.0,0.0,0.0,0.0,65027
1789387983.080831,20.43198669992853,0.021215699962340295,978601,20.574,0,False,357.9,-177.89999999999998,0.0,0.0,0.0,0.0,65027
1789387983.1108842,20.462364699924365,0.030377999995835125,978626,20.599,0,False,357.9,-177.89999999999998,0.0,0.0,0.0,0.0,65027
1789387983.148778,20.500240299967118,0.03787560004275292,978644,20.617,0,False,357.9,-177.89999999999998,0.0,0.0,0.0,0.0,65027
1789387983.2084057,20.559257399989292,0.05901710002217442,978709,20.682,0,False,357.9,-177.89999999999998,0.0,0.0,0.0,0.0,65027
1789387983.2191443,20.570150299929082,0.010892899939790368,978741,20.714,0,False,357.9,-177.89999999999998,0.0,0.0,0.0,0.0,65027
1789387983.246509,20.59714830003213,0.02699800010304898,978760,20.733,0,False,357.9,-177.89999999999998,0.0,0.0,0.0,0.0,65027
1789387983.2678168,20.618637699983083,0.021489399950951338,978779,20.752,0,False,357.9,-177.89999999999998,0.0,0.0,0.0,0.0,65027
1789387983.2776692,20.628292899928056,0.009655199944972992,978801,20.774,0,False,357.9,-177.89999999999998,0.0,0.0,0.0,0.0,65027
1789387983.2946436,20.645622999989428,0.017330100061371922,978811,20.784,0,False,357.9,-177.89999999999998,0.0,0.0,0.0,0.0,65027
1789387983.316486,20.667645199922845,0.02202219993341714,978828,20.801,0,False,357.9,-177.89999999999998,0.0,0.0,0.0,0.0,65027
1789387983.3250432,20.67619010002818,0.008544900105334818,978850,20.823,0,False,357.9,-177.89999999999998,0.0,0.0,0.0,0.0,65027
1789387983.3347101,20.685603499994613,0.009413399966433644,978863,20.836,0,False,357.9,-177.89999999999998,0.0,0.0,0.0,0.0,65027
1789387983.355031,20.706214700010605,0.020611200015991926,978883,20.856,0,False,357.9,-177.89999999999998,0.0,0.0,0.0,0.0,65027
1789387983.3783984,20.72977700002957,0.023562300018966198,978903,20.876,0,False,357.9,-177.89999999999998,0.0,0.0,0.0,0.0,65027
1789387983.398141,20.749501999933273,0.019724999903701246,978924,20.897,0,False,357.9,-177.89999999999998,0.0,0.0,0.0,0.0,65027
1789387983.4162576,20.76747710001655,0.01797510008327663,978945,20.918,0,False,357.9,-177.89999999999998,0.0,0.0,0.0,0.0,65027
1789387983.4584627,20.809463699930348,0.04198659991379827,978979,20.952,0,False,357.9,-177.89999999999998,0.0,0.0,0.0,0.0,65027
1789387983.4678953,20.81901650002692,0.009552800096571445,978993,20.966,0,False,357.9,-177.89999999999998,0.0,0.0,0.0,0.0,65027
1789387983.4814577,20.83217850001529,0.013161999988369644,979004,20.977,0,False,357.9,-177.89999999999998,0.0,0.0,0.0,0.0,65027
1789387983.501057,20.852145400014706,0.019966899999417365,979024,20.997,0,False,357.9,-177.89999999999998,0.0,0.0,0.0,0.0,65027
1789387983.5196342,20.870655399980024,0.018509999965317547,979044,21.017,0,False,357.9,-177.89999999999998,0.0,0.0,0.0,0.0,65027
1789387983.538229,20.889063699985854,0.018408300005830824,979064,21.037,0,False,357.9,-177.89999999999998,0.0,0.0,0.0,0.0,65027
1789387983.5578449,20.909240899956785,0.020177199970930815,979084,21.057,0,False,357.9,-177.89999999999998,0.0,0.0,0.0,0.0,65027
1789387983.5775256,20.928258499945514,0.01901759998872876,979104,21.077,0,False,357.9,-177.89999999999998,0.0,0.0,0.0,0.0,65027
1789387983.601213,20.952244699932635,0.023986199987120926,979125,21.098,0,False,357.9,-177.89999999999998,0.0,0.0,0.0,0.0,65027
1789387983.6176684,20.96900459995959,0.01675990002695471,979145,21.118,0,False,357.9,-177.89999999999998,0.0,0.0,0.0,0.0,65027
1789387983.6414382,20.99219259992242,0.023187999962829053,979165,21.138,0,False,357.9,-177.89999999999998,0.0,0.0,0.0,0.0,65027
1789387983.6596131,21.01048199995421,0.018289400031790137,979185,21.158,0,False,357.9,-177.89999999999998,0.0,0.0,0.0,0.0,65027
1789387983.6768577,21.02792319993023,0.01744119997601956,979205,21.178,0,False,357.9,-177.89999999999998,0.0,0.0,0.0,0.0,65027
1789387983.6964781,21.047162999981083,0.019239800050854683,979225,21.198,0,False,357.9,-177.89999999999998,0.0,0.0,0.0,0.0,65027
1789387983.71596,21.066827400005423,0.019664400024339557,979245,21.218,0,False,357.9,-177.89999999999998,0.0,0.0,0.0,0.0,65027
1789387983.7372324,21.08835099998396,0.021523599978536367,979266,21.239,0,False,357.9,-177.89999999999998,0.0,0.0,0.0,0.0,65027
1789387983.7596743,21.110284899943508,0.021933899959549308,979286,21.259,0,False,357.9,-177.89999999999998,0.0,0.0,0.0,0.0,65027
1789387983.777149,21.128607299993746,0.018322400050237775,979306,21.279,0,False,357.9,-177.89999999999998,0.0,0.0,0.0,0.0,65027
1789387983.7965193,21.14765219995752,0.019044899963773787,979326,21.299,0,False,357.9,-177.89999999999998,0.0,0.0,0.0,0.0,65027
1789387983.817617,21.16894499992486,0.021292799967341125,979346,21.319,0,False,357.9,-177.89999999999998,0.0,0.0,0.0,0.0,65027
1789387983.835205,21.186740799923427,0.01779579999856651,979366,21.339,0,False,357.9,-177.89999999999998,0.0,0.0,0.0,0.0,65027
1789387983.8584077,21.20983389997855,0.023093100055120885,979386,21.359,0,False,357.9,-177.89999999999998,0.0,0.0,0.0,0.0,65027
1789387983.878491,21.22927939996589,0.019445499987341464,979407,21.38,0,False,357.9,-177.89999999999998,0.0,0.0,0.0,0.0,65027
1789387983.8981867,21.249099000007845,0.01981960004195571,979427,21.4,0,False,357.9,-177.89999999999998,0.0,0.0,0.0,0.0,65027
1789387983.9172506,21.26827390003018,0.01917490002233535,979447,21.42,0,False,357.9,-177.89999999999998,0.0,0.0,0.0,0.0,65027
1789387983.93507,21.285856700036675,0.017582800006493926,979467,21.44,0,False,357.9,-177.89999999999998,0.0,0.0,0.0,0.0,65027
1789387983.9592545,21.30993089999538,0.024074199958704412,979487,21.46,0,False,357.9,-177.89999999999998,0.0,0.0,0.0,0.0,65027
1789387983.976932,21.328107599983923,0.018176699988543987,979507,21.48,0,False,357.9,-177.89999999999998,0.0,0.0,0.0,0.0,65027
1789387983.9956267,21.346761799999513,0.018654200015589595,979528,21.501,0,False,357.9,-177.89999999999998,0.0,0.0,0.0,0.0,65027
1789387984.0181253,21.36968080000952,0.02291900001000613,979547,21.52,0,False,357.9,-177.89999999999998,0.0,0.0,0.0,0.0,65027
1789387984.0352545,21.386227599927224,0.016546799917705357,979568,21.541,0,False,357.9,-177.89999999999998,0.0,0.0,0.0,0.0,65027
1789387984.0581312,21.409632800030522,0.02340520010329783,979588,21.561,0,False,357.9,-177.89999999999998,0.0,0.0,0.0,0.0,65027
1789387984.0783825,21.429378199973144,0.01974539994262159,979608,21.581,0,False,357.9,-177.89999999999998,0.0,0.0,0.0,0.0,65027
1789387984.096031,21.447203899966553,0.017825699993409216,979628,21.601,0,False,357.9,-177.89999999999998,0.0,0.0,0.0,0.0,65027
1789387984.1191523,21.470170099986717,0.02296620002016425,979648,21.621,0,False,357.9,-177.89999999999998,0.0,0.0,0.0,0.0,65027
1789387984.135465,21.486788999987766,0.016618900001049042,979668,21.641,0,False,357.9,-177.89999999999998,0.0,0.0,0.0,0.0,65027
1789387984.1590714,21.510657800012268,0.02386880002450198,979689,21.662,0,False,357.9,-177.89999999999998,0.0,0.0,0.0,0.0,65027
1789387984.1780787,21.52880259999074,0.018144799978472292,979709,21.682,0,False,357.9,-177.89999999999998,0.0,0.0,0.0,0.0,65027
1789387984.198742,21.549697499955073,0.02089489996433258,979729,21.702,0,False,357.9,-177.89999999999998,0.0,0.0,0.0,0.0,65027
1789387984.217793,21.568529499927536,0.018831999972462654,979749,21.722,0,False,357.9,-177.89999999999998,0.0,0.0,0.0,0.0,65027
1789387984.235411,21.58651299995836,0.017983500030823052,979769,21.742,0,False,357.9,-177.89999999999998,0.0,0.0,0.0,0.0,65027
1789387984.2581966,21.60899530001916,0.022482300060801208,979789,21.762,0,False,357.9,-177.89999999999998,0.0,0.0,0.0,0.0,65027
1789387984.2784472,21.629886799957603,0.020891499938443303,979809,21.782,0,False,357.9,-177.89999999999998,0.0,0.0,0.0,0.0,65027
1789387984.2973406,21.6484035999747,0.018516800017096102,979830,21.803,0,False,357.9,-177.89999999999998,0.0,0.0,0.0,0.0,65027
1789387984.3160403,21.666738100000657,0.018334500025957823,979850,21.823,0,False,357.9,-177.89999999999998,0.0,0.0,0.0,0.0,65027
1789387984.3357024,21.686456899973564,0.01971879997290671,979870,21.843,0,False,357.9,-177.89999999999998,0.0,0.0,0.0,0.0,65027
1789387984.3570752,21.708110700012185,0.02165380003862083,979890,21.863,0,False,357.9,-177.89999999999998,0.0,0.0,0.0,0.0,65027
1789387984.3771887,21.728660900029354,0.020550200017169118,979910,21.883,0,False,357.9,-177.89999999999998,0.0,0.0,0.0,0.0,65027
1789387984.3964183,21.747762499959208,0.019101599929854274,979931,21.904,0,False,357.9,-177.89999999999998,0.0,0.0,0.0,0.0,65027
1789387984.4163852,21.767355000018142,0.019592500058934093,979950,21.923,0,False,357.9,-177.89999999999998,0.0,0.0,0.0,0.0,65027
1789387984.445143,21.79600269999355,0.028647699975408614,979975,21.948,0,False,357.9,-177.89999999999998,0.0,0.0,0.0,0.0,65027
1789387984.4610567,21.811681399936788,0.015678699943237007,979990,21.963,0,False,357.9,-177.89999999999998,0.0,0.0,0.0,0.0,65027
1789387984.4804873,21.831860200036317,0.020178800099529326,980011,21.984,0,False,357.9,-177.89999999999998,0.0,0.0,0.0,0.0,65027
1789387984.4997125,21.85102870000992,0.019168499973602593,980031,22.004,0,False,357.9,-177.89999999999998,0.0,0.0,0.0,0.0,65027
1789387984.5159106,21.867479800013825,0.016451100003905594,980051,22.024,0,False,357.9,-177.89999999999998,0.0,0.0,0.0,0.0,65027
1789387984.5355039,21.886123799951747,0.018643999937921762,980071,22.044,0,False,357.9,-177.89999999999998,0.0,0.0,0.0,0.0,65027
1789387984.5576699,21.90879509993829,0.02267129998654127,980091,22.064,0,False,357.9,-177.89999999999998,0.0,0.0,0.0,0.0,65027
1789387984.5785859,21.929791299975477,0.020996200037188828,980111,22.084,0,False,357.9,-177.89999999999998,0.0,0.0,0.0,0.0,65027
1789387984.5950353,21.946114099933766,0.01632279995828867,980132,22.105,0,False,357.9,-177.89999999999998,0.0,0.0,0.0,0.0,65027
1789387984.6182716,21.969108399935067,0.02299430000130087,980152,22.125,0,False,357.9,-177.89999999999998,0.0,0.0,0.0,0.0,65027
1789387984.6368384,21.98770279996097,0.01859440002590418,980172,22.145,0,False,357.9,-177.89999999999998,0.0,0.0,0.0,0.0,65027
1789387984.6593194,22.010185900027864,0.022483100066892803,980192,22.165,0,False,357.9,-177.89999999999998,0.0,0.0,0.0,0.0,65027
1789387984.676558,22.02814930002205,0.017963399994187057,980212,22.185,0,False,357.9,-177.89999999999998,0.0,0.0,0.0,0.0,65027
1789387984.6966577,22.04760179994628,0.019452499924227595,980232,22.205,0,False,357.9,-177.89999999999998,0.0,0.0,0.0,0.0,65027
1789387984.716098,22.0674175999593,0.019815800013020635,980252,22.225,0,False,357.9,-177.89999999999998,0.0,0.0,0.0,0.0,65027
1789387984.7359343,22.08691660000477,0.019499000045470893,980273,22.246,0,False,357.9,-177.89999999999998,0.0,0.0,0.0,0.0,65027
1789387984.7567978,22.107792199938558,0.02087559993378818,980293,22.266,0,False,357.9,-177.89999999999998,0.0,0.0,0.0,0.0,65027
1789387984.777287,22.128641800023615,0.020849600085057318,980313,22.286,0,False,357.9,-177.89999999999998,0.0,0.0,0.0,0.0,65027
1789387984.796223,22.147351299994625,0.01870949997100979,980333,22.306,0,False,357.9,-177.89999999999998,0.0,0.0,0.0,0.0,65027
1789387984.8145828,22.1659626000328,0.018611300038173795,980353,22.326,0,False,357.9,-177.89999999999998,0.0,0.0,0.0,0.0,65027
1789387984.8362231,22.18709719995968,0.021134599926881492,980373,22.346,0,False,357.9,-177.89999999999998,0.0,0.0,0.0,0.0,65027
1789387984.8567452,22.208001699997112,0.020904500037431717,980393,22.366,0,False,357.9,-177.89999999999998,0.0,0.0,0.0,0.0,65027
1789387984.8753958,22.226692299940623,0.018690599943511188,980413,22.386,0,False,357.9,-177.89999999999998,0.0,0.0,0.0,0.0,65027
1789387984.8969834,22.248022399959154,0.021330100018531084,980434,22.407,0,False,357.9,-177.89999999999998,0.0,0.0,0.0,0.0,65027
1789387984.917002,22.268081199959852,0.020058800000697374,980454,22.427,0,False,357.9,-177.89999999999998,0.0,0.0,0.0,0.0,65027
1789387984.9349115,22.286441799951717,0.018360599991865456,980474,22.447,0,False,357.9,-177.89999999999998,0.0,0.0,0.0,0.0,65027
1789387984.957167,22.307900900021195,0.021459100069478154,980494,22.467,0,False,357.9,-177.89999999999998,0.0,0.0,0.0,0.0,65027
1789387984.9771998,22.328475899994373,0.02057499997317791,980514,22.487,0,False,357.9,-177.89999999999998,0.0,0.0,0.0,0.0,65027
1789387984.996865,22.348496499937028,0.02002059994265437,980534,22.507,0,False,357.9,-177.89999999999998,0.0,0.0,0.0,0.0,65027
1789387985.014459,22.36601040000096,0.017513900063931942,980554,22.527,0,False,357.9,-177.89999999999998,0.0,0.0,0.0,0.0,65027
1789387985.0364282,22.38727069995366,0.021260299952700734,980575,22.548,0,False,357.9,-177.89999999999998,0.0,0.0,0.0,0.0,65027
1789387985.0565143,22.407104399986565,0.019833700032904744,980595,22.568,0,False,357.9,-177.89999999999998,0.0,0.0,0.0,0.0,65027
1789387985.077467,22.428906099987216,0.02180170000065118,980615,22.588,0,False,357.9,-177.89999999999998,0.0,0.0,0.0,0.0,65027
1789387985.0949378,22.446078500011936,0.017172400024719536,980635,22.608,0,False,357.9,-177.89999999999998,0.0,0.0,0.0,0.0,65027
1789387985.1189787,22.47002749994863,0.023948999936692417,980655,22.628,0,False,357.9,-177.89999999999998,0.0,0.0,0.0,0.0,65027
1789387985.13614,22.487006000010297,0.016978500061668456,980675,22.648,0,False,357.9,-177.89999999999998,0.0,0.0,0.0,0.0,65027
1789387985.1554637,22.506808699923567,0.01980269991327077,980695,22.668,0,False,357.9,-177.89999999999998,0.0,0.0,0.0,0.0,65027
1789387985.178763,22.52977689995896,0.022968200035393238,980716,22.689,0,False,357.9,-177.89999999999998,0.0,0.0,0.0,0.0,65027
1789387985.1973796,22.548203899990767,0.01842700003180653,980736,22.709,0,False,357.9,-177.89999999999998,0.0,0.0,0.0,0.0,65027
1789387985.217518,22.568925700034015,0.02072180004324764,980756,22.729,0,False,357.9,-177.89999999999998,0.0,0.0,0.0,0.0,65027
1789387985.2342126,22.585681100026704,0.01675539999268949,980776,22.749,0,False,357.9,-177.89999999999998,0.0,0.0,0.0,0.0,65027
1789387985.2572079,22.608349499991164,0.02266839996445924,980796,22.769,0,False,357.9,-177.89999999999998,0.0,0.0,0.0,0.0,65027
1789387985.2793024,22.63030279998202,0.021953299990855157,980816,22.789,0,False,357.9,-177.89999999999998,0.0,0.0,0.0,0.0,65027
1789387985.2971952,22.64825299999211,0.017950200010091066,980837,22.81,0,False,357.9,-177.89999999999998,0.0,0.0,0.0,0.0,65027
1789387985.3147717,22.66635990003124,0.01810690003912896,980857,22.83,0,False,357.9,-177.89999999999998,0.0,0.0,0.0,0.0,65027
1789387985.3369534,22.68824789999053,0.021887999959290028,980877,22.85,0,False,357.9,-177.89999999999998,0.0,0.0,0.0,0.0,65027
1789387985.353884,22.70586949994322,0.017621599952690303,980897,22.87,0,False,357.9,-177.89999999999998,0.0,0.0,0.0,0.0,65027
1789387985.3761399,22.726758799981326,0.02088930003810674,980917,22.89,0,False,357.9,-177.89999999999998,0.0,0.0,0.0,0.0,65027
1789387985.396677,22.748237199964933,0.021478399983607233,980937,22.91,0,False,357.9,-177.89999999999998,0.0,0.0,0.0,0.0,65027
1789387985.4161448,22.76682839996647,0.0185912000015378,980957,22.93,0,False,357.9,-177.89999999999998,0.0,0.0,0.0,0.0,65027
1789387985.4358454,22.786833700025454,0.020005300058983266,980977,22.95,0,False,357.9,-177.89999999999998,0.0,0.0,0.0,0.0,65027
1789387985.4568439,22.808295599999838,0.021461899974383414,980997,22.97,0,False,357.9,-177.89999999999998,0.0,0.0,0.0,0.0,65027
1789387985.4764583,22.8274139999412,0.01911839994136244,981018,22.991,0,False,357.9,-177.89999999999998,0.0,0.0,0.0,0.0,65027
1789387985.4966004,22.847251900006086,0.019837900064885616,981038,23.011,0,False,357.9,-177.89999999999998,0.0,0.0,0.0,0.0,65027
1789387985.5146945,22.86549490003381,0.01824300002772361,981058,23.031,0,False,357.9,-177.89999999999998,0.0,0.0,0.0,0.0,65027
1789387985.538465,22.88989400002174,0.02439909998793155,981078,23.051,0,False,357.9,-177.89999999999998,0.0,0.0,0.0,0.0,65027
1789387985.5596137,22.910900500020944,0.021006499999202788,981098,23.071,0,False,357.9,-177.89999999999998,0.0,0.0,0.0,0.0,65027
1789387985.5757563,22.927847799961455,0.016947299940511584,981118,23.091,0,False,357.9,-177.89999999999998,0.0,0.0,0.0,0.0,65027
1789387985.5954883,22.946932599996217,0.01908480003476143,981139,23.112,0,False,357.9,-177.89999999999998,0.0,0.0,0.0,0.0,65027
1789387985.6191761,22.970357000012882,0.02342440001666546,981159,23.132,0,False,357.9,-177.89999999999998,0.0,0.0,0.0,0.0,65027
1789387985.6347337,22.986252999980934,0.01589599996805191,981179,23.152,0,False,357.9,-177.89999999999998,0.0,0.0,0.0,0.0,65027
1789387985.6582904,23.009379099938087,0.0231260999571532,981199,23.172,0,False,357.9,-177.89999999999998,0.0,0.0,0.0,0.0,65027
1789387985.6810033,23.031709900009446,0.02233080007135868,981219,23.192,0,False,357.9,-177.89999999999998,0.0,0.0,0.0,0.0,65027
1789387985.69682,23.047515299986117,0.015805399976670742,981239,23.212,0,False,357.9,-177.89999999999998,0.0,0.0,0.0,0.0,65027
1789387985.716331,23.067356499959715,0.019841199973598123,981259,23.232,0,False,357.9,-177.89999999999998,0.0,0.0,0.0,0.0,65027
1789387985.735141,23.086184600018896,0.018828100059181452,981279,23.252,0,False,357.9,-177.89999999999998,0.0,0.0,0.0,0.0,65027
1789387985.7578092,23.1084722999949,0.02228769997600466,981300,23.273,0,False,357.9,-177.89999999999998,0.0,0.0,0.0,0.0,65027
1789387985.7782693,23.129177800030448,0.02070550003554672,981320,23.293,0,False,357.9,-177.89999999999998,0.0,0.0,0.0,0.0,65027
1789387985.7955475,23.14666510000825,0.01748729997780174,981340,23.313,0,False,357.9,-177.89999999999998,0.0,0.0,0.0,0.0,65027
1789387985.816112,23.167677899939008,0.021012799930758774,981360,23.333,0,False,357.9,-177.89999999999998,0.0,0.0,0.0,0.0,65027
1789387985.8377957,23.18838990002405,0.020712000085040927,981380,23.353,0,False,357.9,-177.89999999999998,0.0,0.0,0.0,0.0,65027
1789387985.8583586,23.209737499943003,0.021347599918954074,981400,23.373,0,False,357.9,-177.89999999999998,0.0,0.0,0.0,0.0,65027
1789387985.8771272,23.228167599998415,0.018430100055411458,981420,23.393,0,False,357.9,-177.89999999999998,0.0,0.0,0.0,0.0,65027
1789387985.8976986,23.248648899956606,0.020481299958191812,981441,23.414,0,False,357.9,-177.89999999999998,0.0,0.0,0.0,0.0,65027
1789387985.9172065,23.267945099971257,0.01929620001465082,981461,23.434,0,False,357.9,-177.89999999999998,0.0,0.0,0.0,0.0,65027
1789387985.9366014,23.287549400003627,0.019604300032369792,981481,23.454,0,False,357.9,-177.89999999999998,0.0,0.0,0.0,0.0,65027
1789387985.956358,23.307722899946384,0.02017349994275719,981501,23.474,0,False,357.9,-177.89999999999998,0.0,0.0,0.0,0.0,65027
1789387985.9773476,23.329311699955724,0.021588800009340048,981521,23.494,0,False,357.9,-177.89999999999998,0.0,0.0,0.0,0.0,65027
1789387985.9955282,23.346150500001386,0.016838800045661628,981541,23.514,0,False,357.9,-177.89999999999998,0.0,0.0,0.0,0.0,65027
1789387986.0151873,23.36716499994509,0.021014499943703413,981561,23.534,0,False,357.9,-177.89999999999998,0.0,0.0,0.0,0.0,65027
1789387986.03697,23.388056800002232,0.020891800057142973,981581,23.554,0,False,357.9,-177.89999999999998,0.0,0.0,0.0,0.0,65027
1789387986.0575924,23.408590500010177,0.0205337000079453,981602,23.575,0,False,357.9,-177.89999999999998,0.0,0.0,0.0,0.0,65027
1789387986.0786653,23.42952519992832,0.02093469991814345,981622,23.595,0,False,357.9,-177.89999999999998,0.0,0.0,0.0,0.0,65027
1789387986.0941515,23.445001099957153,0.015475900028832257,981642,23.615,0,False,357.9,-177.89999999999998,0.0,0.0,0.0,0.0,65027
1789387986.1165779,23.468041299958713,0.02304020000156015,981662,23.635,0,False,357.9,-177.89999999999998,0.0,0.0,0.0,0.0,65027
1789387986.1358464,23.487026599934325,0.01898529997561127,981682,23.655,0,False,357.9,-177.89999999999998,0.0,0.0,0.0,0.0,65027
1789387986.1583834,23.50989300000947,0.022866400075145066,981702,23.675,0,False,357.9,-177.89999999999998,0.0,0.0,0.0,0.0,65027
1789387986.1760514,23.5271836000029,0.017290599993430078,981722,23.695,0,False,357.9,-177.89999999999998,0.0,0.0,0.0,0.0,65027
1789387986.1967688,23.54806009994354,0.020876499940641224,981743,23.716,0,False,357.9,-177.89999999999998,0.0,0.0,0.0,0.0,65027
1789387986.2171478,23.56786860001739,0.019808500073850155,981763,23.736,0,False,357.9,-177.89999999999998,0.0,0.0,0.0,0.0,65027
1789387986.2359912,23.587083299993537,0.01921469997614622,981783,23.756,0,False,357.9,-177.89999999999998,0.0,0.0,0.0,0.0,65027
1789387986.2585988,23.610094500007108,0.023011200013570487,981803,23.776,0,False,357.9,-177.89999999999998,0.0,0.0,0.0,0.0,65027
1789387986.2766626,23.627949199988507,0.01785469998139888,981823,23.796,0,False,357.9,-177.89999999999998,0.0,0.0,0.0,0.0,65027
1789387986.2952626,23.646531100035645,0.018581900047138333,981844,23.817,0,False,357.9,-177.89999999999998,0.0,0.0,0.0,0.0,65027
1789387986.3182838,23.66928569995798,0.022754599922336638,981863,23.836,0,False,357.9,-177.89999999999998,0.0,0.0,0.0,0.0,65027
1789387986.3380868,23.689119299990125,0.019833600032143295,981884,23.857,0,False,357.9,-177.89999999999998,0.0,0.0,0.0,0.0,65027
1789387986.355373,23.706069399951957,0.016950099961832166,981904,23.877,0,False,357.9,-177.89999999999998,0.0,0.0,0.0,0.0,65027
1789387986.3801546,23.730786100029945,0.024716700077988207,981924,23.897,0,False,357.9,-177.89999999999998,0.0,0.0,0.0,0.0,65027
1789387986.3983989,23.749126699985936,0.01834059995599091,981944,23.917,0,False,357.9,-177.89999999999998,0.0,0.0,0.0,0.0,65027
1789387986.4171872,23.768419099971652,0.019292399985715747,981964,23.937,0,False,357.9,-177.89999999999998,0.0,0.0,0.0,0.0,65027
1789387986.436697,23.787449799943715,0.019030699972063303,981984,23.957,0,False,357.9,-177.89999999999998,0.0,0.0,0.0,0.0,65027
1789387986.459597,23.810520199942403,0.023070399998687208,982004,23.977,0,False,357.9,-177.89999999999998,0.0,0.0,0.0,0.0,65027
1789387986.477986,23.82949659996666,0.0189764000242576,982025,23.998,0,False,357.9,-177.89999999999998,0.0,0.0,0.0,0.0,65027
1789387986.4961784,23.84731019998435,0.01781360001768917,982045,24.018,0,False,357.9,-177.89999999999998,0.0,0.0,0.0,0.0,65027
1789387986.5191028,23.870452499948442,0.023142299964092672,982065,24.038,0,False,357.9,-177.89999999999998,0.0,0.0,0.0,0.0,65027
1789387986.5367815,23.88785319996532,0.017400700016878545,982085,24.058,0,False,357.9,-177.89999999999998,0.0,0.0,0.0,0.0,65027
1789387986.5607164,23.911728799925186,0.023875599959865212,982105,24.078,0,False,357.9,-177.89999999999998,0.0,0.0,0.0,0.0,65027
1789387986.5784242,23.929020599927753,0.01729180000256747,982125,24.098,0,False,357.9,-177.89999999999998,0.0,0.0,0.0,0.0,65027
1789387986.5970602,23.94837999995798,0.019359400030225515,982146,24.119,0,False,357.9,-177.89999999999998,0.0,0.0,0.0,0.0,65027
1789387986.6171522,23.968129299930297,0.019749299972318113,982166,24.139,0,False,357.9,-177.89999999999998,0.0,0.0,0.0,0.0,65027
1789387986.6375325,23.988284899969585,0.0201556000392884,982186,24.159,0,False,357.9,-177.89999999999998,0.0,0.0,0.0,0.0,65027
1789387986.6565182,24.00762950000353,0.019344600033946335,982206,24.179,0,False,357.9,-177.89999999999998,0.0,0.0,0.0,0.0,65027
1789387986.6766903,24.027383300010115,0.019753800006583333,982226,24.199,0,False,357.9,-177.89999999999998,0.0,0.0,0.0,0.0,65027
1789387986.6962156,24.047573999967426,0.020190699957311153,982246,24.219,0,False,357.9,-177.89999999999998,0.0,0.0,0.0,0.0,65027
1789387986.7164326,24.06708680000156,0.01951280003413558,982266,24.239,0,False,357.9,-177.89999999999998,0.0,0.0,0.0,0.0,65027
1789387986.7361717,24.087420900003053,0.020334100001491606,982287,24.26,0,False,357.9,-177.89999999999998,0.0,0.0,0.0,0.0,65027
1789387986.757842,24.10919270000886,0.021771800005808473,982307,24.28,0,False,357.9,-177.89999999999998,0.0,0.0,0.0,0.0,65027
1789387986.7794178,24.13009500002954,0.02090230002067983,982327,24.3,0,False,357.9,-177.89999999999998,0.0,0.0,0.0,0.0,65027
1789387986.7975843,24.14821579994168,0.018120799912139773,982347,24.32,0,False,357.9,-177.89999999999998,0.0,0.0,0.0,0.0,65027
1789387986.8146698,24.166188000002876,0.0179722000611946,982367,24.34,0,False,357.9,-177.89999999999998,0.0,0.0,0.0,0.0,65027
1789387986.8356273,24.186484499950893,0.0202964999480173,982387,24.36,0,False,357.9,-177.89999999999998,0.0,0.0,0.0,0.0,65027
1789387986.8573985,24.208964099991135,0.022479600040242076,982408,24.381,0,False,357.9,-177.89999999999998,0.0,0.0,0.0,0.0,65027
1789387986.8777285,24.22940179996658,0.020437699975445867,982428,24.401,0,False,357.9,-177.89999999999998,0.0,0.0,0.0,0.0,65027
1789387986.8973026,24.24814649997279,0.018744700006209314,982448,24.421,0,False,357.9,-177.89999999999998,0.0,0.0,0.0,0.0,65027
1789387986.915967,24.267421399941668,0.019274899968877435,982468,24.441,0,False,357.9,-177.89999999999998,0.0,0.0,0.0,0.0,65027
1789387986.9357474,24.287162599968724,0.01974120002705604,982488,24.461,0,False,357.9,-177.89999999999998,0.0,0.0,0.0,0.0,65027
1789387986.9589698,24.310181999928318,0.02301939995959401,982508,24.481,0,False,357.9,-177.89999999999998,0.0,0.0,0.0,0.0,65027
1789387986.976896,24.32826209999621,0.01808010006789118,982528,24.501,0,False,357.9,-177.89999999999998,0.0,0.0,0.0,0.0,65027
1789387986.9969206,24.347898299922235,0.019636199926026165,982549,24.522,0,False,357.9,-177.89999999999998,0.0,0.0,0.0,0.0,65027
1789387987.015705,24.36658949998673,0.018691200064495206,982569,24.542,0,False,357.9,-177.89999999999998,0.0,0.0,0.0,0.0,65027
1789387987.0354896,24.386561900028028,0.019972400041297078,982589,24.562,0,False,357.9,-177.89999999999998,0.0,0.0,0.0,0.0,65027
1789387987.053729,24.40460210002493,0.01804019999690354,982609,24.582,0,False,357.9,-177.89999999999998,0.0,0.0,0.0,0.0,65027
1789387987.0778627,24.42905069992412,0.024448599899187684,982629,24.602,0,False,357.9,-177.89999999999998,0.0,0.0,0.0,0.0,65027
1789387987.0982828,24.449734900030307,0.020684200106188655,982650,24.623,0,False,357.9,-177.89999999999998,0.0,0.0,0.0,0.0,65027
1789387987.1155124,24.46702739992179,0.017292499891482294,982669,24.642,0,False,357.9,-177.89999999999998,0.0,0.0,0.0,0.0,65027
1789387987.1367455,24.487689699977636,0.020662300055846572,982690,24.663,0,False,357.9,-177.89999999999998,0.0,0.0,0.0,0.0,65027
1789387987.1566625,24.50823129992932,0.020541599951684475,982710,24.683,0,False,357.9,-177.89999999999998,0.0,0.0,0.0,0.0,65027
1789387987.1745207,24.525854200008325,0.017622900079004467,982730,24.703,0,False,357.9,-177.89999999999998,0.0,0.0,0.0,0.0,65027
1789387987.1988237,24.549605599953793,0.02375139994546771,982750,24.723,0,False,357.9,-177.89999999999998,0.0,0.0,0.0,0.0,65027
1789387987.2152328,24.566817099926993,0.01721149997320026,982770,24.743,0,False,357.9,-177.89999999999998,0.0,0.0,0.0,0.0,65027
1789387987.23522,24.58649230003357,0.019675200106576085,982790,24.763,0,False,357.9,-177.89999999999998,0.0,0.0,0.0,0.0,65027
1789387987.2568173,24.60798239998985,0.021490099956281483,982810,24.783,0,False,357.9,-177.89999999999998,0.0,0.0,0.0,0.0,65027
1789387987.275122,24.6266715999227,0.018689199932850897,982831,24.804,0,False,357.9,-177.89999999999998,0.0,0.0,0.0,0.0,65027
1789387987.2964647,24.647595799993724,0.020924200071021914,982851,24.824,0,False,357.9,-177.89999999999998,0.0,0.0,0.0,0.0,65027
1789387987.317579,24.669106999994256,0.02151120000053197,982871,24.844,0,False,357.9,-177.89999999999998,0.0,0.0,0.0,0.0,65027
1789387987.335855,24.68717069993727,0.01806369994301349,982891,24.864,0,False,357.9,-177.89999999999998,0.0,0.0,0.0,0.0,65027
1789387987.356874,24.708332199952565,0.021161500015296042,982911,24.884,0,False,357.9,-177.89999999999998,0.0,0.0,0.0,0.0,65027
1789387987.3754492,24.726865699980408,0.01853350002784282,982931,24.904,0,False,357.9,-177.89999999999998,0.0,0.0,0.0,0.0,65027
1789387987.397545,24.748427200014703,0.021561500034295022,982952,24.925,0,False,357.9,-177.89999999999998,0.0,0.0,0.0,0.0,65027
1789387987.4167829,24.767410699976608,0.01898349996190518,982972,24.945,0,False,357.9,-177.89999999999998,0.0,0.0,0.0,0.0,65027
1789387987.4351983,24.78622270002961,0.01881200005300343,982992,24.965,0,False,357.9,-177.89999999999998,0.0,0.0,0.0,0.0,65027
1789387987.4592426,24.810428999946453,0.02420629991684109,983012,24.985,0,False,357.9,-177.89999999999998,0.0,0.0,0.0,0.0,65027
1789387987.4781847,24.82946489995811,0.01903590001165867,983032,25.005,0,False,357.9,-177.89999999999998,0.0,0.0,0.0,0.0,65027
1789387987.4983733,24.84929399995599,0.019829099997878075,983053,25.026,0,False,357.9,-177.89999999999998,0.0,0.0,0.0,0.0,65027
1789387987.5192473,24.87008609995246,0.020792099996469915,983072,25.045,0,False,357.9,-177.89999999999998,0.0,0.0,0.0,0.0,65027
1789387987.5398114,24.890829099924304,0.020742999971844256,983093,25.066,0,False,357.9,-177.89999999999998,0.0,0.0,0.0,0.0,65027
1789387987.5564225,24.90741560002789,0.016586500103585422,983113,25.086,0,False,357.9,-177.89999999999998,0.0,0.0,0.0,0.0,65027
1789387987.575797,24.926772499922663,0.01935689989477396,983133,25.106,0,False,357.9,-177.89999999999998,0.0,0.0,0.0,0.0,65027
1789387987.5958672,24.9468571000034,0.02008460008073598,983153,25.126,0,False,357.9,-177.89999999999998,0.0,0.0,0.0,0.0,65027
1789387987.6174679,24.968503499985673,0.02164639998227358,983173,25.146,0,False,357.9,-177.89999999999998,0.0,0.0,0.0,0.0,65027
1789387987.6366236,24.987387700006366,0.018884200020693243,983193,25.166,0,False,357.9,-177.89999999999998,0.0,0.0,0.0,0.0,65027
1789387987.6578596,25.00866309995763,0.021275399951264262,983213,25.186,0,False,357.9,-177.89999999999998,0.0,0.0,0.0,0.0,65027
1789387987.6767988,25.028196800034493,0.01953370007686317,983234,25.207,0,False,357.9,-177.89999999999998,0.0,0.0,0.0,0.0,65027
1789387987.6948435,25.045677199959755,0.017480399925261736,983254,25.227,0,False,357.9,-177.89999999999998,0.0,0.0,0.0,0.0,65027
1789387987.7156143,25.06679820001591,0.021121000056155026,983274,25.247,0,False,357.9,-177.89999999999998,0.0,0.0,0.0,0.0,65027
1789387987.7359781,25.087495199986733,0.020696999970823526,983294,25.267,0,False,357.9,-177.89999999999998,0.0,0.0,0.0,0.0,65027
1789387987.7578497,25.109221199993044,0.021726000006310642,983314,25.287,0,False,357.9,-177.89999999999998,0.0,0.0,0.0,0.0,65027
1789387987.7770839,25.12817789998371,0.018956699990667403,983334,25.307,0,False,357.9,-177.89999999999998,0.0,0.0,0.0,0.0,65027
1789387987.7963095,25.147452499950305,0.019274599966593087,983355,25.328,0,False,357.9,-177.89999999999998,0.0,0.0,0.0,0.0,65027
1789387987.8156943,25.16711109993048,0.019658599980175495,983375,25.348,0,False,357.9,-177.89999999999998,0.0,0.0,0.0,0.0,65027
1789387987.8354497,25.18702499999199,0.019913900061510503,983395,25.368,0,False,357.9,-177.89999999999998,0.0,0.0,0.0,0.0,65027
1789387987.8573573,25.20810219994746,0.02107719995547086,983415,25.388,0,False,357.9,-177.89999999999998,0.0,0.0,0.0,0.0,65027
1789387987.8772197,25.228317399974912,0.02021520002745092,983435,25.408,0,False,357.9,-177.89999999999998,0.0,0.0,0.0,0.0,65027
1789387987.8993578,25.250407899962738,0.02209049998782575,983456,25.429,0,False,357.9,-177.89999999999998,0.0,0.0,0.0,0.0,65027
1789387987.91963,25.270481999963522,0.0200741000007838,983475,25.448,0,False,357.9,-177.89999999999998,0.0,0.0,0.0,0.0,65027
1789387987.9376912,25.288811999955215,0.018329999991692603,983496,25.469,0,False,357.9,-177.89999999999998,0.0,0.0,0.0,0.0,65027
1789387987.9570706,25.307672700029798,0.018860700074583292,983516,25.489,0,False,357.9,-177.89999999999998,0.0,0.0,0.0,0.0,65027
1789387987.9770823,25.328509100014344,0.020836399984546006,983536,25.509,0,False,357.9,-177.89999999999998,0.0,0.0,0.0,0.0,65027
1789387987.998275,25.34898000000976,0.020470899995416403,983556,25.529,0,False,357.9,-177.89999999999998,0.0,0.0,0.0,0.0,65027
1789387988.0179644,25.36858220002614,0.019602200016379356,983576,25.549,0,False,357.9,-177.89999999999998,0.0,0.0,0.0,0.0,65027
1789387988.0371602,25.387784900027327,0.019202700001187623,983596,25.569,0,False,357.9,-177.89999999999998,0.0,0.0,0.0,0.0,65027
1789387988.0574148,25.40816290001385,0.0203779999865219,983616,25.589,0,False,357.9,-177.89999999999998,0.0,0.0,0.0,0.0,65027
1789387988.076736,25.428637300035916,0.02047440002206713,983637,25.61,0,False,357.9,-177.89999999999998,0.0,0.0,0.0,0.0,65027
1789387988.0953221,25.446162599953823,0.017525299917906523,983657,25.63,0,False,357.9,-177.89999999999998,0.0,0.0,0.0,0.0,65027
1789387988.115075,25.465933199971914,0.0197706000180915,983677,25.65,0,False,357.9,-177.89999999999998,0.0,0.0,0.0,0.0,65027
1789387988.1369157,25.487854499951936,0.021921299980022013,983697,25.67,0,False,357.9,-177.89999999999998,0.0,0.0,0.0,0.0,65027
1789387988.159102,25.510357999941334,0.022503499989397824,983717,25.69,0,False,357.9,-177.89999999999998,0.0,0.0,0.0,0.0,65027
1789387988.1775453,25.52885400003288,0.018496000091545284,983737,25.71,0,False,357.9,-177.89999999999998,0.0,0.0,0.0,0.0,65027
1789387988.1965542,25.54738919995725,0.018535199924372137,983758,25.731,0,False,357.9,-177.89999999999998,0.0,0.0,0.0,0.0,65027
1789387988.216691,25.567388399969786,0.019999200012534857,983778,25.751,0,False,357.9,-177.89999999999998,0.0,0.0,0.0,0.0,65027
1789387988.2354455,25.586908099940047,0.019519699970260262,983798,25.771,0,False,357.9,-177.89999999999998,0.0,0.0,0.0,0.0,65027
1789387988.2567296,25.60779719997663,0.02088910003658384,983818,25.791,0,False,357.9,-177.89999999999998,0.0,0.0,0.0,0.0,65027
1789387988.278495,25.62956699996721,0.021769799990579486,983838,25.811,0,False,357.9,-177.89999999999998,0.0,0.0,0.0,0.0,65027
1789387988.297778,25.649212699965574,0.019645699998363853,983858,25.831,0,False,357.9,-177.89999999999998,0.0,0.0,0.0,0.0,65027
1789387988.3156445,25.66703759995289,0.01782489998731762,983879,25.852,0,False,357.9,-177.89999999999998,0.0,0.0,0.0,0.0,65027
1789387988.3350132,25.686298699933104,0.019261099980212748,983899,25.872,0,False,357.9,-177.89999999999998,0.0,0.0,0.0,0.0,65027
1789387988.3576727,25.70881520002149,0.022516500088386238,983919,25.892,0,False,357.9,-177.89999999999998,0.0,0.0,0.0,0.0,65027
1789387988.3798835,25.73057220003102,0.021757000009529293,983939,25.912,0,False,357.9,-177.89999999999998,0.0,0.0,0.0,0.0,65027
1789387988.3991916,25.75016890000552,0.019596699974499643,983959,25.932,0,False,357.9,-177.89999999999998,0.0,0.0,0.0,0.0,65027
1789387988.4181414,25.769008200033568,0.018839300028048456,983979,25.952,0,False,357.9,-177.89999999999998,0.0,0.0,0.0,0.0,65027
1789387988.4414208,25.79236259998288,0.02335439994931221,983999,25.972,0,False,357.9,-177.89999999999998,0.0,0.0,0.0,0.0,65027
1789387988.4591272,25.81065470003523,0.01829210005234927,984020,25.993,0,False,357.9,-177.89999999999998,0.0,0.0,0.0,0.0,65027
1789387988.475285,25.826204299926758,0.015549599891528487,984040,26.013,0,False,357.9,-177.89999999999998,0.0,0.0,0.0,0.0,65027
1789387988.494517,25.845716699957848,0.019512400031089783,984060,26.033,0,False,357.9,-177.89999999999998,0.0,0.0,0.0,0.0,65027
1789387988.5183082,25.8695445000194,0.023827800061553717,984080,26.053,0,False,357.9,-177.89999999999998,0.0,0.0,0.0,0.0,65027
1789387988.5399938,25.891196699929424,0.02165219991002232,984100,26.073,0,False,357.9,-177.89999999999998,0.0,0.0,0.0,0.0,65027
1789387988.5595016,25.91017359995749,0.018976900028064847,984120,26.093,0,False,357.9,-177.89999999999998,0.0,0.0,0.0,0.0,65027
1789387988.57805,25.928926500026137,0.01875290006864816,984140,26.113,0,False,357.9,-177.89999999999998,0.0,0.0,0.0,0.0,65027
1789387988.5974996,25.948472799966112,0.019546299939975142,984161,26.134,0,False,357.9,-177.89999999999998,0.0,0.0,0.0,0.0,65027
1789387988.6188114,25.969656400033273,0.021183600067161024,984181,26.154,0,False,357.9,-177.89999999999998,0.0,0.0,0.0,0.0,65027
1789387988.6334817,25.98483660002239,0.015180199989117682,984201,26.174,0,False,357.9,-177.89999999999998,0.0,0.0,0.0,0.0,65027
1789387988.65707,26.00783739995677,0.023000799934379756,984221,26.194,0,False,357.9,-177.89999999999998,0.0,0.0,0.0,0.0,65027
1789387988.6782813,26.029130599927157,0.021293199970386922,984241,26.214,0,False,357.9,-177.89999999999998,0.0,0.0,0.0,0.0,65027
1789387988.6972823,26.048497600015253,0.019367000088095665,984261,26.234,0,False,357.9,-177.89999999999998,0.0,0.0,0.0,0.0,65027
1789387988.7166643,26.06752719997894,0.01902959996368736,984282,26.255,0,False,357.9,-177.89999999999998,0.0,0.0,0.0,0.0,65027
1789387988.7363513,26.087334799929522,0.01980759995058179,984302,26.275,0,False,357.9,-177.89999999999998,0.0,0.0,0.0,0.0,65027
1789387988.7600749,26.110811799997464,0.023477000067941844,984322,26.295,0,False,357.9,-177.89999999999998,0.0,0.0,0.0,0.0,65027
1789387988.7774954,26.128530899994075,0.017719099996611476,984342,26.315,0,False,357.9,-177.89999999999998,0.0,0.0,0.0,0.0,65027
1789387988.7950358,26.146254700026475,0.017723800032399595,984362,26.335,0,False,357.9,-177.89999999999998,0.0,0.0,0.0,0.0,65027
1789387988.8158166,26.166752899996936,0.020498199970461428,984382,26.355,0,False,357.9,-177.89999999999998,0.0,0.0,0.0,0.0,65027
1789387988.8374035,26.188726000022143,0.021973100025206804,984402,26.375,0,False,357.9,-177.89999999999998,0.0,0.0,0.0,0.0,65027
1789387988.859492,26.21092470001895,0.02219869999680668,984422,26.395,0,False,357.9,-177.89999999999998,0.0,0.0,0.0,0.0,65027
1789387988.8757045,26.22637529997155,0.015450599952600896,984443,26.416,0,False,357.9,-177.89999999999998,0.0,0.0,0.0,0.0,65027
1789387988.897685,26.24958429997787,0.023209000006318092,984463,26.436,0,False,357.9,-177.89999999999998,0.0,0.0,0.0,0.0,65027
1789387988.9141355,26.265565700014122,0.015981400036253035,984483,26.456,0,False,357.9,-177.89999999999998,0.0,0.0,0.0,0.0,65027
1789387988.9380038,26.289348099962808,0.02378239994868636,984503,26.476,0,False,357.9,-177.89999999999998,0.0,0.0,0.0,0.0,65027
1789387988.9571884,26.3086252999492,0.01927719998639077,984523,26.496,0,False,357.9,-177.89999999999998,0.0,0.0,0.0,0.0,65027
1789387988.9784706,26.32920609996654,0.02058080001734197,984543,26.516,0,False,357.9,-177.89999999999998,0.0,0.0,0.0,0.0,65027
1789387988.9962869,26.34721979999449,0.018013700027950108,984564,26.537,0,False,357.9,-177.89999999999998,0.0,0.0,0.0,0.0,65027
1789387989.016025,26.36666709999554,0.01944730000104755,984584,26.557,0,False,357.9,-177.89999999999998,0.0,0.0,0.0,0.0,65027
1789387989.038556,26.38956399995368,0.022896899958141148,984604,26.577,0,False,357.9,-177.89999999999998,0.0,0.0,0.0,0.0,65027
1789387989.0587895,26.409398299991153,0.01983430003747344,984624,26.597,0,False,357.9,-177.89999999999998,0.0,0.0,0.0,0.0,65027
1789387989.0758977,26.4268872999819,0.01748899999074638,984644,26.617,0,False,357.9,-177.89999999999998,0.0,0.0,0.0,0.0,65027
1789387989.0964124,26.447965999948792,0.0210786999668926,984664,26.637,0,False,357.9,-177.89999999999998,0.0,0.0,0.0,0.0,65027
1789387989.1187084,26.46965069998987,0.02168470004107803,984684,26.657,0,False,357.9,-177.89999999999998,0.0,0.0,0.0,0.0,65027
1789387989.1347086,26.485432300018147,0.015781600028276443,984705,26.678,0,False,357.9,-177.89999999999998,0.0,0.0,0.0,0.0,65027
1789387989.1584475,26.50974030001089,0.024307999992743134,984725,26.698,0,False,357.9,-177.89999999999998,0.0,0.0,0.0,0.0,65027
1789387989.1773746,26.528368099941872,0.01862779993098229,984745,26.718,0,False,357.9,-177.89999999999998,0.0,0.0,0.0,0.0,65027
1789387989.1959524,26.547073499998078,0.01870540005620569,984765,26.738,0,False,357.9,-177.89999999999998,0.0,0.0,0.0,0.0,65027
1789387989.2152088,26.566817899933085,0.019744399935007095,984786,26.759,0,False,357.9,-177.89999999999998,0.0,0.0,0.0,0.0,65027
1789387989.2361152,26.5876971000107,0.02087920007761568,984805,26.778,0,False,357.9,-177.89999999999998,0.0,0.0,0.0,0.0,65027
1789387989.2582083,26.608888200018555,0.021191100007854402,984826,26.799,0,False,357.9,-177.89999999999998,0.0,0.0,0.0,0.0,65027
1789387989.2783918,26.629750399966724,0.02086219994816929,984846,26.819,0,False,357.9,-177.89999999999998,0.0,0.0,0.0,0.0,65027
1789387989.2967217,26.648052699980326,0.01830230001360178,984866,26.839,0,False,357.9,-177.89999999999998,0.0,0.0,0.0,0.0,65027
1789387989.3159506,26.66746659995988,0.019413899979554117,984886,26.859,0,False,357.9,-177.89999999999998,0.0,0.0,0.0,0.0,65027
1789387989.3353596,26.686887399991974,0.01942080003209412,984906,26.879,0,False,357.9,-177.89999999999998,0.0,0.0,0.0,0.0,65027
1789387989.3567553,26.707493599969894,0.02060619997791946,984926,26.899,0,False,357.9,-177.89999999999998,0.0,0.0,0.0,0.0,65027
1789387989.3764782,26.727958799921907,0.02046519995201379,984946,26.919,0,False,357.9,-177.89999999999998,0.0,0.0,0.0,0.0,65027
1789387989.3962252,26.747740200022236,0.019781400100328028,984967,26.94,0,False,357.9,-177.89999999999998,0.0,0.0,0.0,0.0,65027
1789387989.4183242,26.76960679993499,0.02186659991275519,984987,26.96,0,False,357.9,-177.89999999999998,0.0,0.0,0.0,0.0,65027
1789387989.4400973,26.790821900009178,0.02121510007418692,985007,26.98,0,False,357.9,-177.89999999999998,0.0,0.0,0.0,0.0,65027
1789387989.4592655,26.810812899959274,0.01999099995009601,985027,27.0,0,False,357.9,-177.89999999999998,0.0,0.0,0.0,0.0,65027
1789387989.4779522,26.829195099999197,0.01838220003992319,985047,27.02,0,False,357.9,-177.89999999999998,0.0,0.0,0.0,0.0,65027
1789387989.4958313,26.84718309994787,0.01798799994867295,985068,27.041,0,False,357.9,-177.89999999999998,0.0,0.0,0.0,0.0,65027
1789387989.5193832,26.870510599925183,0.023327499977312982,985088,27.061,0,False,357.9,-177.89999999999998,0.0,0.0,0.0,0.0,65027
1789387989.53808,26.889362299931236,0.01885170000605285,985108,27.081,0,False,357.9,-177.89999999999998,0.0,0.0,0.0,0.0,65027
1789387989.5573132,26.90884669998195,0.019484400050714612,985128,27.101,0,False,357.9,-177.89999999999998,0.0,0.0,0.0,0.0,65027
1789387989.5768049,26.927856200025417,0.019009500043466687,985148,27.121,0,False,357.9,-177.89999999999998,0.0,0.0,0.0,0.0,65027
1789387989.600036,26.95083969994448,0.022983499919064343,985168,27.141,0,False,357.9,-177.89999999999998,0.0,0.0,0.0,0.0,65027
1789387989.6163292,26.967538199969567,0.016698500025086105,985188,27.161,0,False,357.9,-177.89999999999998,0.0,0.0,0.0,0.0,65027
1789387989.635127,26.985853099962696,0.018314899993129075,985209,27.182,0,False,357.9,-177.89999999999998,0.0,0.0,0.0,0.0,65027
1789387989.6593397,27.01054279995151,0.024689699988812208,985229,27.202,0,False,357.9,-177.89999999999998,0.0,0.0,0.0,0.0,65027
1789387989.6777198,27.0292564999545,0.018713700002990663,985249,27.222,0,False,357.9,-177.89999999999998,0.0,0.0,0.0,0.0,65027
1789387989.6976604,27.048305799951777,0.019049299997277558,985269,27.242,0,False,357.9,-177.89999999999998,0.0,0.0,0.0,0.0,65027
1789387989.7170916,27.068005400011316,0.01969960005953908,985289,27.262,0,False,357.9,-177.89999999999998,0.0,0.0,0.0,0.0,65027
1789387989.7356877,27.086662499932572,0.018657099921256304,985309,27.282,0,False,357.9,-177.89999999999998,0.0,0.0,0.0,0.0,65027
1789387989.7592988,27.110189700033516,0.023527200100943446,985329,27.302,0,False,357.9,-177.89999999999998,0.0,0.0,0.0,0.0,65027
1789387989.7787538,27.12979259993881,0.01960289990529418,985350,27.323,0,False,357.9,-177.89999999999998,0.0,0.0,0.0,0.0,65027
1789387989.7989295,27.149558400036767,0.019765800097957253,985370,27.343,0,False,357.9,-177.89999999999998,0.0,0.0,0.0,0.0,65027
1789387989.8161538,27.167287999996915,0.017729599960148335,985390,27.363,0,False,357.9,-177.89999999999998,0.0,0.0,0.0,0.0,65027
1789387989.8357465,27.187149200006388,0.019861200009472668,985410,27.383,0,False,357.9,-177.89999999999998,0.0,0.0,0.0,0.0,65027
1789387989.856338,27.20720890001394,0.02005970000755042,985430,27.403,0,False,357.9,-177.89999999999998,0.0,0.0,0.0,0.0,65027
1789387989.878449,27.22937890002504,0.022170000011101365,985450,27.423,0,False,357.9,-177.89999999999998,0.0,0.0,0.0,0.0,65027
1789387989.8982182,27.249044599942863,0.019665699917823076,985471,27.444,0,False,357.9,-177.89999999999998,0.0,0.0,0.0,0.0,65027
1789387989.9163888,27.267261300003156,0.01821670006029308,985491,27.464,0,False,357.9,-177.89999999999998,0.0,0.0,0.0,0.0,65027
1789387989.935469,27.28658870002255,0.01932740001939237,985511,27.484,0,False,357.9,-177.89999999999998,0.0,0.0,0.0,0.0,65027
1789387989.9585288,27.309491600026377,0.02290290000382811,985531,27.504,0,False,357.9,-177.89999999999998,0.0,0.0,0.0,0.0,65027
1789387989.976219,27.32741329993587,0.017921699909493327,985551,27.524,0,False,357.9,-177.89999999999998,0.0,0.0,0.0,0.0,65027
1789387989.9972959,27.348276200005785,0.020862900069914758,985572,27.545,0,False,357.9,-177.89999999999998,0.0,0.0,0.0,0.0,65027
1789387990.0159044,27.367010099929757,0.018733899923972785,985591,27.564,0,False,357.9,-177.89999999999998,0.0,0.0,0.0,0.0,65027
1789387990.0368037,27.38779029995203,0.020780200022272766,985612,27.585,0,False,357.9,-177.89999999999998,0.0,0.0,0.0,0.0,65027
1789387990.0579731,27.409210699959658,0.021420400007627904,985632,27.605,0,False,357.9,-177.89999999999998,0.0,0.0,0.0,0.0,65027
1789387990.0785763,27.430076699936762,0.020865999977104366,985652,27.625,0,False,357.9,-177.89999999999998,0.0,0.0,0.0,0.0,65027
1789387990.0968935,27.448251500027254,0.01817480009049177,985672,27.645,0,False,357.9,-177.89999999999998,0.0,0.0,0.0,0.0,65027
1789387990.1171932,27.468221599934623,0.01997009990736842,985692,27.665,0,False,357.9,-177.89999999999998,0.0,0.0,0.0,0.0,65027
1789387990.1355803,27.48680630000308,0.018584700068458915,985713,27.686,0,False,357.9,-177.89999999999998,0.0,0.0,0.0,0.0,65027
1789387990.1530507,27.504610499949194,0.01780419994611293,985733,27.706,0,False,357.9,-177.89999999999998,0.0,0.0,0.0,0.0,65027
1789387990.176623,27.528184599941596,0.023574099992401898,985753,27.726,0,False,357.9,-177.89999999999998,0.0,0.0,0.0,0.0,65027
1789387990.1967752,27.547780700027943,0.01959610008634627,985773,27.746,0,False,357.9,-177.89999999999998,0.0,0.0,0.0,0.0,65027
1789387990.2165234,27.567253699991852,0.019472999963909388,985793,27.766,0,False,357.9,-177.89999999999998,0.0,0.0,0.0,0.0,65027
1789387990.234969,27.585988899925724,0.018735199933871627,985813,27.786,0,False,357.9,-177.89999999999998,0.0,0.0,0.0,0.0,65027
1789387990.2590673,27.610081700026058,0.02409280010033399,985833,27.806,0,False,357.9,-177.89999999999998,0.0,0.0,0.0,0.0,65027
1789387990.278226,27.6291435000021,0.019061799976043403,985854,27.827,0,False,357.9,-177.89999999999998,0.0,0.0,0.0,0.0,65027
1789387990.296842,27.64775619993452,0.018612699932418764,985874,27.847,0,False,357.9,-177.89999999999998,0.0,0.0,0.0,0.0,65027
1789387990.3189223,27.66966449993197,0.02190829999744892,985894,27.867,0,False,357.9,-177.89999999999998,0.0,0.0,0.0,0.0,65027
1789387990.3358493,27.686945399967954,0.017280900035984814,985914,27.887,0,False,357.9,-177.89999999999998,0.0,0.0,0.0,0.0,65027
1789387990.3565452,27.707932899938896,0.020987499970942736,985934,27.907,0,False,357.9,-177.89999999999998,0.0,0.0,0.0,0.0,65027
1789387990.379199,27.73038349999115,0.022450600052252412,985954,27.927,0,False,357.9,-177.89999999999998,0.0,0.0,0.0,0.0,65027
1789387990.3972678,27.748739399947226,0.018355899956077337,985975,27.948,0,False,357.9,-177.89999999999998,0.0,0.0,0.0,0.0,65027
1789387990.416801,27.767773099942133,0.019033699994906783,985995,27.968,0,False,357.9,-177.89999999999998,0.0,0.0,0.0,0.0,65027
1789387990.4396636,27.790889099938795,0.02311599999666214,986015,27.988,0,False,357.9,-177.89999999999998,0.0,0.0,0.0,0.0,65027
1789387990.4586594,27.80934779997915,0.018458700040355325,986035,28.008,0,False,357.9,-177.89999999999998,0.0,0.0,0.0,0.0,65027
1789387990.4763908,27.827763499924913,0.018415699945762753,986055,28.028,0,False,357.9,-177.89999999999998,0.0,0.0,0.0,0.0,65027
1789387990.495348,27.84670589992311,0.01894239999819547,986076,28.049,0,False,357.9,-177.89999999999998,0.0,0.0,0.0,0.0,65027
1789387990.5188239,27.870114099932835,0.023408200009725988,986096,28.069,0,False,357.9,-177.89999999999998,0.0,0.0,0.0,0.0,65027
1789387990.5364664,27.887130199931562,0.01701609999872744,986116,28.089,0,False,357.9,-177.89999999999998,0.0,0.0,0.0,0.0,65027
1789387990.5590668,27.91015100001823,0.023020800086669624,986136,28.109,0,False,357.9,-177.89999999999998,0.0,0.0,0.0,0.0,65027
1789387990.5825922,27.933385999989696,0.023234999971464276,986156,28.129,0,False,357.9,-177.89999999999998,0.0,0.0,0.0,0.0,65027
1789387990.5975163,27.948127300012857,0.014741300023160875,986177,28.15,0,False,357.9,-177.89999999999998,0.0,0.0,0.0,0.0,65027
1789387990.6153302,27.966891199932434,0.018763899919576943,986196,28.169,0,False,357.9,-177.89999999999998,0.0,0.0,0.0,0.0,65027
1789387990.6329832,27.984867400024086,0.017976200091652572,986216,28.189,0,False,357.9,-177.89999999999998,0.0,0.0,0.0,0.0,65027
1789387990.6575348,28.008393099997193,0.023525699973106384,986237,28.21,0,False,357.9,-177.89999999999998,0.0,0.0,0.0,0.0,65027
1789387990.6776242,28.02842640003655,0.020033300039358437,986257,28.23,0,False,357.9,-177.89999999999998,0.0,0.0,0.0,0.0,65027
1789387990.6967988,28.047705400036648,0.019279000000096858,986277,28.25,0,False,357.9,-177.89999999999998,0.0,0.0,0.0,0.0,65027
1789387990.7190628,28.070106699946336,0.022401299909688532,986297,28.27,0,False,357.9,-177.89999999999998,0.0,0.0,0.0,0.0,65027
1789387990.7356844,28.086988599970937,0.016881900024600327,986317,28.29,0,False,357.9,-177.89999999999998,0.0,0.0,0.0,0.0,65027
1789387990.7587597,28.109436900005676,0.022448300034739077,986337,28.31,0,False,357.9,-177.89999999999998,0.0,0.0,0.0,0.0,65027
1789387990.7785413,28.129432799993083,0.01999589998740703,986358,28.331,0,False,357.9,-177.89999999999998,0.0,0.0,0.0,0.0,65027
1789387990.7972186,28.148085900000297,0.018653100007213652,986378,28.351,0,False,357.9,-177.89999999999998,0.0,0.0,0.0,0.0,65027
1789387990.8173423,28.168100000009872,0.020014100009575486,986398,28.371,0,False,357.9,-177.89999999999998,0.0,0.0,0.0,0.0,65027
1789387990.834344,28.185587899992242,0.017487899982370436,986418,28.391,0,False,357.9,-177.89999999999998,0.0,0.0,0.0,0.0,65027
1789387990.8556366,28.207029499928467,0.02144159993622452,986438,28.411,0,False,357.9,-177.89999999999998,0.0,0.0,0.0,0.0,65027
1789387990.878165,28.228763099992648,0.02173360006418079,986458,28.431,0,False,357.9,-177.89999999999998,0.0,0.0,0.0,0.0,65027
1789387990.897544,28.24847370001953,0.019710600026883185,986479,28.452,0,False,357.9,-177.89999999999998,0.0,0.0,0.0,0.0,65027
1789387990.9159684,28.266638300032355,0.01816460001282394,986499,28.472,0,False,357.9,-177.89999999999998,0.0,0.0,0.0,0.0,65027
1789387990.936091,28.286855999962427,0.02021769993007183,986519,28.492,0,False,357.9,-177.89999999999998,0.0,0.0,0.0,0.0,65027
1789387990.9550288,28.30616249993909,0.01930649997666478,986539,28.512,0,False,357.9,-177.89999999999998,0.0,0.0,0.0,0.0,65027
1789387990.9789183,28.329528699978255,0.023366200039163232,986559,28.532,0,False,357.9,-177.89999999999998,0.0,0.0,0.0,0.0,65027
1789387990.9965603,28.348141000024043,0.018612300045788288,986580,28.553,0,False,357.9,-177.89999999999998,0.0,0.0,0.0,0.0,65027
1789387991.0161977,28.367526400019415,0.0193853999953717,986599,28.572,0,False,357.9,-177.89999999999998,0.0,0.0,0.0,0.0,65027
1789387991.035342,28.38641389994882,0.01888749992940575,986620,28.593,0,False,357.9,-177.89999999999998,0.0,0.0,0.0,0.0,65027
1789387991.0581343,28.40880690002814,0.02239300007931888,986640,28.613,0,False,357.9,-177.89999999999998,0.0,0.0,0.0,0.0,65027
1789387991.0785332,28.429255099967122,0.020448199938982725,986660,28.633,0,False,357.9,-177.89999999999998,0.0,0.0,0.0,0.0,65027
1789387991.0971904,28.447921999963,0.01866689999587834,986680,28.653,0,False,357.9,-177.89999999999998,0.0,0.0,0.0,0.0,65027
1789387991.1167312,28.46800350002013,0.020081500057131052,986700,28.673,0,False,357.9,-177.89999999999998,0.0,0.0,0.0,0.0,65027
1789387991.1354473,28.487250000005588,0.019246499985456467,986720,28.693,0,False,357.9,-177.89999999999998,0.0,0.0,0.0,0.0,65027
1789387991.1598685,28.510668899980374,0.023418899974785745,986741,28.714,0,False,357.9,-177.89999999999998,0.0,0.0,0.0,0.0,65027
1789387991.1770365,28.528419899987057,0.01775100000668317,986761,28.734,0,False,357.9,-177.89999999999998,0.0,0.0,0.0,0.0,65027
1789387991.1971033,28.54828380001709,0.0198639000300318,986781,28.754,0,False,357.9,-177.89999999999998,0.0,0.0,0.0,0.0,65027
1789387991.216762,28.567982999957167,0.01969919994007796,986801,28.774,0,False,357.9,-177.89999999999998,0.0,0.0,0.0,0.0,65027
1789387991.235474,28.586801099940203,0.018818099983036518,986821,28.794,0,False,357.9,-177.89999999999998,0.0,0.0,0.0,0.0,65027
1789387991.258624,28.610559899942018,0.02375880000181496,986841,28.814,0,False,357.9,-177.89999999999998,0.0,0.0,0.0,0.0,65027
1789387991.2792096,28.63032849994488,0.019768600002862513,986861,28.834,0,False,357.9,-177.89999999999998,0.0,0.0,0.0,0.0,65027
1789387991.2972195,28.64883469999768,0.018506200052797794,986882,28.855,0,False,357.9,-177.89999999999998,0.0,0.0,0.0,0.0,65027
1789387991.3182108,28.668981699971482,0.02014699997380376,986902,28.875,0,False,357.9,-177.89999999999998,0.0,0.0,0.0,0.0,65027
1789387991.334658,28.68568300001789,0.016701300046406686,986922,28.895,0,False,357.9,-177.89999999999998,0.0,0.0,0.0,0.0,65027
1789387991.3578358,28.70848389994353,0.022800899925641716,986942,28.915,0,False,357.9,-177.89999999999998,0.0,0.0,0.0,0.0,65027
1789387991.3776107,28.728955999948084,0.020472100004553795,986962,28.935,0,False,357.9,-177.89999999999998,0.0,0.0,0.0,0.0,65027
1789387991.3970199,28.74888710002415,0.019931100076064467,986985,28.958,0,False,357.9,-177.89999999999998,0.0,0.0,0.0,0.0,65027
1789387991.4305708,28.781694100005552,0.03280699998140335,987004,28.977,0,False,357.9,-177.89999999999998,0.0,0.0,0.0,0.0,65027
1789387991.4431477,28.793994899955578,0.012300799950025976,987024,28.997,0,False,357.9,-177.89999999999998,0.0,0.0,0.0,0.0,65027
1789387991.5834637,28.934350199997425,0.14035530004184693,987043,29.016,0,False,357.9,-177.89999999999998,0.0,0.0,0.0,0.0,65027
1789387991.6525247,29.003859299933538,0.06950909993611276,987222,29.195,0,False,357.9,-177.89999999999998,0.0,0.0,0.0,0.0,65027
1789387991.6973505,29.048129400005564,0.04427010007202625,987276,29.249,0,False,357.9,-177.89999999999998,0.0,0.0,0.0,0.0,65027
1789387991.713844,29.065102500026114,0.01697310002055019,987293,29.266,0,False,357.9,-177.89999999999998,0.0,0.0,0.0,0.0,65027
1789387991.730142,29.081321300007403,0.016218799981288612,987310,29.283,0,False,357.9,-177.89999999999998,0.0,0.0,0.0,0.0,65027
1789387991.7659943,29.11697989993263,0.03565859992522746,987344,29.317,0,False,357.9,-177.89999999999998,0.0,0.0,0.0,0.0,65027
1789387991.7758744,29.126783399959095,0.009803500026464462,987363,29.336,0,False,357.9,-177.89999999999998,0.0,0.0,0.0,0.0,65027
1789387991.7924492,29.14304779993836,0.016264399979263544,987373,29.346,0,False,357.9,-177.89999999999998,0.0,0.0,0.0,0.0,65027
1789387991.7994726,29.151060699950904,0.008012900012545288,987389,29.362,0,False,357.9,-177.89999999999998,0.0,0.0,0.0,0.0,65027
1789387991.817152,29.168037299998105,0.016976600047200918,987406,29.379,0,False,357.9,-177.89999999999998,0.0,0.0,0.0,0.0,65027
1789387991.8382254,29.189563199994154,0.021525899996049702,987426,29.399,0,False,357.9,-177.89999999999998,0.0,0.0,0.0,0.0,65027
1789387991.8599052,29.210704499972053,0.021141299977898598,987446,29.419,0,False,357.9,-177.89999999999998,0.0,0.0,0.0,0.0,65027
1789387991.8772986,29.228031000006013,0.017326500033959746,987466,29.439,0,False,357.9,-177.89999999999998,0.0,0.0,0.0,0.0,65027
1789387991.8983166,29.24912219995167,0.021091199945658445,987487,29.46,0,False,357.9,-177.89999999999998,0.0,0.0,0.0,0.0,65027
1789387991.9179647,29.26855329994578,0.01943109999410808,987507,29.48,0,False,357.9,-177.89999999999998,0.0,0.0,0.0,0.0,65027
1789387991.93685,29.28763329994399,0.01907999999821186,987527,29.5,0,False,357.9,-177.89999999999998,0.0,0.0,0.0,0.0,65027
1789387991.9579384,29.308706299983896,0.02107300003990531,987547,29.52,0,False,357.9,-177.89999999999998,0.0,0.0,0.0,0.0,65027
1789387991.9795158,29.330287199933082,0.02158089994918555,987567,29.54,0,False,357.9,-177.89999999999998,0.0,0.0,0.0,0.0,65027
1789387991.9963923,29.347422900027595,0.017135700094513595,987588,29.561,0,False,357.9,-177.89999999999998,0.0,0.0,0.0,0.0,65027
1789387992.0201774,29.371024299995042,0.023601399967446923,987607,29.58,0,False,357.9,-177.89999999999998,0.0,0.0,0.0,0.0,65027
1789387992.034348,29.385537400026806,0.014513100031763315,987628,29.601,0,False,357.9,-177.89999999999998,0.0,0.0,0.0,0.0,65027
1789387992.057453,29.408737699966878,0.023200299940072,987648,29.621,0,False,357.9,-177.89999999999998,0.0,0.0,0.0,0.0,65027
1789387992.075867,29.427412200020626,0.01867450005374849,987668,29.641,0,False,357.9,-177.89999999999998,0.0,0.0,0.0,0.0,65027
1789387992.0955193,29.446706800023094,0.019294600002467632,987688,29.661,0,False,357.9,-177.89999999999998,0.0,0.0,0.0,0.0,65027
1789387992.1161425,29.467689499957487,0.020982699934393167,987708,29.681,0,False,357.9,-177.89999999999998,0.0,0.0,0.0,0.0,65027
1789387992.138351,29.489468900021166,0.021779400063678622,987729,29.702,0,False,357.9,-177.89999999999998,0.0,0.0,0.0,0.0,65027
1789387992.1568294,29.507800100021996,0.018331200000829995,987749,29.722,0,False,357.9,-177.89999999999998,0.0,0.0,0.0,0.0,65027
1789387992.177572,29.52829219994601,0.02049209992401302,987769,29.742,0,False,357.9,-177.89999999999998,0.0,0.0,0.0,0.0,65027
1789387992.1952262,29.546514799934812,0.018222599988803267,987789,29.762,0,False,357.9,-177.89999999999998,0.0,0.0,0.0,0.0,65027
1789387992.2164257,29.5678757999558,0.021361000020988286,987809,29.782,0,False,357.9,-177.89999999999998,0.0,0.0,0.0,0.0,65027
1789387992.2361503,29.587717599933967,0.01984179997816682,987829,29.802,0,False,357.9,-177.89999999999998,0.0,0.0,0.0,0.0,65027
1789387992.2595966,29.610338200000115,0.022620600066147745,987849,29.822,0,False,357.9,-177.89999999999998,0.0,0.0,0.0,0.0,65027
1789387992.2767646,29.628214600030333,0.017876400030218065,987870,29.843,0,False,357.9,-177.89999999999998,0.0,0.0,0.0,0.0,65027
1789387992.2959228,29.64728599996306,0.019071399932727218,987890,29.863,0,False,357.9,-177.89999999999998,0.0,0.0,0.0,0.0,65027
1789387992.315568,29.666375900036655,0.019089900073595345,987910,29.883,0,False,357.9,-177.89999999999998,0.0,0.0,0.0,0.0,65027
1789387992.3364484,29.687191299977712,0.020815399941056967,987930,29.903,0,False,357.9,-177.89999999999998,0.0,0.0,0.0,0.0,65027
1789387992.3575885,29.709028500015847,0.02183720003813505,987950,29.923,0,False,357.9,-177.89999999999998,0.0,0.0,0.0,0.0,65027
1789387992.3755872,29.727190600009635,0.018162099993787706,987970,29.943,0,False,357.9,-177.89999999999998,0.0,0.0,0.0,0.0,65027
1789387992.396555,29.747725800029002,0.02053520001936704,987991,29.964,0,False,357.9,-177.89999999999998,0.0,0.0,0.0,0.0,65027
1789387992.4197755,29.770668699988164,0.022942899959161878,988011,29.984,0,False,357.9,-177.89999999999998,0.0,0.0,0.0,0.0,65027
1789387992.436499,29.788003399968147,0.01733469997998327,988031,30.004,0,False,357.9,-177.89999999999998,0.0,0.0,0.0,0.0,65027
1789387992.455255,29.80672150000464,0.018718100036494434,988051,30.024,0,False,357.9,-177.89999999999998,0.0,0.0,0.0,0.0,65027
1789387992.4776704,29.82871259993408,0.02199109992943704,988071,30.044,0,False,357.9,-177.89999999999998,0.0,0.0,0.0,0.0,65027
1789387992.4998865,29.851068799966015,0.02235620003193617,988092,30.065,0,False,357.9,-177.89999999999998,0.0,0.0,0.0,0.0,65027
1789387992.5180874,29.868719000020064,0.017650200054049492,988111,30.084,0,False,357.9,-177.89999999999998,0.0,0.0,0.0,0.0,65027
1789387992.5346951,29.886145900003612,0.017426899983547628,988132,30.105,0,False,357.9,-177.89999999999998,0.0,0.0,0.0,0.0,65027
1789387992.5556118,29.906392200035043,0.02024630003143102,988152,30.125,0,False,357.9,-177.89999999999998,0.0,0.0,0.0,0.0,65027
1789387992.5790627,29.930585899972357,0.024193699937313795,988172,30.145,0,False,357.9,-177.89999999999998,0.0,0.0,0.0,0.0,65027
1789387992.596807,29.947886599926278,0.01730069995392114,988192,30.165,0,False,357.9,-177.89999999999998,0.0,0.0,0.0,0.0,65027
1789387992.6158807,29.967049999977462,0.019163400051184,988212,30.185,0,False,357.9,-177.89999999999998,0.0,0.0,0.0,0.0,65027
1789387992.636582,29.987585399998352,0.020535400020889938,988232,30.205,0,False,357.9,-177.89999999999998,0.0,0.0,0.0,0.0,65027
1789387992.6590052,30.00963560002856,0.022050200030207634,988253,30.226,0,False,357.9,-177.89999999999998,0.0,0.0,0.0,0.0,65027
1789387992.6776793,30.028431199956685,0.01879559992812574,988273,30.246,0,False,357.9,-177.89999999999998,0.0,0.0,0.0,0.0,65027
1789387992.695699,30.046953100012615,0.01852190005593002,988293,30.266,0,False,357.9,-177.89999999999998,0.0,0.0,0.0,0.0,65027
1789387992.7159607,30.067521199933253,0.020568099920637906,988313,30.286,0,False,357.9,-177.89999999999998,0.0,0.0,0.0,0.0,65027
1789387992.7346897,30.085522299981676,0.018001100048422813,988333,30.306,0,False,357.9,-177.89999999999998,0.0,0.0,0.0,0.0,65027
1789387992.758525,30.109873699955642,0.02435139997396618,988353,30.326,0,False,357.9,-177.89999999999998,0.0,0.0,0.0,0.0,65027
1789387992.77603,30.12683379999362,0.0169601000379771,988373,30.346,0,False,357.9,-177.89999999999998,0.0,0.0,0.0,0.0,65027
1789387992.796507,30.14780779997818,0.020973999984562397,988394,30.367,0,False,357.9,-177.89999999999998,0.0,0.0,0.0,0.0,65027
1789387992.8166344,30.167623099987395,0.019815300009213388,988414,30.387,0,False,357.9,-177.89999999999998,0.0,0.0,0.0,0.0,65027
1789387992.836511,30.187851700000465,0.02022860001306981,988434,30.407,0,False,357.9,-177.89999999999998,0.0,0.0,0.0,0.0,65027
1789387992.8584473,30.2096360999858,0.021784399985335767,988454,30.427,0,False,357.9,-177.89999999999998,0.0,0.0,0.0,0.0,65027
1789387992.8775928,30.228731599985622,0.019095499999821186,988474,30.447,0,False,357.9,-177.89999999999998,0.0,0.0,0.0,0.0,65027
1789387992.898336,30.249715499929152,0.02098389994353056,988495,30.468,0,False,357.9,-177.89999999999998,0.0,0.0,0.0,0.0,65027
1789387992.9157755,30.26702979998663,0.01731430005747825,988515,30.488,0,False,357.9,-177.89999999999998,0.0,0.0,0.0,0.0,65027
1789387992.9348426,30.28573929995764,0.01870949997100979,988535,30.508,0,False,357.9,-177.89999999999998,0.0,0.0,0.0,0.0,65027
1789387992.9580843,30.30878159997519,0.023042300017550588,988555,30.528,0,False,357.9,-177.89999999999998,0.0,0.0,0.0,0.0,65027
1789387992.9795518,30.330473299953155,0.021691699977964163,988575,30.548,0,False,357.9,-177.89999999999998,0.0,0.0,0.0,0.0,65027
1789387992.9956312,30.34710339992307,0.016630099969916046,988596,30.569,0,False,357.9,-177.89999999999998,0.0,0.0,0.0,0.0,65027
1789387993.0185535,30.36936369992327,0.022260300000198185,988615,30.588,0,False,357.9,-177.89999999999998,0.0,0.0,0.0,0.0,65027
1789387993.0354276,30.3865422999952,0.017178600071929395,988635,30.608,0,False,357.9,-177.89999999999998,0.0,0.0,0.0,0.0,65027
1789387993.0575438,30.409241599962115,0.022699299966916442,988656,30.629,0,False,357.9,-177.89999999999998,0.0,0.0,0.0,0.0,65027
1789387993.0779333,30.429426999995485,0.02018540003336966,988676,30.649,0,False,357.9,-177.89999999999998,0.0,0.0,0.0,0.0,65027
1789387993.0981667,30.449211800005287,0.019784800009801984,988696,30.669,0,False,357.9,-177.89999999999998,0.0,0.0,0.0,0.0,65027
1789387993.1163359,30.467457399936393,0.01824559993110597,988716,30.689,0,False,357.9,-177.89999999999998,0.0,0.0,0.0,0.0,65027
1789387993.1351597,30.48661819996778,0.019160800031386316,988736,30.709,0,False,357.9,-177.89999999999998,0.0,0.0,0.0,0.0,65027
1789387993.1559598,30.50706800003536,0.020449800067581236,988756,30.729,0,False,357.9,-177.89999999999998,0.0,0.0,0.0,0.0,65027
1789387993.1788392,30.52943039999809,0.022362399962730706,988777,30.75,0,False,357.9,-177.89999999999998,0.0,0.0,0.0,0.0,65027
1789387993.1957538,30.546637199935503,0.017206799937412143,988797,30.77,0,False,357.9,-177.89999999999998,0.0,0.0,0.0,0.0,65027
1789387993.2158656,30.566607199958526,0.019970000023022294,988817,30.79,0,False,357.9,-177.89999999999998,0.0,0.0,0.0,0.0,65027
1789387993.2350535,30.58651369996369,0.019906500005163252,988837,30.81,0,False,357.9,-177.89999999999998,0.0,0.0,0.0,0.0,65027
1789387993.255736,30.60732209996786,0.020808400004170835,988857,30.83,0,False,357.9,-177.89999999999998,0.0,0.0,0.0,0.0,65027
1789387993.2776577,30.62858589994721,0.02126379997935146,988877,30.85,0,False,357.9,-177.89999999999998,0.0,0.0,0.0,0.0,65027
1789387993.2977543,30.649082400021143,0.02049650007393211,988898,30.871,0,False,357.9,-177.89999999999998,0.0,0.0,0.0,0.0,65027
1789387993.3160846,30.666989999939688,0.017907599918544292,988918,30.891,0,False,357.9,-177.89999999999998,0.0,0.0,0.0,0.0,65027
1789387993.3351486,30.68620869994629,0.019218700006604195,988938,30.911,0,False,357.9,-177.89999999999998,0.0,0.0,0.0,0.0,65027
1789387993.3589854,30.70998539996799,0.02377670002169907,988958,30.931,0,False,357.9,-177.89999999999998,0.0,0.0,0.0,0.0,65027
1789387993.3797371,30.731293199933134,0.021307799965143204,988978,30.951,0,False,357.9,-177.89999999999998,0.0,0.0,0.0,0.0,65027
1789387993.3973467,30.748697999981232,0.017404800048097968,988999,30.972,0,False,357.9,-177.89999999999998,0.0,0.0,0.0,0.0,65027
1789387993.4169228,30.767619999940507,0.018921999959275126,989019,30.992,0,False,357.9,-177.89999999999998,0.0,0.0,0.0,0.0,65027
1789387993.438285,30.789049500017427,0.021429500076919794,989039,31.012,0,False,357.9,-177.89999999999998,0.0,0.0,0.0,0.0,65027
1789387993.4595537,30.81031069997698,0.021261199959553778,989059,31.032,0,False,357.9,-177.89999999999998,0.0,0.0,0.0,0.0,65027
1789387993.4791954,30.82990000001155,0.019589300034567714,989079,31.052,0,False,357.9,-177.89999999999998,0.0,0.0,0.0,0.0,65027
1789387993.4979775,30.84945959993638,0.019559599924832582,989100,31.073,0,False,357.9,-177.89999999999998,0.0,0.0,0.0,0.0,65027
1789387993.5201533,30.87094910000451,0.02148950006812811,989119,31.092,0,False,357.9,-177.89999999999998,0.0,0.0,0.0,0.0,65027
1789387993.5387528,30.889447800000198,0.018498699995689094,989140,31.113,0,False,357.9,-177.89999999999998,0.0,0.0,0.0,0.0,65027
1789387993.5568604,30.90789249993395,0.018444699933752418,989160,31.133,0,False,357.9,-177.89999999999998,0.0,0.0,0.0,0.0,65027
1789387993.5771768,30.92816419992596,0.020271699992008507,989180,31.153,0,False,357.9,-177.89999999999998,0.0,0.0,0.0,0.0,65027
1789387993.5978262,30.94901620002929,0.020852000103332102,989201,31.174,0,False,357.9,-177.89999999999998,0.0,0.0,0.0,0.0,65027
1789387993.6206365,30.971595800016075,0.02257959998678416,989220,31.193,0,False,357.9,-177.89999999999998,0.0,0.0,0.0,0.0,65027
1789387993.6380763,30.989263199968264,0.017667399952188134,989240,31.213,0,False,357.9,-177.89999999999998,0.0,0.0,0.0,0.0,65027
1789387993.6579351,31.00872539996635,0.01946219999808818,989261,31.234,0,False,357.9,-177.89999999999998,0.0,0.0,0.0,0.0,65027
1789387993.6785588,31.029439899954014,0.02071449998766184,989281,31.254,0,False,357.9,-177.89999999999998,0.0,0.0,0.0,0.0,65027
1789387993.698768,31.05033999995794,0.020900100003927946,989301,31.274,0,False,357.9,-177.89999999999998,0.0,0.0,0.0,0.0,65027
1789387993.71689,31.067753299954347,0.01741329999640584,989321,31.294,0,False,357.9,-177.89999999999998,0.0,0.0,0.0,0.0,65027
1789387993.736521,31.087432599975727,0.019679300021380186,989341,31.314,0,False,357.9,-177.89999999999998,0.0,0.0,0.0,0.0,65027
1789387993.7599378,31.11078180000186,0.023349200026132166,989361,31.334,0,False,357.9,-177.89999999999998,0.0,0.0,0.0,0.0,65027
1789387993.7775517,31.128279899945483,0.017498099943622947,989382,31.355,0,False,357.9,-177.89999999999998,0.0,0.0,0.0,0.0,65027
1789387993.7972748,31.147931199986488,0.019651300041005015,989402,31.375,0,False,357.9,-177.89999999999998,0.0,0.0,0.0,0.0,65027
1789387993.8162763,31.167514799977653,0.0195835999911651,989422,31.395,0,False,357.9,-177.89999999999998,0.0,0.0,0.0,0.0,65027
1789387993.8363469,31.18742229999043,0.019907500012777746,989442,31.415,0,False,357.9,-177.89999999999998,0.0,0.0,0.0,0.0,65027
1789387993.8579755,31.209010599995963,0.0215883000055328,989462,31.435,0,False,357.9,-177.89999999999998,0.0,0.0,0.0,0.0,65027
1789387993.8807278,31.23168650001753,0.02267590002156794,989482,31.455,0,False,357.9,-177.89999999999998,0.0,0.0,0.0,0.0,65027
1789387993.900066,31.251012000022456,0.019325500004924834,989503,31.476,0,False,357.9,-177.89999999999998,0.0,0.0,0.0,0.0,65027
1789387993.9225051,31.273130299989134,0.022118299966678023,989523,31.496,0,False,357.9,-177.89999999999998,0.0,0.0,0.0,0.0,65027
1789387993.9394305,31.290499399998225,0.0173691000090912,989543,31.516,0,False,357.9,-177.89999999999998,0.0,0.0,0.0,0.0,65027
1789387993.9580557,31.308679400011897,0.018180000013671815,989563,31.536,0,False,357.9,-177.89999999999998,0.0,0.0,0.0,0.0,65027
1789387993.979674,31.330414399970323,0.02173499995842576,989583,31.556,0,False,357.9,-177.89999999999998,0.0,0.0,0.0,0.0,65027
1789387993.997981,31.34932229993865,0.018907899968326092,989604,31.577,0,False,357.9,-177.89999999999998,0.0,0.0,0.0,0.0,65027
1789387994.0185585,31.369163100025617,0.019840800086967647,989624,31.597,0,False,357.9,-177.89999999999998,0.0,0.0,0.0,0.0,65027
1789387994.0406199,31.391295799985528,0.022132699959911406,989644,31.617,0,False,357.9,-177.89999999999998,0.0,0.0,0.0,0.0,65027
1789387994.0589383,31.409644400002435,0.018348600016906857,989664,31.637,0,False,357.9,-177.89999999999998,0.0,0.0,0.0,0.0,65027
1789387994.076818,31.427829499938525,0.01818509993609041,989684,31.657,0,False,357.9,-177.89999999999998,0.0,0.0,0.0,0.0,65027
1789387994.099217,31.450168999959715,0.02233950002118945,989705,31.678,0,False,357.9,-177.89999999999998,0.0,0.0,0.0,0.0,65027
1789387994.1208792,31.471848299959674,0.021679299999959767,989724,31.697,0,False,357.9,-177.89999999999998,0.0,0.0,0.0,0.0,65027
1789387994.135818,31.486721699940972,0.014873399981297553,989745,31.718,0,False,357.9,-177.89999999999998,0.0,0.0,0.0,0.0,65027
1789387994.1593728,31.510256299981847,0.023534600040875375,989765,31.738,0,False,357.9,-177.89999999999998,0.0,0.0,0.0,0.0,65027
1789387994.1798866,31.53080189996399,0.02054559998214245,989785,31.758,0,False,357.9,-177.89999999999998,0.0,0.0,0.0,0.0,65027
1789387994.1992579,31.550634999992326,0.019833100028336048,989805,31.778,0,False,357.9,-177.89999999999998,0.0,0.0,0.0,0.0,65027
1789387994.2165318,31.568008600035682,0.01737360004335642,989825,31.798,0,False,357.9,-177.89999999999998,0.0,0.0,0.0,0.0,65027
1789387994.239649,31.59054769994691,0.022539099911227822,989845,31.818,0,False,357.9,-177.89999999999998,0.0,0.0,0.0,0.0,65027
1789387994.2566762,31.608247000025585,0.01769930007867515,989866,31.839,0,False,357.9,-177.89999999999998,0.0,0.0,0.0,0.0,65027
1789387994.2778354,31.628593100002035,0.020346099976450205,989886,31.859,0,False,357.9,-177.89999999999998,0.0,0.0,0.0,0.0,65027
1789387994.2956533,31.647137899999507,0.018544799997471273,989906,31.879,0,False,357.9,-177.89999999999998,0.0,0.0,0.0,0.0,65027
1789387994.3187954,31.669442799990065,0.022304899990558624,989926,31.899,0,False,357.9,-177.89999999999998,0.0,0.0,0.0,0.0,65027
1789387994.3370957,31.688497200026177,0.019054400036111474,989946,31.919,0,False,357.9,-177.89999999999998,0.0,0.0,0.0,0.0,65027
1789387994.358295,31.70931930001825,0.020822099992074072,989966,31.939,0,False,357.9,-177.89999999999998,0.0,0.0,0.0,0.0,65027
1789387994.3785062,31.72911940002814,0.01980010000988841,989986,31.959,0,False,357.9,-177.89999999999998,0.0,0.0,0.0,0.0,65027
1789387994.3967812,31.747507699998096,0.01838829996995628,990007,31.98,0,False,357.9,-177.89999999999998,0.0,0.0,0.0,0.0,65027
1789387994.4169564,31.76840689999517,0.020899199997074902,990027,32.0,0,False,357.9,-177.89999999999998,0.0,0.0,0.0,0.0,65027
1789387994.4341507,31.785803199978545,0.017396299983374774,990047,32.02,0,False,357.9,-177.89999999999998,0.0,0.0,0.0,0.0,65027
1789387994.4578466,31.808900599949993,0.023097399971447885,990067,32.04,0,False,357.9,-177.89999999999998,0.0,0.0,0.0,0.0,65027
1789387994.4771166,31.828270499943756,0.019369899993762374,990087,32.06,0,False,357.9,-177.89999999999998,0.0,0.0,0.0,0.0,65027
1789387994.495399,31.84618190000765,0.01791140006389469,990108,32.081,0,False,357.9,-177.89999999999998,0.0,0.0,0.0,0.0,65027
1789387994.5192716,31.87019289995078,0.02401099994312972,990128,32.101,0,False,357.9,-177.89999999999998,0.0,0.0,0.0,0.0,65027
1789387994.537919,31.8891261999961,0.0189333000453189,990148,32.121,0,False,357.9,-177.89999999999998,0.0,0.0,0.0,0.0,65027
1789387994.5582678,31.90922639996279,0.020100199966691434,990168,32.141,0,False,357.9,-177.89999999999998,0.0,0.0,0.0,0.0,65027
1789387994.5771253,31.9277873999672,0.018561000004410744,990188,32.161,0,False,357.9,-177.89999999999998,0.0,0.0,0.0,0.0,65027
1789387994.599847,31.950870499946177,0.02308309997897595,990209,32.182,0,False,357.9,-177.89999999999998,0.0,0.0,0.0,0.0,65027
1789387994.6189592,31.969936899957247,0.019066400011070073,990228,32.201,0,False,357.9,-177.89999999999998,0.0,0.0,0.0,0.0,65027
1789387994.6400425,31.99149339995347,0.021556499996222556,990249,32.222,0,False,357.9,-177.89999999999998,0.0,0.0,0.0,0.0,65027
1789387994.6566956,32.00859209999908,0.017098700045607984,990269,32.242,0,False,357.9,-177.89999999999998,0.0,0.0,0.0,0.0,65027
1789387994.6795354,32.03099709993694,0.022404999937862158,990289,32.262,0,False,357.9,-177.89999999999998,0.0,0.0,0.0,0.0,65027
1789387994.6996186,32.05062699993141,0.01962989999447018,990309,32.282,0,False,357.9,-177.89999999999998,0.0,0.0,0.0,0.0,65027
1789387994.7177541,32.06887950003147,0.018252500100061297,990329,32.302,0,False,357.9,-177.89999999999998,0.0,0.0,0.0,0.0,65027
1789387994.740487,32.09112430003006,0.02224479999858886,990349,32.322,0,False,357.9,-177.89999999999998,0.0,0.0,0.0,0.0,65027
1789387994.758062,32.10944259993266,0.01831829990260303,990369,32.342,0,False,357.9,-177.89999999999998,0.0,0.0,0.0,0.0,65027
1789387994.775894,32.126948999939486,0.01750640000682324,990390,32.363,0,False,357.9,-177.89999999999998,0.0,0.0,0.0,0.0,65027
1789387994.7968779,32.14814639999531,0.02119740005582571,990410,32.383,0,False,357.9,-177.89999999999998,0.0,0.0,0.0,0.0,65027
1789387994.81687,32.167472400004044,0.01932600000873208,990430,32.403,0,False,357.9,-177.89999999999998,0.0,0.0,0.0,0.0,65027
1789387994.8379369,32.18914779997431,0.021675399970263243,990450,32.423,0,False,357.9,-177.89999999999998,0.0,0.0,0.0,0.0,65027
1789387994.8574781,32.208167299977504,0.0190195000031963,990470,32.443,0,False,357.9,-177.89999999999998,0.0,0.0,0.0,0.0,65027
1789387994.8791063,32.23064710001927,0.022479800041764975,990491,32.464,0,False,357.9,-177.89999999999998,0.0,0.0,0.0,0.0,65027
1789387994.897797,32.24867360002827,0.0180265000090003,990511,32.484,0,False,357.9,-177.89999999999998,0.0,0.0,0.0,0.0,65027
1789387994.918007,32.269215899985284,0.02054229995701462,990531,32.504,0,False,357.9,-177.89999999999998,0.0,0.0,0.0,0.0,65027
1789387994.934841,32.28564889996778,0.016432999982498586,990551,32.524,0,False,357.9,-177.89999999999998,0.0,0.0,0.0,0.0,65027
1789387994.959211,32.3100540000014,0.02440510003361851,990571,32.544,0,False,357.9,-177.89999999999998,0.0,0.0,0.0,0.0,65027
1789387994.9770594,32.3283726000227,0.0183186000213027,990591,32.564,0,False,357.9,-177.89999999999998,0.0,0.0,0.0,0.0,65027
1789387994.996269,32.34712179994676,0.018749199924059212,990612,32.585,0,False,357.9,-177.89999999999998,0.0,0.0,0.0,0.0,65027
1789387995.016344,32.367355499998666,0.020233700051903725,990632,32.605,0,False,357.9,-177.89999999999998,0.0,0.0,0.0,0.0,65027
1789387995.036352,32.38801949995104,0.02066399995237589,990652,32.625,0,False,357.9,-177.89999999999998,0.0,0.0,0.0,0.0,65027
1789387995.0560844,32.40759830002207,0.019578800071030855,990672,32.645,0,False,357.9,-177.89999999999998,0.0,0.0,0.0,0.0,65027
1789387995.0788357,32.43035909999162,0.022760799969546497,990692,32.665,0,False,357.9,-177.89999999999998,0.0,0.0,0.0,0.0,65027
1789387995.0986862,32.450063599972054,0.019704499980434775,990713,32.686,0,False,357.9,-177.89999999999998,0.0,0.0,0.0,0.0,65027
1789387995.117167,32.46816679998301,0.018103200010955334,990732,32.705,0,False,357.9,-177.89999999999998,0.0,0.0,0.0,0.0,65027
1789387995.1367881,32.48856780002825,0.020401000045239925,990753,32.726,0,False,357.9,-177.89999999999998,0.0,0.0,0.0,0.0,65027
1789387995.1594632,32.510869799996726,0.022301999968476593,990773,32.746,0,False,357.9,-177.89999999999998,0.0,0.0,0.0,0.0,65027
1789387995.178429,32.53049429995008,0.019624499953351915,990793,32.766,0,False,357.9,-177.89999999999998,0.0,0.0,0.0,0.0,65027
1789387995.1942053,32.545446699950844,0.01495240000076592,990813,32.786,0,False,357.9,-177.89999999999998,0.0,0.0,0.0,0.0,65027
1789387995.2156873,32.5665500999894,0.021103400038555264,990833,32.806,0,False,357.9,-177.89999999999998,0.0,0.0,0.0,0.0,65027
1789387995.2379348,32.58951590000652,0.022965800017118454,990853,32.826,0,False,357.9,-177.89999999999998,0.0,0.0,0.0,0.0,65027
1789387995.2545977,32.60636500001419,0.016849100007675588,990874,32.847,0,False,357.9,-177.89999999999998,0.0,0.0,0.0,0.0,65027
1789387995.276808,32.62805629998911,0.021691299974918365,990894,32.867,0,False,357.9,-177.89999999999998,0.0,0.0,0.0,0.0,65027
1789387995.2973542,32.64811369997915,0.020057399990037084,990914,32.887,0,False,357.9,-177.89999999999998,0.0,0.0,0.0,0.0,65027
1789387995.315186,32.66624089994002,0.01812719996087253,990934,32.907,0,False,357.9,-177.89999999999998,0.0,0.0,0.0,0.0,65027
1789387995.3357782,32.687249599955976,0.021008700015954673,990954,32.927,0,False,357.9,-177.89999999999998,0.0,0.0,0.0,0.0,65027
1789387995.3580143,32.70886060001794,0.02161100006196648,990974,32.947,0,False,357.9,-177.89999999999998,0.0,0.0,0.0,0.0,65027
1789387995.3762498,32.727359600015916,0.018498999997973442,990994,32.967,0,False,357.9,-177.89999999999998,0.0,0.0,0.0,0.0,65027
1789387995.3946593,32.74571459996514,0.018354999949224293,991015,32.988,0,False,357.9,-177.89999999999998,0.0,0.0,0.0,0.0,65027
1789387995.4153705,32.76600489998236,0.020290300017222762,991035,33.008,0,False,357.9,-177.89999999999998,0.0,0.0,0.0,0.0,65027
1789387995.4368322,32.78779830003623,0.021793400053866208,991055,33.028,0,False,357.9,-177.89999999999998,0.0,0.0,0.0,0.0,65027
1789387995.457991,32.80933339998592,0.02153509994968772,991075,33.048,0,False,357.9,-177.89999999999998,0.0,0.0,0.0,0.0,65027
1789387995.4780815,32.82870529999491,0.01937190000899136,991095,33.068,0,False,357.9,-177.89999999999998,0.0,0.0,0.0,0.0,65027
1789387995.493657,32.84447320003528,0.015767900040373206,991116,33.089,0,False,357.9,-177.89999999999998,0.0,0.0,0.0,0.0,65027
1789387995.5148406,32.86586339992937,0.021390199894085526,991136,33.109,0,False,357.9,-177.89999999999998,0.0,0.0,0.0,0.0,65027
1789387995.536522,32.88779880001675,0.02193540008738637,991156,33.129,0,False,357.9,-177.89999999999998,0.0,0.0,0.0,0.0,65027
1789387995.5576508,32.90878990001511,0.020991099998354912,991176,33.149,0,False,357.9,-177.89999999999998,0.0,0.0,0.0,0.0,65027
1789387995.5777726,32.92867439996917,0.01988449995405972,991196,33.169,0,False,357.9,-177.89999999999998,0.0,0.0,0.0,0.0,65027
1789387995.5947793,32.94583079998847,0.017156400019302964,991217,33.19,0,False,357.9,-177.89999999999998,0.0,0.0,0.0,0.0,65027
1789387995.6145747,32.96537649992388,0.019545699935406446,991236,33.209,0,False,357.9,-177.89999999999998,0.0,0.0,0.0,0.0,65027
1789387995.6345892,32.9857548000291,0.02037830010522157,991257,33.23,0,False,357.9,-177.89999999999998,0.0,0.0,0.0,0.0,65027
1789387995.6583831,33.00903600000311,0.023281199974007905,991277,33.25,0,False,357.9,-177.89999999999998,0.0,0.0,0.0,0.0,65027
1789387995.67764,33.02851929992903,0.019483299925923347,991297,33.27,0,False,357.9,-177.89999999999998,0.0,0.0,0.0,0.0,65027
1789387995.6967905,33.047561799990945,0.019042500061914325,991317,33.29,0,False,357.9,-177.89999999999998,0.0,0.0,0.0,0.0,65027
1789387995.7153249,33.06608050002251,0.01851870003156364,991337,33.31,0,False,357.9,-177.89999999999998,0.0,0.0,0.0,0.0,65027
1789387995.7360008,33.08725400001276,0.02117349999025464,991357,33.33,0,False,357.9,-177.89999999999998,0.0,0.0,0.0,0.0,65027
1789387995.756605,33.107955100014806,0.02070110000204295,991377,33.35,0,False,357.9,-177.89999999999998,0.0,0.0,0.0,0.0,65027
1789387995.7772138,33.12805980001576,0.020104700000956655,991398,33.371,0,False,357.9,-177.89999999999998,0.0,0.0,0.0,0.0,65027
1789387995.7961087,33.147177599952556,0.019117799936793745,991419,33.392,0,False,357.9,-177.89999999999998,0.0,0.0,0.0,0.0,65027
1789387995.814824,33.16594149998855,0.018763900035992265,991438,33.411,0,False,357.9,-177.89999999999998,0.0,0.0,0.0,0.0,65027
1789387995.8339188,33.18499390000943,0.019052400020882487,991458,33.431,0,False,357.9,-177.89999999999998,0.0,0.0,0.0,0.0,65027
1789387995.8530347,33.20391199993901,0.018918099929578602,991478,33.451,0,False,357.9,-177.89999999999998,0.0,0.0,0.0,0.0,65027
1789387995.8779688,33.22873680002522,0.024824800086207688,991498,33.471,0,False,357.9,-177.89999999999998,0.0,0.0,0.0,0.0,65027
1789387995.8942494,33.24489600001834,0.016159199993126094,991519,33.492,0,False,357.9,-177.89999999999998,0.0,0.0,0.0,0.0,65027
1789387995.913727,33.26487409998663,0.01997809996828437,991539,33.512,0,False,357.9,-177.89999999999998,0.0,0.0,0.0,0.0,65027
1789387995.9367354,33.28784380003344,0.022969700046814978,991559,33.532,0,False,357.9,-177.89999999999998,0.0,0.0,0.0,0.0,65027
1789387995.9544897,33.30546810000669,0.017624299973249435,991579,33.552,0,False,357.9,-177.89999999999998,0.0,0.0,0.0,0.0,65027
1789387995.973785,33.325896300026216,0.0204282000195235,991599,33.572,0,False,357.9,-177.89999999999998,0.0,0.0,0.0,0.0,65027
1789387995.9945092,33.34574799996335,0.01985169993713498,991620,33.593,0,False,357.9,-177.89999999999998,0.0,0.0,0.0,0.0,65027
1789387996.0154974,33.36655289994087,0.020804899977520108,991640,33.613,0,False,357.9,-177.89999999999998,0.0,0.0,0.0,0.0,65027
1789387996.0391524,33.390250899945386,0.023698000004515052,991660,33.633,0,False,357.9,-177.89999999999998,0.0,0.0,0.0,0.0,65027
1789387996.0544755,33.405282699968666,0.015031800023280084,991680,33.653,0,False,357.9,-177.89999999999998,0.0,0.0,0.0,0.0,65027
1789387996.0777037,33.42867389996536,0.023391199996694922,991700,33.673,0,False,357.9,-177.89999999999998,0.0,0.0,0.0,0.0,65027
1789387996.0988436,33.44953370001167,0.02085980004630983,991721,33.694,0,False,357.9,-177.89999999999998,0.0,0.0,0.0,0.0,65027
1789387996.1159134,33.46651739999652,0.0169836999848485,991740,33.713,0,False,357.9,-177.89999999999998,0.0,0.0,0.0,0.0,65027
1789387996.1354363,33.486491399933584,0.019973999937064946,991761,33.734,0,False,357.9,-177.89999999999998,0.0,0.0,0.0,0.0,65027
1789387996.1584287,33.50940540002193,0.022914000088348985,991781,33.754,0,False,357.9,-177.89999999999998,0.0,0.0,0.0,0.0,65027
1789387996.1774921,33.528640500037,0.019235100015066564,991801,33.774,0,False,357.9,-177.89999999999998,0.0,0.0,0.0,0.0,65027
1789387996.1964626,33.54761969996616,0.01897919992916286,991821,33.794,0,False,357.9,-177.89999999999998,0.0,0.0,0.0,0.0,65027
1789387996.2176642,33.568410699954256,0.020790999988093972,991841,33.814,0,False,357.9,-177.89999999999998,0.0,0.0,0.0,0.0,65027
1789387996.2363403,33.5873195999302,0.018908899975940585,991861,33.834,0,False,357.9,-177.89999999999998,0.0,0.0,0.0,0.0,65027
1789387996.2572384,33.6087736999616,0.021454100031405687,991882,33.855,0,False,357.9,-177.89999999999998,0.0,0.0,0.0,0.0,65027
1789387996.2779958,33.62914690002799,0.020373200066387653,991902,33.875,0,False,357.9,-177.89999999999998,0.0,0.0,0.0,0.0,65027
1789387996.2980683,33.649277799995616,0.020130899967625737,991922,33.895,0,False,357.9,-177.89999999999998,0.0,0.0,0.0,0.0,65027
1789387996.3185744,33.6697479999857,0.020470199990086257,991942,33.915,0,False,357.9,-177.89999999999998,0.0,0.0,0.0,0.0,65027
1789387996.3387985,33.68986779998522,0.020119799999520183,991962,33.935,0,False,357.9,-177.89999999999998,0.0,0.0,0.0,0.0,65027
1789387996.3595157,33.71015079994686,0.02028299996163696,991982,33.955,0,False,357.9,-177.89999999999998,0.0,0.0,0.0,0.0,65027
1789387996.3786294,33.729466999997385,0.019316200050525367,992002,33.975,0,False,357.9,-177.89999999999998,0.0,0.0,0.0,0.0,65027
1789387996.3975325,33.74828850000631,0.018821500008925796,992023,33.996,0,False,357.9,-177.89999999999998,0.0,0.0,0.0,0.0,65027
1789387996.4176238,33.76877989992499,0.020491399918682873,992043,34.016,0,False,357.9,-177.89999999999998,0.0,0.0,0.0,0.0,65027
1789387996.440199,33.79093030001968,0.02215040009468794,992063,34.036,0,False,357.9,-177.89999999999998,0.0,0.0,0.0,0.0,65027
1789387996.4582994,33.809003600035794,0.018073300016112626,992083,34.056,0,False,357.9,-177.89999999999998,0.0,0.0,0.0,0.0,65027
1789387996.4760437,33.82679580000695,0.017792199971154332,992103,34.076,0,False,357.9,-177.89999999999998,0.0,0.0,0.0,0.0,65027
1789387996.4956498,33.84664140001405,0.019845600007101893,992124,34.097,0,False,357.9,-177.89999999999998,0.0,0.0,0.0,0.0,65027
1789387996.5162315,33.86720740003511,0.02056600002106279,992144,34.117,0,False,357.9,-177.89999999999998,0.0,0.0,0.0,0.0,65027
1789387996.5356975,33.88684169994667,0.019634299911558628,992164,34.137,0,False,357.9,-177.89999999999998,0.0,0.0,0.0,0.0,65027
1789387996.5573552,33.90797479997855,0.021133100031875074,992184,34.157,0,False,357.9,-177.89999999999998,0.0,0.0,0.0,0.0,65027
1789387996.5754323,33.9267493999796,0.018774600001052022,992204,34.177,0,False,357.9,-177.89999999999998,0.0,0.0,0.0,0.0,65027
1789387996.5973074,33.94811130000744,0.02136190002784133,992225,34.198,0,False,357.9,-177.89999999999998,0.0,0.0,0.0,0.0,65027
1789387996.6164236,33.96733489993494,0.01922359992749989,992244,34.217,0,False,357.9,-177.89999999999998,0.0,0.0,0.0,0.0,65027
1789387996.6355817,33.98706059996039,0.019725700025446713,992265,34.238,0,False,357.9,-177.89999999999998,0.0,0.0,0.0,0.0,65027
1789387996.6583211,34.00985909998417,0.022798500023782253,992285,34.258,0,False,357.9,-177.89999999999998,0.0,0.0,0.0,0.0,65027
1789387996.6778247,34.0286824000068,0.018823300022631884,992305,34.278,0,False,357.9,-177.89999999999998,0.0,0.0,0.0,0.0,65027
1789387996.6965005,34.04713029996492,0.018447899958118796,992325,34.298,0,False,357.9,-177.89999999999998,0.0,0.0,0.0,0.0,65027
1789387996.7172923,34.06788839993533,0.020758099970407784,992345,34.318,0,False,357.9,-177.89999999999998,0.0,0.0,0.0,0.0,65027
1789387996.7399697,34.09065779997036,0.02276940003503114,992366,34.339,0,False,357.9,-177.89999999999998,0.0,0.0,0.0,0.0,65027
1789387996.7576094,34.1090044999728,0.01834670000243932,992386,34.359,0,False,357.9,-177.89999999999998,0.0,0.0,0.0,0.0,65027
1789387996.7761877,34.127699699951336,0.018695199978537858,992406,34.379,0,False,357.9,-177.89999999999998,0.0,0.0,0.0,0.0,65027
1789387996.795872,34.14725709997583,0.01955740002449602,992426,34.399,0,False,357.9,-177.89999999999998,0.0,0.0,0.0,0.0,65027
1789387996.8166564,34.167475300026126,0.0202182000502944,992446,34.419,0,False,357.9,-177.89999999999998,0.0,0.0,0.0,0.0,65027
1789387996.8362508,34.18749379995279,0.020018499926663935,992466,34.439,0,False,357.9,-177.89999999999998,0.0,0.0,0.0,0.0,65027
1789387996.8588934,34.209950399934314,0.02245659998152405,992486,34.459,0,False,357.9,-177.89999999999998,0.0,0.0,0.0,0.0,65027
1789387996.8774178,34.22813669999596,0.018186300061643124,992507,34.48,0,False,357.9,-177.89999999999998,0.0,0.0,0.0,0.0,65027
1789387996.8971326,34.24856279999949,0.020426100003533065,992527,34.5,0,False,357.9,-177.89999999999998,0.0,0.0,0.0,0.0,65027
1789387996.91632,34.26725020003505,0.01868740003556013,992547,34.52,0,False,357.9,-177.89999999999998,0.0,0.0,0.0,0.0,65027
1789387996.9385593,34.289243599982,0.021993399946950376,992567,34.54,0,False,357.9,-177.89999999999998,0.0,0.0,0.0,0.0,65027
1789387996.9584448,34.30924370000139,0.0200001000193879,992587,34.56,0,False,357.9,-177.89999999999998,0.0,0.0,0.0,0.0,65027
1789387996.9766023,34.32782350003254,0.018579800031147897,992607,34.58,0,False,357.9,-177.89999999999998,0.0,0.0,0.0,0.0,65027
1789387996.994749,34.34601520001888,0.018191699986346066,992628,34.601,0,False,357.9,-177.89999999999998,0.0,0.0,0.0,0.0,65027
1789387997.016541,34.36719839996658,0.021183199947699904,992648,34.621,0,False,357.9,-177.89999999999998,0.0,0.0,0.0,0.0,65027
1789387997.0354035,34.38678299996536,0.019584599998779595,992668,34.641,0,False,357.9,-177.89999999999998,0.0,0.0,0.0,0.0,65027
1789387997.0559385,34.40671479993034,0.01993179996497929,992688,34.661,0,False,357.9,-177.89999999999998,0.0,0.0,0.0,0.0,65027
1789387997.07743,34.4288495000219,0.022134700091555715,992708,34.681,0,False,357.9,-177.89999999999998,0.0,0.0,0.0,0.0,65027
1789387997.096001,34.447218999965116,0.018369499943219125,992728,34.701,0,False,357.9,-177.89999999999998,0.0,0.0,0.0,0.0,65027
1789387997.1170328,34.467696200008504,0.02047720004338771,992748,34.721,0,False,357.9,-177.89999999999998,0.0,0.0,0.0,0.0,65027
1789387997.1357183,34.48715179995634,0.019455599947832525,992769,34.742,0,False,357.9,-177.89999999999998,0.0,0.0,0.0,0.0,65027
1789387997.1593235,34.51088229997549,0.023730500019155443,992789,34.762,0,False,357.9,-177.89999999999998,0.0,0.0,0.0,0.0,65027
1789387997.1790595,34.53053330001421,0.019651000038720667,992809,34.782,0,False,357.9,-177.89999999999998,0.0,0.0,0.0,0.0,65027
1789387997.1967027,34.5482508999994,0.017717599985189736,992829,34.802,0,False,357.9,-177.89999999999998,0.0,0.0,0.0,0.0,65027
1789387997.215144,34.56663150002714,0.01838060002774,992849,34.822,0,False,357.9,-177.89999999999998,0.0,0.0,0.0,0.0,65027
1789387997.2349467,34.58592330000829,0.01929179998114705,992869,34.842,0,False,357.9,-177.89999999999998,0.0,0.0,0.0,0.0,65027
1789387997.2571397,34.607961599947885,0.022038299939595163,992890,34.863,0,False,357.9,-177.89999999999998,0.0,0.0,0.0,0.0,65027
1789387997.2774436,34.628961300011724,0.020999700063839555,992910,34.883,0,False,357.9,-177.89999999999998,0.0,0.0,0.0,0.0,65027
1789387997.29892,34.65013269998599,0.021171399974264205,992930,34.903,0,False,357.9,-177.89999999999998,0.0,0.0,0.0,0.0,65027
1789387997.3135545,34.66488599998411,0.014753299998119473,992950,34.923,0,False,357.9,-177.89999999999998,0.0,0.0,0.0,0.0,65027
1789387997.333556,34.68498429993633,0.020098299952223897,992970,34.943,0,False,357.9,-177.89999999999998,0.0,0.0,0.0,0.0,65027
1789387997.3548708,34.705714499927126,0.020730199990794063,992991,34.964,0,False,357.9,-177.89999999999998,0.0,0.0,0.0,0.0,65027
1789387997.3777883,34.729847999988124,0.024133500060997903,993011,34.984,0,False,357.9,-177.89999999999998,0.0,0.0,0.0,0.0,65027
1789387997.3955503,34.74679819995072,0.016950199962593615,993031,35.004,0,False,357.9,-177.89999999999998,0.0,0.0,0.0,0.0,65027
1789387997.4149528,34.765896299970336,0.01909810001961887,993051,35.024,0,False,357.9,-177.89999999999998,0.0,0.0,0.0,0.0,65027
1789387997.434464,34.785511899972335,0.019615600001998246,993071,35.044,0,False,357.9,-177.89999999999998,0.0,0.0,0.0,0.0,65027
1789387997.460075,34.811431500012986,0.025919600040651858,993091,35.064,0,False,357.9,-177.89999999999998,0.0,0.0,0.0,0.0,65027
1789387997.4785373,34.829432699945755,0.01800119993276894,993111,35.084,0,False,357.9,-177.89999999999998,0.0,0.0,0.0,0.0,65027
1789387997.49719,34.848215400008485,0.01878270006272942,993132,35.105,0,False,357.9,-177.89999999999998,0.0,0.0,0.0,0.0,65027
1789387997.5200887,34.8706917000236,0.022476300015114248,993152,35.125,0,False,357.9,-177.89999999999998,0.0,0.0,0.0,0.0,65027
1789387997.5386987,34.889748199959286,0.01905649993568659,993172,35.145,0,False,357.9,-177.89999999999998,0.0,0.0,0.0,0.0,65027
1789387997.558893,34.909886299981736,0.02013810002245009,993192,35.165,0,False,357.9,-177.89999999999998,0.0,0.0,0.0,0.0,65027
1789387997.5765467,34.92802659992594,0.018140299944207072,993212,35.185,0,False,357.9,-177.89999999999998,0.0,0.0,0.0,0.0,65027
1789387997.5986495,34.94959360000212,0.021567000076174736,993233,35.206,0,False,357.9,-177.89999999999998,0.0,0.0,0.0,0.0,65027
1789387997.6168356,34.96822549996432,0.018631899962201715,993253,35.226,0,False,357.9,-177.89999999999998,0.0,0.0,0.0,0.0,65027
1789387997.635492,34.986652499996126,0.01842700003180653,993273,35.246,0,False,357.9,-177.89999999999998,0.0,0.0,0.0,0.0,65027
1789387997.6572425,35.007880899938755,0.02122839994262904,993293,35.266,0,False,357.9,-177.89999999999998,0.0,0.0,0.0,0.0,65027
1789387997.6775894,35.02832049992867,0.020439599989913404,993313,35.286,0,False,357.9,-177.89999999999998,0.0,0.0,0.0,0.0,65027
1789387997.6952343,35.04607069992926,0.017750200000591576,993334,35.307,0,False,357.9,-177.89999999999998,0.0,0.0,0.0,0.0,65027
1789387997.7170365,35.06762789993081,0.0215572000015527,993353,35.326,0,False,357.9,-177.89999999999998,0.0,0.0,0.0,0.0,65027
1789387997.7340207,35.08480289997533,0.01717500004451722,993374,35.347,0,False,357.9,-177.89999999999998,0.0,0.0,0.0,0.0,65027
1789387997.7572095,35.10801550000906,0.02321260003373027,993394,35.367,0,False,357.9,-177.89999999999998,0.0,0.0,0.0,0.0,65027
1789387997.776874,35.12785259995144,0.0198370999423787,993414,35.387,0,False,357.9,-177.89999999999998,0.0,0.0,0.0,0.0,65027
1789387997.797168,35.147773499949835,0.019920899998396635,993434,35.407,0,False,357.9,-177.89999999999998,0.0,0.0,0.0,0.0,65027
1789387997.8181481,35.16905249992851,0.02127899997867644,993454,35.427,0,False,357.9,-177.89999999999998,0.0,0.0,0.0,0.0,65027
1789387997.8361177,35.18735589995049,0.018303400021977723,993474,35.447,0,False,357.9,-177.89999999999998,0.0,0.0,0.0,0.0,65027
1789387997.856968,35.20853679999709,0.02118090004660189,993494,35.467,0,False,357.9,-177.89999999999998,0.0,0.0,0.0,0.0,65027
1789387997.8757849,35.22657059994526,0.01803379994817078,993515,35.488,0,False,357.9,-177.89999999999998,0.0,0.0,0.0,0.0,65027
1789387997.8961408,35.247688699979335,0.021118100034072995,993535,35.508,0,False,357.9,-177.89999999999998,0.0,0.0,0.0,0.0,65027
1789387997.9161065,35.266742300009355,0.01905360003001988,993555,35.528,0,False,357.9,-177.89999999999998,0.0,0.0,0.0,0.0,65027
1789387997.9371498,35.28797810000833,0.02123579999897629,993575,35.548,0,False,357.9,-177.89999999999998,0.0,0.0,0.0,0.0,65027
1789387997.9556048,35.30721390002873,0.01923580002039671,993595,35.568,0,False,357.9,-177.89999999999998,0.0,0.0,0.0,0.0,65027
1789387997.9753158,35.32664849993307,0.019434599904343486,993615,35.588,0,False,357.9,-177.89999999999998,0.0,0.0,0.0,0.0,65027
1789387997.9970713,35.348620599950664,0.02197210001759231,993637,35.61,0,False,357.9,-177.89999999999998,0.0,0.0,0.0,0.0,65027
1789387998.0181682,35.369272899930365,0.020652299979701638,993656,35.629,0,False,357.9,-177.89999999999998,0.0,0.0,0.0,0.0,65027
1789387998.035815,35.38702529994771,0.01775240001734346,993676,35.649,0,False,357.9,-177.89999999999998,0.0,0.0,0.0,0.0,65027
1789387998.056774,35.408175499993376,0.02115020004566759,993696,35.669,0,False,357.9,-177.89999999999998,0.0,0.0,0.0,0.0,65027
1789387998.0777345,35.42922519997228,0.021049699978902936,993716,35.689,0,False,357.9,-177.89999999999998,0.0,0.0,0.0,0.0,65027
1789387998.0973835,35.44853159994818,0.019306399975903332,993737,35.71,0,False,357.9,-177.89999999999998,0.0,0.0,0.0,0.0,65027
1789387998.1165836,35.46809380000923,0.019562200061045587,993757,35.73,0,False,357.9,-177.89999999999998,0.0,0.0,0.0,0.0,65027
1789387998.1346629,35.485411899979226,0.017318099969998002,993777,35.75,0,False,357.9,-177.89999999999998,0.0,0.0,0.0,0.0,65027
1789387998.1585402,35.50966450001579,0.02425260003656149,993797,35.77,0,False,357.9,-177.89999999999998,0.0,0.0,0.0,0.0,65027
1789387998.1742308,35.526308099972084,0.016643599956296384,993817,35.79,0,False,357.9,-177.89999999999998,0.0,0.0,0.0,0.0,65027
1789387998.1952515,35.54681269999128,0.020504600019194186,993838,35.811,0,False,357.9,-177.89999999999998,0.0,0.0,0.0,0.0,65027
1789387998.2158725,35.56718669994734,0.020373999956063926,993857,35.83,0,False,357.9,-177.89999999999998,0.0,0.0,0.0,0.0,65027
1789387998.23652,35.58753519994207,0.02034849999472499,993878,35.851,0,False,357.9,-177.89999999999998,0.0,0.0,0.0,0.0,65027
1789387998.2560415,35.60750669997651,0.019971500034444034,993898,35.871,0,False,357.9,-177.89999999999998,0.0,0.0,0.0,0.0,65027
1789387998.2775269,35.62911580002401,0.02160910004749894,993919,35.892,0,False,357.9,-177.89999999999998,0.0,0.0,0.0,0.0,65027
1789387998.3156712,35.667038499959745,0.03792269993573427,993960,35.933,0,False,357.9,-177.89999999999998,0.0,0.0,0.0,0.0,65027
1789387998.3234956,35.674577499972656,0.007539000012911856,993965,35.938,0,False,357.9,-177.89999999999998,0.0,0.0,0.0,0.0,65027
1789387998.3360798,35.68691209994722,0.012334599974565208,993979,35.952,0,False,357.9,-177.89999999999998,0.0,0.0,0.0,0.0,65027
1789387998.3572867,35.70816899999045,0.02125690004322678,993999,35.972,0,False,357.9,-177.89999999999998,0.0,0.0,0.0,0.0,65027
1789387998.3763506,35.72721419995651,0.019045199966058135,994019,35.992,0,False,357.9,-177.89999999999998,0.0,0.0,0.0,0.0,65027
1789387998.3961747,35.747342800023034,0.020128600066527724,994039,36.012,0,False,357.9,-177.89999999999998,0.0,0.0,0.0,0.0,65027
1789387998.416752,35.768212700029835,0.02086990000680089,994059,36.032,0,False,357.9,-177.89999999999998,0.0,0.0,0.0,0.0,65027
1789387998.4411042,35.792051399941556,0.02383869991172105,994079,36.052,0,False,357.9,-177.89999999999998,0.0,0.0,0.0,0.0,65027
1789387998.4605746,35.811502199969254,0.01945080002769828,994100,36.073,0,False,357.9,-177.89999999999998,0.0,0.0,0.0,0.0,65027
1789387998.4760242,35.826831799931824,0.015329599962569773,994120,36.093,0,False,357.9,-177.89999999999998,0.0,0.0,0.0,0.0,65027
1789387998.499848,35.85055249999277,0.02372070006094873,994140,36.113,0,False,357.9,-177.89999999999998,0.0,0.0,0.0,0.0,65027
1789387998.5199301,35.87078430003021,0.020231800037436187,994160,36.133,0,False,357.9,-177.89999999999998,0.0,0.0,0.0,0.0,65027
1789387998.535585,35.88672690000385,0.015942599973641336,994180,36.153,0,False,357.9,-177.89999999999998,0.0,0.0,0.0,0.0,65027
1789387998.5567634,35.90820980002172,0.021482900017872453,994200,36.173,0,False,357.9,-177.89999999999998,0.0,0.0,0.0,0.0,65027
1789387998.5784402,35.9297764999792,0.021566699957475066,994221,36.194,0,False,357.9,-177.89999999999998,0.0,0.0,0.0,0.0,65027
1789387998.5961933,35.947750699939206,0.017974199960008264,994241,36.214,0,False,357.9,-177.89999999999998,0.0,0.0,0.0,0.0,65027
1789387998.615975,35.967461699969135,0.019711000029928982,994261,36.234,0,False,357.9,-177.89999999999998,0.0,0.0,0.0,0.0,65027
1789387998.635617,35.986491399933584,0.01902969996444881,994281,36.254,0,False,357.9,-177.89999999999998,0.0,0.0,0.0,0.0,65027
1789387998.65882,36.00966209999751,0.023170700063928962,994301,36.274,0,False,357.9,-177.89999999999998,0.0,0.0,0.0,0.0,65027
1789387998.6779518,36.02906139998231,0.019399299984797835,994321,36.294,0,False,357.9,-177.89999999999998,0.0,0.0,0.0,0.0,65027
1789387998.6972184,36.048405200010166,0.01934380002785474,994342,36.315,0,False,357.9,-177.89999999999998,0.0,0.0,0.0,0.0,65027
1789387998.7166748,36.068093699985184,0.019688499975018203,994362,36.335,0,False,357.9,-177.89999999999998,0.0,0.0,0.0,0.0,65027
1789387998.7359173,36.08741319994442,0.019319499959237874,994382,36.355,0,False,357.9,-177.89999999999998,0.0,0.0,0.0,0.0,65027
1789387998.7589831,36.110970499925315,0.02355729998089373,994402,36.375,0,False,357.9,-177.89999999999998,0.0,0.0,0.0,0.0,65027
1789387998.778728,36.12947659997735,0.018506100052036345,994422,36.395,0,False,357.9,-177.89999999999998,0.0,0.0,0.0,0.0,65027
1789387998.796993,36.14761059999,0.018134000012651086,994443,36.416,0,False,357.9,-177.89999999999998,0.0,0.0,0.0,0.0,65027
1789387998.8186076,36.16947910003364,0.02186850004363805,994462,36.435,0,False,357.9,-177.89999999999998,0.0,0.0,0.0,0.0,65027
1789387998.8351297,36.18608569994103,0.016606599907390773,994482,36.455,0,False,357.9,-177.89999999999998,0.0,0.0,0.0,0.0,65027
1789387998.856801,36.20790769997984,0.021822000038810074,994503,36.476,0,False,357.9,-177.89999999999998,0.0,0.0,0.0,0.0,65027
1789387998.877674,36.228442599996924,0.02053490001708269,994523,36.496,0,False,357.9,-177.89999999999998,0.0,0.0,0.0,0.0,65027
1789387998.897129,36.248400799930096,0.019958199933171272,994543,36.516,0,False,357.9,-177.89999999999998,0.0,0.0,0.0,0.0,65027
1789387998.918972,36.269961299956776,0.02156050002668053,994563,36.536,0,False,357.9,-177.89999999999998,0.0,0.0,0.0,0.0,65027
1789387998.9367883,36.28794549999293,0.017984200036153197,994583,36.556,0,False,357.9,-177.89999999999998,0.0,0.0,0.0,0.0,65027
1789387998.9564722,36.307666999986395,0.01972149999346584,994604,36.577,0,False,357.9,-177.89999999999998,0.0,0.0,0.0,0.0,65027
1789387998.9776294,36.328795599984005,0.021128599997609854,994624,36.597,0,False,357.9,-177.89999999999998,0.0,0.0,0.0,0.0,65027
1789387998.9947352,36.346504600020126,0.017709000036120415,994645,36.618,0,False,357.9,-177.89999999999998,0.0,0.0,0.0,0.0,65027
1789387999.0177145,36.36908929992933,0.022584699909202754,994664,36.637,0,False,357.9,-177.89999999999998,0.0,0.0,0.0,0.0,65027
1789387999.0360553,36.38674029998947,0.017651000060141087,994684,36.657,0,False,357.9,-177.89999999999998,0.0,0.0,0.0,0.0,65027
1789387999.0562289,36.40752819995396,0.020787899964489043,994704,36.677,0,False,357.9,-177.89999999999998,0.0,0.0,0.0,0.0,65027
1789387999.0774238,36.42842499993276,0.020896799978800118,994724,36.697,0,False,357.9,-177.89999999999998,0.0,0.0,0.0,0.0,65027
1789387999.0970035,36.44833769998513,0.01991270005237311,994745,36.718,0,False,357.9,-177.89999999999998,0.0,0.0,0.0,0.0,65027
1789387999.1172223,36.46805150003638,0.019713800051249564,994765,36.738,0,False,357.9,-177.89999999999998,0.0,0.0,0.0,0.0,65027
1789387999.1343255,36.485468499944545,0.017416999908164144,994785,36.758,0,False,357.9,-177.89999999999998,0.0,0.0,0.0,0.0,65027
1789387999.155032,36.50615040003322,0.02068190008867532,994805,36.778,0,False,357.9,-177.89999999999998,0.0,0.0,0.0,0.0,65027
1789387999.1761823,36.526890599983744,0.020740199950523674,994825,36.798,0,False,357.9,-177.89999999999998,0.0,0.0,0.0,0.0,65027
1789387999.195703,36.546798299998045,0.019907700014300644,994846,36.819,0,False,357.9,-177.89999999999998,0.0,0.0,0.0,0.0,65027
1789387999.2148614,36.56583480001427,0.019036500016227365,994866,36.839,0,False,357.9,-177.89999999999998,0.0,0.0,0.0,0.0,65027
1789387999.2346532,36.58562369993888,0.019788899924606085,994886,36.859,0,False,357.9,-177.89999999999998,0.0,0.0,0.0,0.0,65027
1789387999.2561994,36.60726319998503,0.021639500046148896,994906,36.879,0,False,357.9,-177.89999999999998,0.0,0.0,0.0,0.0,65027
1789387999.2771237,36.627794399973936,0.020531199988909066,994926,36.899,0,False,357.9,-177.89999999999998,0.0,0.0,0.0,0.0,65027
1789387999.295461,36.64635169995017,0.018557299976237118,994947,36.92,0,False,357.9,-177.89999999999998,0.0,0.0,0.0,0.0,65027
1789387999.3173451,36.6682667999994,0.021915100049227476,994967,36.94,0,False,357.9,-177.89999999999998,0.0,0.0,0.0,0.0,65027
1789387999.3357406,36.68673860002309,0.018471800023689866,994987,36.96,0,False,357.9,-177.89999999999998,0.0,0.0,0.0,0.0,65027
1789387999.3547902,36.705975299933925,0.01923669991083443,995007,36.98,0,False,357.9,-177.89999999999998,0.0,0.0,0.0,0.0,65027
1789387999.3797982,36.730735299992375,0.024760000058449805,995027,37.0,0,False,357.9,-177.89999999999998,0.0,0.0,0.0,0.0,65027
1789387999.3996246,36.750388699932955,0.01965339994058013,995051,37.024,0,False,357.9,-177.89999999999998,0.0,0.0,0.0,0.0,65027
1789387999.4174855,36.76877169997897,0.018383000046014786,995068,37.041,0,False,357.9,-177.89999999999998,0.0,0.0,0.0,0.0,65027
1789387999.4360378,36.787160699954256,0.018388999975286424,995087,37.06,0,False,357.9,-177.89999999999998,0.0,0.0,0.0,0.0,65027
1789387999.4612548,36.812202899949625,0.02504219999536872,995108,37.081,0,False,357.9,-177.89999999999998,0.0,0.0,0.0,0.0,65027
1789387999.4826224,36.833263400010765,0.021060500061139464,995128,37.101,0,False,357.9,-177.89999999999998,0.0,0.0,0.0,0.0,65027
1789387999.5000687,36.85119129996747,0.017927899956703186,995152,37.125,0,False,357.9,-177.89999999999998,0.0,0.0,0.0,0.0,65027
1789387999.5166926,36.86778989993036,0.016598599962890148,995168,37.141,0,False,357.9,-177.89999999999998,0.0,0.0,0.0,0.0,65027
1789387999.5382156,36.88919899996836,0.02140910003799945,995188,37.161,0,False,357.9,-177.89999999999998,0.0,0.0,0.0,0.0,65027
1789387999.5591443,36.91001639992464,0.020817399956285954,995208,37.181,0,False,357.9,-177.89999999999998,0.0,0.0,0.0,0.0,65027
1789387999.5819688,36.93257249996532,0.02255610004067421,995229,37.202,0,False,357.9,-177.89999999999998,0.0,0.0,0.0,0.0,65027
1789387999.5968542,36.94754520000424,0.014972700038924813,995249,37.222,0,False,357.9,-177.89999999999998,0.0,0.0,0.0,0.0,65027
1789387999.6155386,36.96638180001173,0.018836600007489324,995269,37.242,0,False,357.9,-177.89999999999998,0.0,0.0,0.0,0.0,65027
1789387999.6352901,36.986299699987285,0.019917899975553155,995289,37.262,0,False,357.9,-177.89999999999998,0.0,0.0,0.0,0.0,65027
1789387999.6603699,37.0113898999989,0.025090200011618435,995309,37.282,0,False,357.9,-177.89999999999998,0.0,0.0,0.0,0.0,65027
1789387999.6798043,37.03044979996048,0.019059899961575866,995330,37.303,0,False,357.9,-177.89999999999998,0.0,0.0,0.0,0.0,65027
1789387999.695626,37.04678899992723,0.01633919996675104,995350,37.323,0,False,357.9,-177.89999999999998,0.0,0.0,0.0,0.0,65027
1789387999.716956,37.067954499972984,0.021165500045754015,995370,37.343,0,False,357.9,-177.89999999999998,0.0,0.0,0.0,0.0,65027
1789387999.7358537,37.08692020003218,0.018965700059197843,995390,37.363,0,False,357.9,-177.89999999999998,0.0,0.0,0.0,0.0,65027
1789387999.75893,37.10964079992846,0.022720599896274507,995410,37.383,0,False,357.9,-177.89999999999998,0.0,0.0,0.0,0.0,65027
1789387999.777206,37.12829939997755,0.018658600049093366,995430,37.403,0,False,357.9,-177.89999999999998,0.0,0.0,0.0,0.0,65027
1789387999.7971451,37.147884399979375,0.019585000001825392,995451,37.424,0,False,357.9,-177.89999999999998,0.0,0.0,0.0,0.0,65027
1789387999.8175683,37.168714400031604,0.02083000005222857,995471,37.444,0,False,357.9,-177.89999999999998,0.0,0.0,0.0,0.0,65027
1789387999.8362563,37.18724380002823,0.018529399996623397,995491,37.464,0,False,357.9,-177.89999999999998,0.0,0.0,0.0,0.0,65027
1789387999.8657253,37.21659359999467,0.029349799966439605,995512,37.485,0,False,357.9,-177.89999999999998,0.0,0.0,0.0,0.0,65027
1789387999.8972993,37.24795649992302,0.03136289992835373,995531,37.504,0,False,357.9,-177.89999999999998,0.0,0.0,0.0,0.0,65027
1789387999.9121473,37.26286779996008,0.014911300037056208,995559,37.532,0,False,357.9,-177.89999999999998,0.0,0.0,0.0,0.0,65027
1789387999.9177594,37.26904529996682,0.0061775000067427754,995574,37.547,0,False,357.9,-177.89999999999998,0.0,0.0,0.0,0.0,65027
1789387999.947046,37.297651699976996,0.028606400010176003,995592,37.565,0,False,357.9,-177.89999999999998,0.0,0.0,0.0,0.0,65027
1789387999.966389,37.31727390002925,0.019622200052253902,995612,37.585,0,False,357.9,-177.89999999999998,0.0,0.0,0.0,0.0,65027
1789387999.9827695,37.333659399999306,0.016385499970056117,995632,37.605,0,False,357.9,-177.89999999999998,0.0,0.0,0.0,0.0,65027
1789387999.9951086,37.346294199931435,0.012634799932129681,995653,37.626,0,False,357.9,-177.89999999999998,0.0,0.0,0.0,0.0,65027
1789388000.0177712,37.36842610000167,0.022131900070235133,995673,37.646,0,False,357.9,-177.89999999999998,0.0,0.0,0.0,0.0,65027
1789388000.0351036,37.38621229992714,0.017786199925467372,995692,37.665,0,False,357.9,-177.89999999999998,0.0,0.0,0.0,0.0,65027
1789388000.0585575,37.409389100037515,0.02317680011037737,995713,37.686,0,False,357.9,-177.89999999999998,0.0,0.0,0.0,0.0,65027
1789388000.0780466,37.42912839993369,0.01973929989617318,995733,37.706,0,False,357.9,-177.89999999999998,0.0,0.0,0.0,0.0,65027
1789388000.0958986,37.44674719998147,0.017618800047785044,995753,37.726,0,False,357.9,-177.89999999999998,0.0,0.0,0.0,0.0,65027
1789388000.1158104,37.46685979992617,0.02011259994469583,995773,37.746,0,False,357.9,-177.89999999999998,0.0,0.0,0.0,0.0,65027
1789388000.1352582,37.485925999935716,0.019066200009547174,995793,37.766,0,False,357.9,-177.89999999999998,0.0,0.0,0.0,0.0,65027
1789388000.1571856,37.507975599961355,0.022049600025638938,995813,37.786,0,False,357.9,-177.89999999999998,0.0,0.0,0.0,0.0,65027
1789388000.178277,37.52924770000391,0.021272100042551756,995834,37.807,0,False,357.9,-177.89999999999998,0.0,0.0,0.0,0.0,65027
1789388000.1965885,37.54789499996696,0.01864729996304959,995854,37.827,0,False,357.9,-177.89999999999998,0.0,0.0,0.0,0.0,65027
1789388000.220653,37.57159379997756,0.023698800010606647,995880,37.853,0,False,357.9,-177.89999999999998,0.0,0.0,0.0,0.0,65027
1789388000.2397666,37.591063100029714,0.019469300052151084,995895,37.868,0,False,357.9,-177.89999999999998,0.0,0.0,0.0,0.0,65027
1789388000.256591,37.60751599993091,0.01645289990119636,995914,37.887,0,False,357.9,-177.89999999999998,0.0,0.0,0.0,0.0,65027
1789388000.2790213,37.62999549997039,0.022479500039480627,995934,37.907,0,False,357.9,-177.89999999999998,0.0,0.0,0.0,0.0,65027
1789388000.2960484,37.64717150002252,0.017176000052131712,995955,37.928,0,False,357.9,-177.89999999999998,0.0,0.0,0.0,0.0,65027
1789388000.3154902,37.66609730001073,0.0189257999882102,995975,37.948,0,False,357.9,-177.89999999999998,0.0,0.0,0.0,0.0,65027
1789388000.3363209,37.68697359994985,0.020876299939118326,995995,37.968,0,False,357.9,-177.89999999999998,0.0,0.0,0.0,0.0,65027
1789388000.354961,37.706012599985115,0.019039000035263598,996015,37.988,0,False,357.9,-177.89999999999998,0.0,0.0,0.0,0.0,65027
1789388000.376571,37.727641199948266,0.02162859996315092,996035,38.008,0,False,357.9,-177.89999999999998,0.0,0.0,0.0,0.0,65027
1789388000.396191,37.74697300000116,0.019331800052896142,996055,38.028,0,False,357.9,-177.89999999999998,0.0,0.0,0.0,0.0,65027
1789388000.4159513,37.76741500000935,0.020442000008188188,996076,38.049,0,False,357.9,-177.89999999999998,0.0,0.0,0.0,0.0,65027
1789388000.4367652,37.78774970001541,0.020334700006060302,996096,38.069,0,False,357.9,-177.89999999999998,0.0,0.0,0.0,0.0,65027
1789388000.4535265,37.80449879996013,0.016749099944718182,996116,38.089,0,False,357.9,-177.89999999999998,0.0,0.0,0.0,0.0,65027
1789388000.4771464,37.82774209999479,0.02324330003466457,996136,38.109,0,False,357.9,-177.89999999999998,0.0,0.0,0.0,0.0,65027
1789388000.4982615,37.84900669998024,0.021264599985443056,996156,38.129,0,False,357.9,-177.89999999999998,0.0,0.0,0.0,0.0,65027
1789388000.5160494,37.86672509997152,0.01771839999128133,996177,38.15,0,False,357.9,-177.89999999999998,0.0,0.0,0.0,0.0,65027
1789388000.5344145,37.88556989992503,0.018844799953512847,996197,38.17,0,False,357.9,-177.89999999999998,0.0,0.0,0.0,0.0,65027
1789388000.5577147,37.90839629992843,0.022826400003395975,996217,38.19,0,False,357.9,-177.89999999999998,0.0,0.0,0.0,0.0,65027
1789388000.574738,37.92554289998952,0.01714660006109625,996237,38.21,0,False,357.9,-177.89999999999998,0.0,0.0,0.0,0.0,65027
1789388000.5942626,37.94537600001786,0.019833100028336048,996257,38.23,0,False,357.9,-177.89999999999998,0.0,0.0,0.0,0.0,65027
1789388000.6145864,37.96542419993784,0.020048199919983745,996277,38.25,0,False,357.9,-177.89999999999998,0.0,0.0,0.0,0.0,65027
1789388000.6362565,37.986921999952756,0.021497800014913082,996297,38.27,0,False,357.9,-177.89999999999998,0.0,0.0,0.0,0.0,65027
1789388000.6598754,38.01064709993079,0.02372509997803718,996317,38.29,0,False,357.9,-177.89999999999998,0.0,0.0,0.0,0.0,65027
1789388000.6782875,38.029470999957994,0.01882390002720058,996338,38.311,0,False,357.9,-177.89999999999998,0.0,0.0,0.0,0.0,65027
1789388000.6971066,38.04837440000847,0.018903400050476193,996359,38.332,0,False,357.9,-177.89999999999998,0.0,0.0,0.0,0.0,65027
1789388000.7164302,38.06726989999879,0.018895499990321696,996378,38.351,0,False,357.9,-177.89999999999998,0.0,0.0,0.0,0.0,65027
1789388000.7342162,38.085124299977906,0.017854399979114532,996398,38.371,0,False,357.9,-177.89999999999998,0.0,0.0,0.0,0.0,65027
1789388000.756028,38.10668660001829,0.021562300040386617,996418,38.391,0,False,357.9,-177.89999999999998,0.0,0.0,0.0,0.0,65027
1789388000.775017,38.126072100014426,0.01938549999613315,996438,38.411,0,False,357.9,-177.89999999999998,0.0,0.0,0.0,0.0,65027
1789388000.7953472,38.146208800026216,0.0201367000117898,996458,38.431,0,False,357.9,-177.89999999999998,0.0,0.0,0.0,0.0,65027
1789388000.8160124,38.166814900003374,0.02060609997715801,996479,38.452,0,False,357.9,-177.89999999999998,0.0,0.0,0.0,0.0,65027
1789388000.8362896,38.187219199957326,0.02040429995395243,996499,38.472,0,False,357.9,-177.89999999999998,0.0,0.0,0.0,0.0,65027
1789388000.8566265,38.207549599930644,0.02033039997331798,996519,38.492,0,False,357.9,-177.89999999999998,0.0,0.0,0.0,0.0,65027
1789388000.8753147,38.22624290001113,0.018693300080485642,996539,38.512,0,False,357.9,-177.89999999999998,0.0,0.0,0.0,0.0,65027
1789388000.8940804,38.245239199954085,0.018996299942955375,996559,38.532,0,False,357.9,-177.89999999999998,0.0,0.0,0.0,0.0,65027
1789388000.9153397,38.26623780000955,0.020998600055463612,996579,38.552,0,False,357.9,-177.89999999999998,0.0,0.0,0.0,0.0,65027
1789388000.9357917,38.28646169998683,0.02022389997728169,996600,38.573,0,False,357.9,-177.89999999999998,0.0,0.0,0.0,0.0,65027
1789388000.9550705,38.306060899980366,0.019599199993535876,996620,38.593,0,False,357.9,-177.89999999999998,0.0,0.0,0.0,0.0,65027
1789388000.9756143,38.32623959996272,0.020178699982352555,996640,38.613,0,False,357.9,-177.89999999999998,0.0,0.0,0.0,0.0,65027
1789388001.001089,38.352346800034866,0.026107200072146952,996661,38.634,0,False,357.9,-177.89999999999998,0.0,0.0,0.0,0.0,65027
1789388001.0198667,38.371122299926355,0.018775499891489744,996680,38.653,0,False,357.9,-177.89999999999998,0.0,0.0,0.0,0.0,65027
1789388001.0412743,38.392247700016014,0.021125400089658797,996700,38.673,0,False,357.9,-177.89999999999998,0.0,0.0,0.0,0.0,65027
1789388001.0623422,38.41370839998126,0.021460699965246022,996722,38.695,0,False,357.9,-177.89999999999998,0.0,0.0,0.0,0.0,65027
1789388001.081283,38.43232599995099,0.01861759996972978,996741,38.714,0,False,357.9,-177.89999999999998,0.0,0.0,0.0,0.0,65027
1789388001.0962212,38.447037099977024,0.014711100026033819,996761,38.734,0,False,357.9,-177.89999999999998,0.0,0.0,0.0,0.0,65027
1789388001.1177661,38.46866969997063,0.021632599993608892,996781,38.754,0,False,357.9,-177.89999999999998,0.0,0.0,0.0,0.0,65027
1789388001.1354947,38.48629179992713,0.01762209995649755,996801,38.774,0,False,357.9,-177.89999999999998,0.0,0.0,0.0,0.0,65027
1789388001.1578293,38.50870969996322,0.022417900036089122,996821,38.794,0,False,357.9,-177.89999999999998,0.0,0.0,0.0,0.0,65027
1789388001.1749518,38.52597620000597,0.01726650004275143,996841,38.814,0,False,357.9,-177.89999999999998,0.0,0.0,0.0,0.0,65027
1789388001.1959243,38.54658189998008,0.020605699974112213,996862,38.835,0,False,357.9,-177.89999999999998,0.0,0.0,0.0,0.0,65027
1789388001.2184036,38.56902950000949,0.02244760002940893,996882,38.855,0,False,357.9,-177.89999999999998,0.0,0.0,0.0,0.0,65027
1789388001.2370698,38.58796519995667,0.018935699947178364,996902,38.875,0,False,357.9,-177.89999999999998,0.0,0.0,0.0,0.0,65027
1789388001.2590525,38.609742200002074,0.021777000045403838,996922,38.895,0,False,357.9,-177.89999999999998,0.0,0.0,0.0,0.0,65027
1789388001.2782302,38.62918269995134,0.019440499949268997,996942,38.915,0,False,357.9,-177.89999999999998,0.0,0.0,0.0,0.0,65027
1789388001.295446,38.6461950999219,0.017012399970553815,996962,38.935,0,False,357.9,-177.89999999999998,0.0,0.0,0.0,0.0,65027
1789388001.3162122,38.66711319994647,0.020918100024573505,996983,38.956,0,False,357.9,-177.89999999999998,0.0,0.0,0.0,0.0,65027
1789388001.33535,38.686215800000355,0.01910260005388409,997003,38.976,0,False,357.9,-177.89999999999998,0.0,0.0,0.0,0.0,65027
1789388001.354962,38.70561339997221,0.019397599971853197,997023,38.996,0,False,357.9,-177.89999999999998,0.0,0.0,0.0,0.0,65027
1789388001.3781295,38.72921080002561,0.02359740005340427,997043,39.016,0,False,357.9,-177.89999999999998,0.0,0.0,0.0,0.0,65027
1789388001.3966382,38.74732089997269,0.018110099947080016,997063,39.036,0,False,357.9,-177.89999999999998,0.0,0.0,0.0,0.0,65027
1789388001.4180532,38.769088799948804,0.02176789997611195,997083,39.056,0,False,357.9,-177.89999999999998,0.0,0.0,0.0,0.0,65027
1789388001.4358962,38.78694959997665,0.01786080002784729,997103,39.076,0,False,357.9,-177.89999999999998,0.0,0.0,0.0,0.0,65027
1789388001.4576466,38.808547299937345,0.021597699960693717,997124,39.097,0,False,357.9,-177.89999999999998,0.0,0.0,0.0,0.0,65027
1789388001.478879,38.829735999926925,0.021188699989579618,997144,39.117,0,False,357.9,-177.89999999999998,0.0,0.0,0.0,0.0,65027
1789388001.4965672,38.84761239995714,0.017876400030218065,997164,39.137,0,False,357.9,-177.89999999999998,0.0,0.0,0.0,0.0,65027
1789388001.5138767,38.86513829999603,0.01752590003889054,997184,39.157,0,False,357.9,-177.89999999999998,0.0,0.0,0.0,0.0,65027
1789388001.5345771,38.885585799929686,0.02044749993365258,997204,39.177,0,False,357.9,-177.89999999999998,0.0,0.0,0.0,0.0,65027
1789388001.5571191,38.90868709993083,0.02310130000114441,997224,39.197,0,False,357.9,-177.89999999999998,0.0,0.0,0.0,0.0,65027
1789388001.5761693,38.92735020001419,0.018663100083358586,997245,39.218,0,False,357.9,-177.89999999999998,0.0,0.0,0.0,0.0,65027
1789388001.5973568,38.94837330002338,0.021023100009188056,997265,39.238,0,False,357.9,-177.89999999999998,0.0,0.0,0.0,0.0,65027
1789388001.6171763,38.968336799996905,0.019963499973528087,997285,39.258,0,False,357.9,-177.89999999999998,0.0,0.0,0.0,0.0,65027
1789388001.6352236,38.98635899997316,0.01802219997625798,997305,39.278,0,False,357.9,-177.89999999999998,0.0,0.0,0.0,0.0,65027
1789388001.6537857,39.00470619997941,0.018347200006246567,997325,39.298,0,False,357.9,-177.89999999999998,0.0,0.0,0.0,0.0,65027
1789388001.6763513,39.02744640002493,0.022740200045518577,997345,39.318,0,False,357.9,-177.89999999999998,0.0,0.0,0.0,0.0,65027
1789388001.6982133,39.049409099970944,0.021962699946016073,997366,39.339,0,False,357.9,-177.89999999999998,0.0,0.0,0.0,0.0,65027
1789388001.7154229,39.066481499932706,0.01707239996176213,997386,39.359,0,False,357.9,-177.89999999999998,0.0,0.0,0.0,0.0,65027
1789388001.7337277,39.0848079000134,0.01832640008069575,997406,39.379,0,False,357.9,-177.89999999999998,0.0,0.0,0.0,0.0,65027
1789388001.7529135,39.1045041999314,0.01969629991799593,997426,39.399,0,False,357.9,-177.89999999999998,0.0,0.0,0.0,0.0,65027
1789388001.776014,39.126772099989466,0.022267900058068335,997446,39.419,0,False,357.9,-177.89999999999998,0.0,0.0,0.0,0.0,65027
1789388001.7977607,39.14904970000498,0.0222776000155136,997466,39.439,0,False,357.9,-177.89999999999998,0.0,0.0,0.0,0.0,65027
1789388001.814991,39.16607789997943,0.01702819997444749,997487,39.46,0,False,357.9,-177.89999999999998,0.0,0.0,0.0,0.0,65027
1789388001.8339813,39.18470919993706,0.01863129995763302,997507,39.48,0,False,357.9,-177.89999999999998,0.0,0.0,0.0,0.0,65027
1789388001.8542595,39.20502180000767,0.020312600070610642,997527,39.5,0,False,357.9,-177.89999999999998,0.0,0.0,0.0,0.0,65027
1789388001.8754594,39.22641210001893,0.021390300011262298,997547,39.52,0,False,357.9,-177.89999999999998,0.0,0.0,0.0,0.0,65027
1789388001.8975482,39.24825579999015,0.021843699971213937,997567,39.54,0,False,357.9,-177.89999999999998,0.0,0.0,0.0,0.0,65027
1789388001.914325,39.26514259993564,0.016886799945496023,997588,39.561,0,False,357.9,-177.89999999999998,0.0,0.0,0.0,0.0,65027
1789388001.9346163,39.285386799951084,0.020244200015440583,997608,39.581,0,False,357.9,-177.89999999999998,0.0,0.0,0.0,0.0,65027
1789388001.9547167,39.305440600030124,0.02005380007904023,997628,39.601,0,False,357.9,-177.89999999999998,0.0,0.0,0.0,0.0,65027
1789388001.9743798,39.32538099994417,0.019940399914048612,997648,39.621,0,False,357.9,-177.89999999999998,0.0,0.0,0.0,0.0,65027
1789388002.002558,39.35348259995226,0.02810160000808537,997669,39.642,0,False,357.9,-177.89999999999998,0.0,0.0,0.0,0.0,65027
1789388002.0158274,39.36647599993739,0.012993399985134602,997688,39.661,0,False,357.9,-177.89999999999998,0.0,0.0,0.0,0.0,65027
1789388002.0356922,39.38662030000705,0.02014430006965995,997710,39.683,0,False,357.9,-177.89999999999998,0.0,0.0,0.0,0.0,65027
1789388002.0650322,39.4159287000075,0.029308400000445545,997729,39.702,0,False,357.9,-177.89999999999998,0.0,0.0,0.0,0.0,65027
1789388002.0755093,39.42648229992483,0.010553599917329848,997749,39.722,0,False,357.9,-177.89999999999998,0.0,0.0,0.0,0.0,65027
1789388002.09812,39.44915490003768,0.022672600112855434,997770,39.743,0,False,357.9,-177.89999999999998,0.0,0.0,0.0,0.0,65027
1789388002.1173315,39.46805949998088,0.018904599943198264,997789,39.762,0,False,357.9,-177.89999999999998,0.0,0.0,0.0,0.0,65027
1789388002.1360414,39.48708170000464,0.01902220002375543,997810,39.783,0,False,357.9,-177.89999999999998,0.0,0.0,0.0,0.0,65027
1789388002.1576483,39.50830709992442,0.02122539991978556,997830,39.803,0,False,357.9,-177.89999999999998,0.0,0.0,0.0,0.0,65027
1789388002.1794806,39.530536499922164,0.022229399997740984,997850,39.823,0,False,357.9,-177.89999999999998,0.0,0.0,0.0,0.0,65027
1789388002.2000015,39.5507250999799,0.02018860005773604,997870,39.843,0,False,357.9,-177.89999999999998,0.0,0.0,0.0,0.0,65027
1789388002.216728,39.56734549999237,0.016620400012470782,997890,39.863,0,False,357.9,-177.89999999999998,0.0,0.0,0.0,0.0,65027
1789388002.2368374,39.5876984000206,0.02035290002822876,997910,39.883,0,False,357.9,-177.89999999999998,0.0,0.0,0.0,0.0,65027
1789388002.2574337,39.60821550001856,0.02051709999796003,997930,39.903,0,False,357.9,-177.89999999999998,0.0,0.0,0.0,0.0,65027
1789388002.278239,39.62905069999397,0.020835199975408614,997951,39.924,0,False,357.9,-177.89999999999998,0.0,0.0,0.0,0.0,65027
1789388002.2972417,39.647924199933186,0.018873499939218163,997971,39.944,0,False,357.9,-177.89999999999998,0.0,0.0,0.0,0.0,65027
1789388002.3154094,39.66602949996013,0.01810530002694577,997991,39.964,0,False,357.9,-177.89999999999998,0.0,0.0,0.0,0.0,65027
1789388002.334668,39.685275699943304,0.01924619998317212,998011,39.984,0,False,357.9,-177.89999999999998,0.0,0.0,0.0,0.0,65027
1789388002.3555613,39.706455199979246,0.0211795000359416,998031,40.004,0,False,357.9,-177.89999999999998,0.0,0.0,0.0,0.0,65027
1789388002.3770926,39.728019800037146,0.021564600057899952,998051,40.024,0,False,357.9,-177.89999999999998,0.0,0.0,0.0,0.0,65027
1789388002.397044,39.74799049994908,0.019970699911937118,998072,40.045,0,False,357.9,-177.89999999999998,0.0,0.0,0.0,0.0,65027
1789388002.4153652,39.76636409992352,0.018373599974438548,998092,40.065,0,False,357.9,-177.89999999999998,0.0,0.0,0.0,0.0,65027
1789388002.4334192,39.78494459996,0.018580500036478043,998112,40.085,0,False,357.9,-177.89999999999998,0.0,0.0,0.0,0.0,65027
1789388002.4566185,39.807633799966425,0.02268920000642538,998132,40.105,0,False,357.9,-177.89999999999998,0.0,0.0,0.0,0.0,65027
1789388002.475317,39.82651179993991,0.018877999973483384,998152,40.125,0,False,357.9,-177.89999999999998,0.0,0.0,0.0,0.0,65027
1789388002.495655,39.84643979999237,0.019928000052459538,998172,40.145,0,False,357.9,-177.89999999999998,0.0,0.0,0.0,0.0,65027
1789388002.5161746,39.86715309997089,0.020713299978524446,998193,40.166,0,False,357.9,-177.89999999999998,0.0,0.0,0.0,0.0,65027
1789388002.533758,39.88472219998948,0.01756910001859069,998213,40.186,0,False,357.9,-177.89999999999998,0.0,0.0,0.0,0.0,65027
1789388002.554662,39.90555539994966,0.020833199960179627,998233,40.206,0,False,357.9,-177.89999999999998,0.0,0.0,0.0,0.0,65027
1789388002.574791,39.925749599933624,0.02019419998396188,998253,40.226,0,False,357.9,-177.89999999999998,0.0,0.0,0.0,0.0,65027
1789388002.5957065,39.946668899967335,0.020919300033710897,998273,40.246,0,False,357.9,-177.89999999999998,0.0,0.0,0.0,0.0,65027
1789388002.6148791,39.96568989998195,0.01902100001461804,998294,40.267,0,False,357.9,-177.89999999999998,0.0,0.0,0.0,0.0,65027
1789388002.6350086,39.98577849997673,0.020088599994778633,998314,40.287,0,False,357.9,-177.89999999999998,0.0,0.0,0.0,0.0,65027
1789388002.6535592,40.00447109993547,0.018692599958740175,998334,40.307,0,False,357.9,-177.89999999999998,0.0,0.0,0.0,0.0,65027
1789388002.6758454,40.02692859992385,0.022457499988377094,998354,40.327,0,False,357.9,-177.89999999999998,0.0,0.0,0.0,0.0,65027
1789388002.6952798,40.046270999941044,0.01934240001719445,998374,40.347,0,False,357.9,-177.89999999999998,0.0,0.0,0.0,0.0,65027
1789388002.7142267,40.06509389996063,0.018822900019586086,998394,40.367,0,False,357.9,-177.89999999999998,0.0,0.0,0.0,0.0,65027
1789388002.7347746,40.08547639998142,0.02038250002078712,998414,40.387,0,False,357.9,-177.89999999999998,0.0,0.0,0.0,0.0,65027
1789388002.7541018,40.10489840002265,0.019422000041231513,998435,40.408,0,False,357.9,-177.89999999999998,0.0,0.0,0.0,0.0,65027
1789388002.777019,40.127862000023015,0.02296360000036657,998455,40.428,0,False,357.9,-177.89999999999998,0.0,0.0,0.0,0.0,65027
1789388002.795207,40.14632359996904,0.018461599946022034,998475,40.448,0,False,357.9,-177.89999999999998,0.0,0.0,0.0,0.0,65027
1789388002.8142476,40.165183699922636,0.018860099953599274,998495,40.468,0,False,357.9,-177.89999999999998,0.0,0.0,0.0,0.0,65027
1789388002.8341868,40.184971099952236,0.019787400029599667,998515,40.488,0,False,357.9,-177.89999999999998,0.0,0.0,0.0,0.0,65027
1789388002.8565457,40.20719949994236,0.02222839999012649,998535,40.508,0,False,357.9,-177.89999999999998,0.0,0.0,0.0,0.0,65027
1789388002.876373,40.22722849994898,0.020029000006616116,998556,40.529,0,False,357.9,-177.89999999999998,0.0,0.0,0.0,0.0,65027
1789388002.8963633,40.24727259995416,0.020044100005179644,998576,40.549,0,False,357.9,-177.89999999999998,0.0,0.0,0.0,0.0,65027
1789388002.9168909,40.26779279997572,0.02052020002156496,998596,40.569,0,False,357.9,-177.89999999999998,0.0,0.0,0.0,0.0,65027
1789388002.934666,40.285762100014836,0.017969300039112568,998616,40.589,0,False,357.9,-177.89999999999998,0.0,0.0,0.0,0.0,65027
1789388002.953547,40.304407299961895,0.018645199947059155,998636,40.609,0,False,357.9,-177.89999999999998,0.0,0.0,0.0,0.0,65027
1789388002.973802,40.32470839994494,0.02030109998304397,998656,40.629,0,False,357.9,-177.89999999999998,0.0,0.0,0.0,0.0,65027
1789388002.9978964,40.34891239996068,0.024204000015743077,998677,40.65,0,False,357.9,-177.89999999999998,0.0,0.0,0.0,0.0,65027
1789388003.0147195,40.36583399993833,0.01692159997764975,998697,40.67,0,False,357.9,-177.89999999999998,0.0,0.0,0.0,0.0,65027
1789388003.035942,40.38747880002484,0.02164480008650571,998717,40.69,0,False,357.9,-177.89999999999998,0.0,0.0,0.0,0.0,65027
1789388003.054663,40.405940199969336,0.018461399944499135,998737,40.71,0,False,357.9,-177.89999999999998,0.0,0.0,0.0,0.0,65027
1789388003.0772865,40.4279644000344,0.02202420006506145,998757,40.73,0,False,357.9,-177.89999999999998,0.0,0.0,0.0,0.0,65027
1789388003.096569,40.4473355000373,0.019371100002899766,998777,40.75,0,False,357.9,-177.89999999999998,0.0,0.0,0.0,0.0,65027
1789388003.1155674,40.46623959997669,0.018904099939391017,998798,40.771,0,False,357.9,-177.89999999999998,0.0,0.0,0.0,0.0,65027
1789388003.135198,40.48602319997735,0.019783600000664592,998818,40.791,0,False,357.9,-177.89999999999998,0.0,0.0,0.0,0.0,65027
1789388003.156058,40.507174400030635,0.021151200053282082,998838,40.811,0,False,357.9,-177.89999999999998,0.0,0.0,0.0,0.0,65027
1789388003.1774797,40.52855059993453,0.02137619990389794,998858,40.831,0,False,357.9,-177.89999999999998,0.0,0.0,0.0,0.0,65027
1789388003.1954868,40.54612229997292,0.01757170003838837,998878,40.851,0,False,357.9,-177.89999999999998,0.0,0.0,0.0,0.0,65027
1789388003.2149463,40.56576879997738,0.019646500004455447,998899,40.872,0,False,357.9,-177.89999999999998,0.0,0.0,0.0,0.0,65027
1789388003.2334664,40.58442720002495,0.018658400047570467,998918,40.891,0,False,357.9,-177.89999999999998,0.0,0.0,0.0,0.0,65027
1789388003.2553296,40.60609349992592,0.021666299900971353,998939,40.912,0,False,357.9,-177.89999999999998,0.0,0.0,0.0,0.0,65027
1789388003.2750583,40.625958999968134,0.01986550004221499,998959,40.932,0,False,357.9,-177.89999999999998,0.0,0.0,0.0,0.0,65027
1789388003.297605,40.64854989992455,0.022590899956412613,998979,40.952,0,False,357.9,-177.89999999999998,0.0,0.0,0.0,0.0,65027
1789388003.3146985,40.66557770001236,0.017027800087817013,998999,40.972,0,False,357.9,-177.89999999999998,0.0,0.0,0.0,0.0,65027
1789388003.334393,40.68508520000614,0.019507499993778765,999019,40.992,0,False,357.9,-177.89999999999998,0.0,0.0,0.0,0.0,65027
1789388003.3558457,40.706978300004266,0.021893099998123944,999039,41.012,0,False,357.9,-177.89999999999998,0.0,0.0,0.0,0.0,65027
1789388003.3768237,40.72767279995605,0.020694499951787293,999060,41.033,0,False,357.9,-177.89999999999998,0.0,0.0,0.0,0.0,65027
1789388003.396092,40.74712910002563,0.019456300069577992,999080,41.053,0,False,357.9,-177.89999999999998,0.0,0.0,0.0,0.0,65027
1789388003.4147213,40.76534299994819,0.018213899922557175,999100,41.073,0,False,357.9,-177.89999999999998,0.0,0.0,0.0,0.0,65027
1789388003.4336963,40.78442789998371,0.019084900035522878,999120,41.093,0,False,357.9,-177.89999999999998,0.0,0.0,0.0,0.0,65027
1789388003.4546182,40.805646499968134,0.021218599984422326,999140,41.113,0,False,357.9,-177.89999999999998,0.0,0.0,0.0,0.0,65027
1789388003.4763548,40.827327199978754,0.021680700010620058,999161,41.134,0,False,357.9,-177.89999999999998,0.0,0.0,0.0,0.0,65027
1789388003.4952967,40.84627460001502,0.018947400036267936,999181,41.154,0,False,357.9,-177.89999999999998,0.0,0.0,0.0,0.0,65027
1789388003.5164146,40.86746119998861,0.021186599973589182,999201,41.174,0,False,357.9,-177.89999999999998,0.0,0.0,0.0,0.0,65027
1789388003.534554,40.88587150000967,0.01841030002105981,999221,41.194,0,False,357.9,-177.89999999999998,0.0,0.0,0.0,0.0,65027
1789388003.5552282,40.905903100036085,0.0200316000264138,999241,41.214,0,False,357.9,-177.89999999999998,0.0,0.0,0.0,0.0,65027
1789388003.5757697,40.92714009992778,0.02123699989169836,999261,41.234,0,False,357.9,-177.89999999999998,0.0,0.0,0.0,0.0,65027
1789388003.5959024,40.947045899927616,0.019905799999833107,999282,41.255,0,False,357.9,-177.89999999999998,0.0,0.0,0.0,0.0,65027
1789388003.6148653,40.96589580003638,0.018849900108762085,999302,41.275,0,False,357.9,-177.89999999999998,0.0,0.0,0.0,0.0,65027
1789388003.6355853,40.98619329999201,0.020297499955631793,999322,41.295,0,False,357.9,-177.89999999999998,0.0,0.0,0.0,0.0,65027
1789388003.6544573,41.005517399986275,0.019324099994264543,999342,41.315,0,False,357.9,-177.89999999999998,0.0,0.0,0.0,0.0,65027
1789388003.6756828,41.02668160002213,0.021164200035855174,999362,41.335,0,False,357.9,-177.89999999999998,0.0,0.0,0.0,0.0,65027
1789388003.6953568,41.04611719993409,0.01943559991195798,999382,41.355,0,False,357.9,-177.89999999999998,0.0,0.0,0.0,0.0,65027
1789388003.7149115,41.06571090000216,0.019593700068071485,999402,41.375,0,False,357.9,-177.89999999999998,0.0,0.0,0.0,0.0,65027
1789388003.7335305,41.084603999974206,0.01889309997204691,999423,41.396,0,False,357.9,-177.89999999999998,0.0,0.0,0.0,0.0,65027
1789388003.754453,41.10507109994069,0.020467099966481328,999443,41.416,0,False,357.9,-177.89999999999998,0.0,0.0,0.0,0.0,65027
1789388003.775969,41.12663179996889,0.021560700028203428,999463,41.436,0,False,357.9,-177.89999999999998,0.0,0.0,0.0,0.0,65027
1789388003.7970827,41.14794559997972,0.021313800010830164,999483,41.456,0,False,357.9,-177.89999999999998,0.0,0.0,0.0,0.0,65027
1789388003.814611,41.16534770000726,0.017402100027538836,999503,41.476,0,False,357.9,-177.89999999999998,0.0,0.0,0.0,0.0,65027
1789388003.8349361,41.18577630002983,0.0204286000225693,999523,41.496,0,False,357.9,-177.89999999999998,0.0,0.0,0.0,0.0,65027
1789388003.8551645,41.20596509997267,0.020188799942843616,999544,41.517,0,False,357.9,-177.89999999999998,0.0,0.0,0.0,0.0,65027
1789388003.877994,41.229003999964334,0.02303889999166131,999564,41.537,0,False,357.9,-177.89999999999998,0.0,0.0,0.0,0.0,65027
1789388003.8953536,41.246414899942465,0.017410899978131056,999584,41.557,0,False,357.9,-177.89999999999998,0.0,0.0,0.0,0.0,65027
1789388003.915675,41.26654350000899,0.020128600066527724,999604,41.577,0,False,357.9,-177.89999999999998,0.0,0.0,0.0,0.0,65027
1789388003.9355814,41.28665319993161,0.0201096999226138,999624,41.597,0,False,357.9,-177.89999999999998,0.0,0.0,0.0,0.0,65027
1789388003.9536104,41.304465399938636,0.017812200007028878,999644,41.617,0,False,357.9,-177.89999999999998,0.0,0.0,0.0,0.0,65027
1789388003.9768372,41.3275870999787,0.023121700040064752,999665,41.638,0,False,357.9,-177.89999999999998,0.0,0.0,0.0,0.0,65027
1789388003.996109,41.34682450001128,0.0192374000325799,999685,41.658,0,False,357.9,-177.89999999999998,0.0,0.0,0.0,0.0,65027
1789388004.0152347,41.36630759993568,0.01948309992440045,999705,41.678,0,False,357.9,-177.89999999999998,0.0,0.0,0.0,0.0,65027
1789388004.0351915,41.386150699923746,0.01984309998806566,999725,41.698,0,False,357.9,-177.89999999999998,0.0,0.0,0.0,0.0,65027
1789388004.0545368,41.40539929992519,0.019248600001446903,999745,41.718,0,False,357.9,-177.89999999999998,0.0,0.0,0.0,0.0,65027
1789388004.0760539,41.42713470000308,0.02173540007788688,999765,41.738,0,False,357.9,-177.89999999999998,0.0,0.0,0.0,0.0,65027
1789388004.0954368,41.44624069996644,0.019105999963358045,999786,41.759,0,False,357.9,-177.89999999999998,0.0,0.0,0.0,0.0,65027
1789388004.1155121,41.466189199942164,0.01994849997572601,999806,41.779,0,False,357.9,-177.89999999999998,0.0,0.0,0.0,0.0,65027
1789388004.134969,41.48591529997066,0.01972610002849251,999826,41.799,0,False,357.9,-177.89999999999998,0.0,0.0,0.0,0.0,65027
1789388004.155302,41.50612569996156,0.02021039999090135,999846,41.819,0,False,357.9,-177.89999999999998,0.0,0.0,0.0,0.0,65027
1789388004.1764355,41.527116999961436,0.02099129999987781,999866,41.839,0,False,357.9,-177.89999999999998,0.0,0.0,0.0,0.0,65027
1789388004.194916,41.54597829992417,0.018861299962736666,999886,41.859,0,False,357.9,-177.89999999999998,0.0,0.0,0.0,0.0,65027
1789388004.214422,41.565389700001106,0.019411400076933205,999907,41.88,0,False,357.9,-177.89999999999998,0.0,0.0,0.0,0.0,65027
1789388004.2346117,41.58569009997882,0.020300399977713823,999927,41.9,0,False,357.9,-177.89999999999998,0.0,0.0,0.0,0.0,65027
1789388004.2542827,41.60530719999224,0.019617100013419986,999947,41.92,0,False,357.9,-177.89999999999998,0.0,0.0,0.0,0.0,65027
1789388004.2761824,41.62719050003216,0.02188330003991723,999967,41.94,0,False,357.9,-177.89999999999998,0.0,0.0,0.0,0.0,65027
1789388004.2962341,41.64719349995721,0.02000299992505461,999987,41.96,0,False,357.9,-177.89999999999998,0.0,0.0,0.0,0.0,65027
1789388004.315072,41.666178299929015,0.018984799971804023,1000007,41.98,0,False,357.9,-177.89999999999998,0.0,0.0,0.0,0.0,65027
1789388004.3350775,41.686175799928606,0.019997499999590218,1000028,42.001,0,False,357.9,-177.89999999999998,0.0,0.0,0.0,0.0,65027
1789388004.3562565,41.70687969995197,0.02070390002336353,1000048,42.021,0,False,357.9,-177.89999999999998,0.0,0.0,0.0,0.0,65027
1789388004.3740375,41.725145699921995,0.018265999970026314,1000068,42.041,0,False,357.9,-177.89999999999998,0.0,0.0,0.0,0.0,65027
1789388004.395412,41.74620739999227,0.021061700070276856,1000088,42.061,0,False,357.9,-177.89999999999998,0.0,0.0,0.0,0.0,65027
1789388004.4167404,41.76755119999871,0.02134380000643432,1000109,42.082,0,False,357.9,-177.89999999999998,0.0,0.0,0.0,0.0,65027
1789388004.4340029,41.7846555999713,0.017104399972595274,1000128,42.101,0,False,357.9,-177.89999999999998,0.0,0.0,0.0,0.0,65027
1789388004.456446,41.80759360000957,0.022938000038266182,1000148,42.121,0,False,357.9,-177.89999999999998,0.0,0.0,0.0,0.0,65027
1789388004.4783301,41.82951229996979,0.02191869996022433,1000169,42.142,0,False,357.9,-177.89999999999998,0.0,0.0,0.0,0.0,65027
1789388004.496534,41.84739200002514,0.017879700055345893,1000189,42.162,0,False,357.9,-177.89999999999998,0.0,0.0,0.0,0.0,65027
1789388004.5148199,41.86587929993402,0.01848729990888387,1000209,42.182,0,False,357.9,-177.89999999999998,0.0,0.0,0.0,0.0,65027
1789388004.5370069,41.887944699963555,0.02206540002953261,1000229,42.202,0,False,357.9,-177.89999999999998,0.0,0.0,0.0,0.0,65027
1789388004.5562165,41.90693319996353,0.018988499999977648,1000249,42.222,0,False,357.9,-177.89999999999998,0.0,0.0,0.0,0.0,65027
1789388004.5772536,41.92805829993449,0.021125099970959127,1000269,42.242,0,False,357.9,-177.89999999999998,0.0,0.0,0.0,0.0,65027
1789388004.5955381,41.946470199967735,0.018411900033243,1000290,42.263,0,False,357.9,-177.89999999999998,0.0,0.0,0.0,0.0,65027
1789388004.6152802,41.96617939998396,0.019709200016222894,1000310,42.283,0,False,357.9,-177.89999999999998,0.0,0.0,0.0,0.0,65027
1789388004.6355453,41.986489000031725,0.020309600047767162,1000330,42.303,0,False,357.9,-177.89999999999998,0.0,0.0,0.0,0.0,65027
1789388004.6549444,42.00590300001204,0.019413999980315566,1000350,42.323,0,False,357.9,-177.89999999999998,0.0,0.0,0.0,0.0,65027
1789388004.6752348,42.02617259998806,0.02026959997601807,1000370,42.343,0,False,357.9,-177.89999999999998,0.0,0.0,0.0,0.0,65027
1789388004.69454,42.04617450002115,0.02000190003309399,1000390,42.363,0,False,357.9,-177.89999999999998,0.0,0.0,0.0,0.0,65027
1789388004.7149334,42.06611100002192,0.01993650000076741,1000411,42.384,0,False,357.9,-177.89999999999998,0.0,0.0,0.0,0.0,65027
1789388004.7345405,42.085349199944176,0.01923819992225617,1000431,42.404,0,False,357.9,-177.89999999999998,0.0,0.0,0.0,0.0,65027
1789388004.754869,42.10612210002728,0.020772900083102286,1000451,42.424,0,False,357.9,-177.89999999999998,0.0,0.0,0.0,0.0,65027
1789388004.7760742,42.1269473999273,0.02082529990002513,1000471,42.444,0,False,357.9,-177.89999999999998,0.0,0.0,0.0,0.0,65027
1789388004.7954314,42.146542500006035,0.019595100078731775,1000491,42.464,0,False,357.9,-177.89999999999998,0.0,0.0,0.0,0.0,65027
1789388004.8141377,42.165232399944216,0.018689899938181043,1000511,42.484,0,False,357.9,-177.89999999999998,0.0,0.0,0.0,0.0,65027
1789388004.8341866,42.18507559993304,0.01984319998882711,1000532,42.505,0,False,357.9,-177.89999999999998,0.0,0.0,0.0,0.0,65027
1789388004.854717,42.20577779994346,0.020702200010418892,1000552,42.525,0,False,357.9,-177.89999999999998,0.0,0.0,0.0,0.0,65027
1789388004.8753884,42.226304700016044,0.020526900072582066,1000572,42.545,0,False,357.9,-177.89999999999998,0.0,0.0,0.0,0.0,65027
1789388004.8957622,42.24661379994359,0.020309099927544594,1000592,42.565,0,False,357.9,-177.89999999999998,0.0,0.0,0.0,0.0,65027
1789388004.9155657,42.26626329997089,0.019649500027298927,1000613,42.586,0,False,357.9,-177.89999999999998,0.0,0.0,0.0,0.0,65027
1789388004.934831,42.28573639993556,0.019473099964670837,1000633,42.606,0,False,357.9,-177.89999999999998,0.0,0.0,0.0,0.0,65027
1789388004.9543424,42.305414799950086,0.019678400014527142,1000653,42.626,0,False,357.9,-177.89999999999998,0.0,0.0,0.0,0.0,65027
1789388004.976508,42.32765989995096,0.022245100000873208,1000673,42.646,0,False,357.9,-177.89999999999998,0.0,0.0,0.0,0.0,65027
1789388004.9968324,42.347761799930595,0.020101899979636073,1000693,42.666,0,False,357.9,-177.89999999999998,0.0,0.0,0.0,0.0,65027
1789388005.0137453,42.36504960001912,0.01728780008852482,1000713,42.686,0,False,357.9,-177.89999999999998,0.0,0.0,0.0,0.0,65027
1789388005.0357823,42.38639669993427,0.021347099915146828,1000733,42.706,0,False,357.9,-177.89999999999998,0.0,0.0,0.0,0.0,65027
1789388005.057073,42.40812849998474,0.021731800050474703,1000754,42.727,0,False,357.9,-177.89999999999998,0.0,0.0,0.0,0.0,65027
1789388005.0775826,42.4286821000278,0.020553600043058395,1000774,42.747,0,False,357.9,-177.89999999999998,0.0,0.0,0.0,0.0,65027
1789388005.0953116,42.44603959994856,0.017357499920763075,1000794,42.767,0,False,357.9,-177.89999999999998,0.0,0.0,0.0,0.0,65027
1789388005.115788,42.46683019993361,0.020790599985048175,1000814,42.787,0,False,357.9,-177.89999999999998,0.0,0.0,0.0,0.0,65027
1789388005.1358228,42.48680269997567,0.019972500042058527,1000834,42.807,0,False,357.9,-177.89999999999998,0.0,0.0,0.0,0.0,65027
1789388005.1585438,42.50978820002638,0.02298550005070865,1000855,42.828,0,False,357.9,-177.89999999999998,0.0,0.0,0.0,0.0,65027
1789388005.1784065,42.52938279998489,0.019594599958509207,1000875,42.848,0,False,357.9,-177.89999999999998,0.0,0.0,0.0,0.0,65027
1789388005.196647,42.54774670000188,0.018363900016993284,1000895,42.868,0,False,357.9,-177.89999999999998,0.0,0.0,0.0,0.0,65027
1789388005.215413,42.566038899938576,0.018292199936695397,1000915,42.888,0,False,357.9,-177.89999999999998,0.0,0.0,0.0,0.0,65027
1789388005.2353344,42.586064300034195,0.02002540009561926,1000935,42.908,0,False,357.9,-177.89999999999998,0.0,0.0,0.0,0.0,65027
1789388005.2570882,42.60826759994961,0.02220329991541803,1000955,42.928,0,False,357.9,-177.89999999999998,0.0,0.0,0.0,0.0,65027
1789388005.277077,42.628030900028534,0.01976330007892102,1000975,42.948,0,False,357.9,-177.89999999999998,0.0,0.0,0.0,0.0,65027
1789388005.2948232,42.645841100020334,0.01781019999179989,1000996,42.969,0,False,357.9,-177.89999999999998,0.0,0.0,0.0,0.0,65027
1789388005.3152184,42.66611530003138,0.02027420001104474,1001016,42.989,0,False,357.9,-177.89999999999998,0.0,0.0,0.0,0.0,65027
1789388005.334742,42.685754999984056,0.019639699952676892,1001036,43.009,0,False,357.9,-177.89999999999998,0.0,0.0,0.0,0.0,65027
1789388005.3565123,42.707619399996474,0.021864400012418628,1001056,43.029,0,False,357.9,-177.89999999999998,0.0,0.0,0.0,0.0,65027
1789388005.3769224,42.7277502999641,0.020130899967625737,1001076,43.049,0,False,357.9,-177.89999999999998,0.0,0.0,0.0,0.0,65027
1789388005.3937294,42.744812099961564,0.017061799997463822,1001097,43.07,0,False,357.9,-177.89999999999998,0.0,0.0,0.0,0.0,65027
1789388005.4147701,42.765814399928786,0.021002299967221916,1001117,43.09,0,False,357.9,-177.89999999999998,0.0,0.0,0.0,0.0,65027
1789388005.4351003,42.786066800006665,0.02025240007787943,1001137,43.11,0,False,357.9,-177.89999999999998,0.0,0.0,0.0,0.0,65027
1789388005.453685,42.80483309994452,0.018766299937851727,1001157,43.13,0,False,357.9,-177.89999999999998,0.0,0.0,0.0,0.0,65027
1789388005.475473,42.8264719999861,0.0216389000415802,1001177,43.15,0,False,357.9,-177.89999999999998,0.0,0.0,0.0,0.0,65027
1789388005.4941669,42.845068800030276,0.018596800044178963,1001198,43.171,0,False,357.9,-177.89999999999998,0.0,0.0,0.0,0.0,65027
1789388005.5136673,42.86433519993443,0.01926639990415424,1001218,43.191,0,False,357.9,-177.89999999999998,0.0,0.0,0.0,0.0,65027
1789388005.533567,42.8844760999782,0.02014090004377067,1001238,43.211,0,False,357.9,-177.89999999999998,0.0,0.0,0.0,0.0,65027
1789388005.5535028,42.904951700009406,0.02047560003120452,1001258,43.231,0,False,357.9,-177.89999999999998,0.0,0.0,0.0,0.0,65027
1789388005.5760064,42.92662159993779,0.02166989992838353,1001278,43.251,0,False,357.9,-177.89999999999998,0.0,0.0,0.0,0.0,65027
1789388005.594628,42.94552950002253,0.018907900084741414,1001299,43.272,0,False,357.9,-177.89999999999998,0.0,0.0,0.0,0.0,65027
1789388005.6131158,42.96417379996274,0.01864429994020611,1001318,43.291,0,False,357.9,-177.89999999999998,0.0,0.0,0.0,0.0,65027
1789388005.634321,42.985196299967356,0.02102250000461936,1001339,43.312,0,False,357.9,-177.89999999999998,0.0,0.0,0.0,0.0,65027
1789388005.653631,43.00449610000942,0.019299800042062998,1001359,43.332,0,False,357.9,-177.89999999999998,0.0,0.0,0.0,0.0,65027
1789388005.6741579,43.025080999941565,0.020584899932146072,1001379,43.352,0,False,357.9,-177.89999999999998,0.0,0.0,0.0,0.0,65027
1789388005.694354,43.04511269996874,0.020031700027175248,1001399,43.372,0,False,357.9,-177.89999999999998,0.0,0.0,0.0,0.0,65027
1789388005.713201,43.06384389998857,0.018731200019828975,1001419,43.392,0,False,357.9,-177.89999999999998,0.0,0.0,0.0,0.0,65027
1789388005.7344599,43.08545919996686,0.02161529997829348,1001439,43.412,0,False,357.9,-177.89999999999998,0.0,0.0,0.0,0.0,65027
1789388005.7547987,43.105589199927635,0.020129999960772693,1001460,43.433,0,False,357.9,-177.89999999999998,0.0,0.0,0.0,0.0,65027
1789388005.7753615,43.12623739999253,0.020648200064897537,1001480,43.453,0,False,357.9,-177.89999999999998,0.0,0.0,0.0,0.0,65027
1789388005.794607,43.14559630001895,0.01935890002641827,1001500,43.473,0,False,357.9,-177.89999999999998,0.0,0.0,0.0,0.0,65027
1789388005.8139782,43.16482970002107,0.019233400002121925,1001520,43.493,0,False,357.9,-177.89999999999998,0.0,0.0,0.0,0.0,65027
1789388005.8341272,43.184997899923474,0.020168199902400374,1001540,43.513,0,False,357.9,-177.89999999999998,0.0,0.0,0.0,0.0,65027
1789388005.8552046,43.206322800018825,0.02132490009535104,1001560,43.533,0,False,357.9,-177.89999999999998,0.0,0.0,0.0,0.0,65027
1789388005.875463,43.22645650000777,0.02013369998894632,1001581,43.554,0,False,357.9,-177.89999999999998,0.0,0.0,0.0,0.0,65027
1789388005.8941834,43.24498089996632,0.01852439995855093,1001601,43.574,0,False,357.9,-177.89999999999998,0.0,0.0,0.0,0.0,65027
1789388005.9136732,43.26461119996384,0.019630299997515976,1001621,43.594,0,False,357.9,-177.89999999999998,0.0,0.0,0.0,0.0,65027
1789388005.9329708,43.283779999939725,0.01916879997588694,1001641,43.614,0,False,357.9,-177.89999999999998,0.0,0.0,0.0,0.0,65027
1789388005.9534624,43.30433209997136,0.020552100031636655,1001661,43.634,0,False,357.9,-177.89999999999998,0.0,0.0,0.0,0.0,65027
1789388005.975267,43.32594100001734,0.021608900045976043,1001681,43.654,0,False,357.9,-177.89999999999998,0.0,0.0,0.0,0.0,65027
1789388005.9938893,43.34482090000529,0.01887989998795092,1001702,43.675,0,False,357.9,-177.89999999999998,0.0,0.0,0.0,0.0,65027
1789388006.0131056,43.36377639998682,0.01895549998153001,1001722,43.695,0,False,357.9,-177.89999999999998,0.0,0.0,0.0,0.0,65027
1789388006.0328035,43.383768799947575,0.019992399960756302,1001742,43.715,0,False,357.9,-177.89999999999998,0.0,0.0,0.0,0.0,65027
1789388006.0531094,43.404158500023186,0.020389700075611472,1001762,43.735,0,False,357.9,-177.89999999999998,0.0,0.0,0.0,0.0,65027
1789388006.0739834,43.42508870002348,0.020930200000293553,1001782,43.755,0,False,357.9,-177.89999999999998,0.0,0.0,0.0,0.0,65027
1789388006.0935564,43.44432599993888,0.019237299915403128,1001803,43.776,0,False,357.9,-177.89999999999998,0.0,0.0,0.0,0.0,65027
1789388006.112883,43.46404809993692,0.019722099998034537,1001823,43.796,0,False,357.9,-177.89999999999998,0.0,0.0,0.0,0.0,65027
1789388006.134078,43.48509420000482,0.02104610006790608,1001843,43.816,0,False,357.9,-177.89999999999998,0.0,0.0,0.0,0.0,65027
1789388006.154721,43.50604789995123,0.020953699946403503,1001863,43.836,0,False,357.9,-177.89999999999998,0.0,0.0,0.0,0.0,65027
1789388006.1759226,43.527264899923466,0.021216999972239137,1001883,43.856,0,False,357.9,-177.89999999999998,0.0,0.0,0.0,0.0,65027
1789388006.1949675,43.546170499990694,0.01890560006722808,1001904,43.877,0,False,357.9,-177.89999999999998,0.0,0.0,0.0,0.0,65027
1789388006.2141602,43.56528310000431,0.0191126000136137,1001924,43.897,0,False,357.9,-177.89999999999998,0.0,0.0,0.0,0.0,65027
1789388006.2333899,43.58439820003696,0.019115100032649934,1001944,43.917,0,False,357.9,-177.89999999999998,0.0,0.0,0.0,0.0,65027
1789388006.2538757,43.60470649995841,0.020308299921453,1001964,43.937,0,False,357.9,-177.89999999999998,0.0,0.0,0.0,0.0,65027
1789388006.2753193,43.626445599948056,0.021739099989645183,1001984,43.957,0,False,357.9,-177.89999999999998,0.0,0.0,0.0,0.0,65027
1789388006.2948656,43.645551300025545,0.01910570007748902,1002005,43.978,0,False,357.9,-177.89999999999998,0.0,0.0,0.0,0.0,65027
1789388006.3147004,43.6655824999325,0.02003119990695268,1002024,43.997,0,False,357.9,-177.89999999999998,0.0,0.0,0.0,0.0,65027
1789388006.3343952,43.685291299945675,0.019708800013177097,1002045,44.018,0,False,357.9,-177.89999999999998,0.0,0.0,0.0,0.0,65027
1789388006.3536658,43.70447609992698,0.019184799981303513,1002065,44.038,0,False,357.9,-177.89999999999998,0.0,0.0,0.0,0.0,65027
1789388006.373864,43.72468859993387,0.020212500006891787,1002085,44.058,0,False,357.9,-177.89999999999998,0.0,0.0,0.0,0.0,65027
1789388006.393415,43.74421709997114,0.019528500037267804,1002105,44.078,0,False,357.9,-177.89999999999998,0.0,0.0,0.0,0.0,65027
1789388006.4133961,43.76422030001413,0.02000320004299283,1002125,44.098,0,False,357.9,-177.89999999999998,0.0,0.0,0.0,0.0,65027
1789388006.4336438,43.78439099993557,0.020170699921436608,1002145,44.118,0,False,357.9,-177.89999999999998,0.0,0.0,0.0,0.0,65027
1789388006.4543905,43.80572119995486,0.021330200019292533,1002166,44.139,0,False,357.9,-177.89999999999998,0.0,0.0,0.0,0.0,65027
1789388006.47768,43.829079299932346,0.023358099977485836,1002186,44.159,0,False,357.9,-177.89999999999998,0.0,0.0,0.0,0.0,65027
1789388006.51537,43.86604859994259,0.03696930001024157,1002226,44.199,0,False,357.9,-177.89999999999998,0.0,0.0,0.0,0.0,65027
1789388006.5214896,43.87240939994808,0.006360800005495548,1002232,44.205,0,False,357.9,-177.89999999999998,0.0,0.0,0.0,0.0,65027
1789388006.5345848,43.88607989996672,0.013670500018633902,1002246,44.219,0,False,357.9,-177.89999999999998,0.0,0.0,0.0,0.0,65027
1789388006.5556288,43.9072377999546,0.021157899987883866,1002266,44.239,0,False,357.9,-177.89999999999998,0.0,0.0,0.0,0.0,65027
1789388006.5752213,43.926183499977924,0.018945700023323298,1002287,44.26,0,False,357.9,-177.89999999999998,0.0,0.0,0.0,0.0,65027
1789388006.5932102,43.944306100020185,0.018122600042261183,1002307,44.28,0,False,357.9,-177.89999999999998,0.0,0.0,0.0,0.0,65027
1789388006.6134598,43.964488700032234,0.02018260001204908,1002327,44.3,0,False,357.9,-177.89999999999998,0.0,0.0,0.0,0.0,65027
1789388006.6331913,43.98403729998972,0.019548599957488477,1002347,44.32,0,False,357.9,-177.89999999999998,0.0,0.0,0.0,0.0,65027
1789388006.6545522,44.00569719995838,0.021659899968653917,1002367,44.34,0,False,357.9,-177.89999999999998,0.0,0.0,0.0,0.0,65027
1789388006.676195,44.02726909995545,0.02157189999707043,1002388,44.361,0,False,357.9,-177.89999999999998,0.0,0.0,0.0,0.0,65027
1789388006.6945183,44.04541589994915,0.01814679999370128,1002408,44.381,0,False,357.9,-177.89999999999998,0.0,0.0,0.0,0.0,65027
1789388006.713546,44.064153900020756,0.01873800007160753,1002428,44.401,0,False,357.9,-177.89999999999998,0.0,0.0,0.0,0.0,65027
1789388006.7331688,44.08377489994746,0.019620999926701188,1002448,44.421,0,False,357.9,-177.89999999999998,0.0,0.0,0.0,0.0,65027
1789388006.7526762,44.103731899987906,0.019957000040449202,1002468,44.441,0,False,357.9,-177.89999999999998,0.0,0.0,0.0,0.0,65027
1789388006.773588,44.124465900007635,0.020734000019729137,1002488,44.461,0,False,357.9,-177.89999999999998,0.0,0.0,0.0,0.0,65027
1789388006.7931294,44.144243699964136,0.01977779995650053,1002509,44.482,0,False,357.9,-177.89999999999998,0.0,0.0,0.0,0.0,65027
1789388006.813071,44.16410789999645,0.01986420003231615,1002529,44.502,0,False,357.9,-177.89999999999998,0.0,0.0,0.0,0.0,65027
1789388006.8337057,44.184773099957965,0.02066519996151328,1002549,44.522,0,False,357.9,-177.89999999999998,0.0,0.0,0.0,0.0,65027
1789388006.8529165,44.20379059994593,0.019017499987967312,1002569,44.542,0,False,357.9,-177.89999999999998,0.0,0.0,0.0,0.0,65027
1789388006.8739789,44.22460239997599,0.020811800030060112,1002589,44.562,0,False,357.9,-177.89999999999998,0.0,0.0,0.0,0.0,65027
1789388006.8934476,44.24441089993343,0.019808499957434833,1002610,44.583,0,False,357.9,-177.89999999999998,0.0,0.0,0.0,0.0,65027
1789388006.913051,44.26375949999783,0.01934860006440431,1002630,44.603,0,False,357.9,-177.89999999999998,0.0,0.0,0.0,0.0,65027
1789388006.93317,44.284230899997056,0.02047139999922365,1002650,44.623,0,False,357.9,-177.89999999999998,0.0,0.0,0.0,0.0,65027
1789388006.9528275,44.30384619999677,0.019615299999713898,1002670,44.643,0,False,357.9,-177.89999999999998,0.0,0.0,0.0,0.0,65027
1789388006.974169,44.32508300000336,0.021236800006590784,1002690,44.663,0,False,357.9,-177.89999999999998,0.0,0.0,0.0,0.0,65027
1789388006.9942148,44.345190300024115,0.020107300020754337,1002711,44.684,0,False,357.9,-177.89999999999998,0.0,0.0,0.0,0.0,65027
1789388007.0131004,44.36405760003254,0.018867300008423626,1002730,44.703,0,False,357.9,-177.89999999999998,0.0,0.0,0.0,0.0,65027
1789388007.0330355,44.38400840002578,0.019950799993239343,1002751,44.724,0,False,357.9,-177.89999999999998,0.0,0.0,0.0,0.0,65027
1789388007.0534499,44.40408739994746,0.020078999921679497,1002771,44.744,0,False,357.9,-177.89999999999998,0.0,0.0,0.0,0.0,65027
1789388007.0747147,44.42574879992753,0.021661399980075657,1002791,44.764,0,False,357.9,-177.89999999999998,0.0,0.0,0.0,0.0,65027
1789388007.093646,44.44462620001286,0.01887740008533001,1002812,44.785,0,False,357.9,-177.89999999999998,0.0,0.0,0.0,0.0,65027
1789388007.1128526,44.46375440002885,0.019128200015984476,1002831,44.804,0,False,357.9,-177.89999999999998,0.0,0.0,0.0,0.0,65027
1789388007.1338234,44.48474099999294,0.02098659996408969,1002852,44.825,0,False,357.9,-177.89999999999998,0.0,0.0,0.0,0.0,65027
1789388007.1536148,44.504517299938016,0.01977629994507879,1002872,44.845,0,False,357.9,-177.89999999999998,0.0,0.0,0.0,0.0,65027
1789388007.1741312,44.52473289996851,0.020215600030496716,1002892,44.865,0,False,357.9,-177.89999999999998,0.0,0.0,0.0,0.0,65027
1789388007.1932633,44.544278600020334,0.01954570005182177,1002912,44.885,0,False,357.9,-177.89999999999998,0.0,0.0,0.0,0.0,65027
1789388007.2131734,44.56386240001302,0.019583799992688,1002932,44.905,0,False,357.9,-177.89999999999998,0.0,0.0,0.0,0.0,65027
1789388007.2334936,44.58439470001031,0.02053229999728501,1002952,44.925,0,False,357.9,-177.89999999999998,0.0,0.0,0.0,0.0,65027
1789388007.2531345,44.60388419998344,0.019489499973133206,1002973,44.946,0,False,357.9,-177.89999999999998,0.0,0.0,0.0,0.0,65027
1789388007.2743022,44.62553369998932,0.021649500005878508,1002993,44.966,0,False,357.9,-177.89999999999998,0.0,0.0,0.0,0.0,65027
1789388007.2946978,44.645771999959834,0.020238299970515072,1003013,44.986,0,False,357.9,-177.89999999999998,0.0,0.0,0.0,0.0,65027
1789388007.3131828,44.66380809992552,0.018036099965684116,1003033,45.006,0,False,357.9,-177.89999999999998,0.0,0.0,0.0,0.0,65027
1789388007.3332033,44.68408059992362,0.020272499998100102,1003053,45.026,0,False,357.9,-177.89999999999998,0.0,0.0,0.0,0.0,65027
1789388007.3537245,44.70437589997891,0.02029530005529523,1003073,45.046,0,False,357.9,-177.89999999999998,0.0,0.0,0.0,0.0,65027
1789388007.3743215,44.725272199953906,0.02089629997499287,1003094,45.067,0,False,357.9,-177.89999999999998,0.0,0.0,0.0,0.0,65027
1789388007.393699,44.74480540002696,0.019533200073055923,1003114,45.087,0,False,357.9,-177.89999999999998,0.0,0.0,0.0,0.0,65027
1789388007.4127755,44.76378359994851,0.018978199921548367,1003134,45.107,0,False,357.9,-177.89999999999998,0.0,0.0,0.0,0.0,65027
1789388007.4326866,44.78383660002146,0.020053000072948635,1003154,45.127,0,False,357.9,-177.89999999999998,0.0,0.0,0.0,0.0,65027
1789388007.4535081,44.80440050002653,0.020563900005072355,1003174,45.147,0,False,357.9,-177.89999999999998,0.0,0.0,0.0,0.0,65027
1789388007.4740915,44.82560330000706,0.021202799980528653,1003194,45.167,0,False,357.9,-177.89999999999998,0.0,0.0,0.0,0.0,65027
1789388007.4936569,44.84444180002902,0.01883850002195686,1003215,45.188,0,False,357.9,-177.89999999999998,0.0,0.0,0.0,0.0,65027
1789388007.5130472,44.86379059997853,0.019348799949511886,1003235,45.208,0,False,357.9,-177.89999999999998,0.0,0.0,0.0,0.0,65027
1789388007.5332305,44.88406569999643,0.020275100017897785,1003255,45.228,0,False,357.9,-177.89999999999998,0.0,0.0,0.0,0.0,65027
1789388007.55348,44.904504299978726,0.02043859998229891,1003275,45.248,0,False,357.9,-177.89999999999998,0.0,0.0,0.0,0.0,65027
1789388007.5748339,44.925703699933365,0.021199399954639375,1003295,45.268,0,False,357.9,-177.89999999999998,0.0,0.0,0.0,0.0,65027
1789388007.5934243,44.944290600018576,0.0185869000852108,1003316,45.289,0,False,357.9,-177.89999999999998,0.0,0.0,0.0,0.0,65027
1789388007.6128201,44.96375899994746,0.019468399928882718,1003336,45.309,0,False,357.9,-177.89999999999998,0.0,0.0,0.0,0.0,65027
1789388007.632653,44.983805699972436,0.020046700024977326,1003356,45.329,0,False,357.9,-177.89999999999998,0.0,0.0,0.0,0.0,65027
1789388007.653312,45.003935499931686,0.020129799959249794,1003376,45.349,0,False,357.9,-177.89999999999998,0.0,0.0,0.0,0.0,65027
1789388007.6744838,45.025845299940556,0.02190980000887066,1003396,45.369,0,False,357.9,-177.89999999999998,0.0,0.0,0.0,0.0,65027
1789388007.6931684,45.044073199969716,0.018227900029160082,1003417,45.39,0,False,357.9,-177.89999999999998,0.0,0.0,0.0,0.0,65027
1789388007.7129252,45.0646041999571,0.020530999987386167,1003437,45.41,0,False,357.9,-177.89999999999998,0.0,0.0,0.0,0.0,65027
1789388007.7332752,45.08410440001171,0.019500200054608285,1003457,45.43,0,False,357.9,-177.89999999999998,0.0,0.0,0.0,0.0,65027
1789388007.7534964,45.10461639997084,0.020511999959126115,1003477,45.45,0,False,357.9,-177.89999999999998,0.0,0.0,0.0,0.0,65027
1789388007.775067,45.125995000009425,0.021378600038588047,1003497,45.47,0,False,357.9,-177.89999999999998,0.0,0.0,0.0,0.0,65027
1789388007.7933307,45.14415139995981,0.018156399950385094,1003517,45.49,0,False,357.9,-177.89999999999998,0.0,0.0,0.0,0.0,65027
1789388007.813511,45.16444610001054,0.020294700050726533,1003538,45.511,0,False,357.9,-177.89999999999998,0.0,0.0,0.0,0.0,65027
1789388007.8331711,45.1837957999669,0.01934969995636493,1003558,45.531,0,False,357.9,-177.89999999999998,0.0,0.0,0.0,0.0,65027
1789388007.8533957,45.20461899996735,0.020823200000450015,1003578,45.551,0,False,357.9,-177.89999999999998,0.0,0.0,0.0,0.0,65027
1789388007.8753123,45.22614599997178,0.021527000004425645,1003598,45.571,0,False,357.9,-177.89999999999998,0.0,0.0,0.0,0.0,65027
1789388007.8950322,45.24566509993747,0.019519099965691566,1003618,45.591,0,False,357.9,-177.89999999999998,0.0,0.0,0.0,0.0,65027
1789388007.9151375,45.266246799961664,0.020581700024195015,1003638,45.611,0,False,357.9,-177.89999999999998,0.0,0.0,0.0,0.0,65027
1789388007.9338477,45.28470289998222,0.018456100020557642,1003658,45.631,0,False,357.9,-177.89999999999998,0.0,0.0,0.0,0.0,65027
1789388007.953201,45.303932999959216,0.019230099976994097,1003679,45.652,0,False,357.9,-177.89999999999998,0.0,0.0,0.0,0.0,65027
1789388007.9745085,45.32589259999804,0.021959600038826466,1003699,45.672,0,False,357.9,-177.89999999999998,0.0,0.0,0.0,0.0,65027
1789388007.9937942,45.34472699998878,0.018834399990737438,1003719,45.692,0,False,357.9,-177.89999999999998,0.0,0.0,0.0,0.0,65027
1789388008.0138664,45.36474959994666,0.020022599957883358,1003739,45.712,0,False,357.9,-177.89999999999998,0.0,0.0,0.0,0.0,65027
1789388008.0328689,45.38394420000259,0.019194600055925548,1003759,45.732,0,False,357.9,-177.89999999999998,0.0,0.0,0.0,0.0,65027
1789388008.0534837,45.404386800015345,0.020442600012756884,1003780,45.753,0,False,357.9,-177.89999999999998,0.0,0.0,0.0,0.0,65027
1789388008.0751657,45.42613539996091,0.02174859994556755,1003800,45.773,0,False,357.9,-177.89999999999998,0.0,0.0,0.0,0.0,65027
1789388008.0936217,45.444227600004524,0.01809220004361123,1003820,45.793,0,False,357.9,-177.89999999999998,0.0,0.0,0.0,0.0,65027
1789388008.1137311,45.46446039993316,0.02023279992863536,1003840,45.813,0,False,357.9,-177.89999999999998,0.0,0.0,0.0,0.0,65027
1789388008.1337695,45.48445719992742,0.019996799994260073,1003860,45.833,0,False,357.9,-177.89999999999998,0.0,0.0,0.0,0.0,65027
1789388008.1532445,45.503890199935995,0.01943300000857562,1003880,45.853,0,False,357.9,-177.89999999999998,0.0,0.0,0.0,0.0,65027
1789388008.1740806,45.52522599999793,0.021335800061933696,1003901,45.874,0,False,357.9,-177.89999999999998,0.0,0.0,0.0,0.0,65027
1789388008.193232,45.54430049995426,0.019074499956332147,1003921,45.894,0,False,357.9,-177.89999999999998,0.0,0.0,0.0,0.0,65027
1789388008.2135525,45.564151099999435,0.01985060004517436,1003941,45.914,0,False,357.9,-177.89999999999998,0.0,0.0,0.0,0.0,65027
1789388008.2330034,45.58417990000453,0.020028800005093217,1003961,45.934,0,False,357.9,-177.89999999999998,0.0,0.0,0.0,0.0,65027
1789388008.253262,45.60439669992775,0.020216799923218787,1003981,45.954,0,False,357.9,-177.89999999999998,0.0,0.0,0.0,0.0,65027
1789388008.2743955,45.62534779997077,0.020951100043021142,1004001,45.974,0,False,357.9,-177.89999999999998,0.0,0.0,0.0,0.0,65027
1789388008.2931004,45.64419819996692,0.01885039999615401,1004022,45.995,0,False,357.9,-177.89999999999998,0.0,0.0,0.0,0.0,65027
1789388008.3130956,45.66378830000758,0.01959010004065931,1004042,46.015,0,False,357.9,-177.89999999999998,0.0,0.0,0.0,0.0,65027
1789388008.3339949,45.684633099939674,0.020844799932092428,1004062,46.035,0,False,357.9,-177.89999999999998,0.0,0.0,0.0,0.0,65027
1789388008.3531747,45.7043166999938,0.019683600054122508,1004082,46.055,0,False,357.9,-177.89999999999998,0.0,0.0,0.0,0.0,65027
1789388008.3741333,45.72536099993158,0.021044299937784672,1004102,46.075,0,False,357.9,-177.89999999999998,0.0,0.0,0.0,0.0,65027
1789388008.3933685,45.744195899926126,0.018834899994544685,1004123,46.096,0,False,357.9,-177.89999999999998,0.0,0.0,0.0,0.0,65027
1789388008.4124155,45.76385600003414,0.019660100108012557,1004143,46.116,0,False,357.9,-177.89999999999998,0.0,0.0,0.0,0.0,65027
1789388008.4335637,45.78441660001408,0.020560599979944527,1004163,46.136,0,False,357.9,-177.89999999999998,0.0,0.0,0.0,0.0,65027
1789388008.4533906,45.804142399923876,0.01972579990979284,1004183,46.156,0,False,357.9,-177.89999999999998,0.0,0.0,0.0,0.0,65027
1789388008.4753447,45.82637739996426,0.022235000040382147,1004203,46.176,0,False,357.9,-177.89999999999998,0.0,0.0,0.0,0.0,65027
1789388008.4937015,45.84437720000278,0.017999800038523972,1004224,46.197,0,False,357.9,-177.89999999999998,0.0,0.0,0.0,0.0,65027
1789388008.5130093,45.864157899981365,0.01978069997858256,1004244,46.217,0,False,357.9,-177.89999999999998,0.0,0.0,0.0,0.0,65027
1789388008.533785,45.884472199948505,0.02031429996713996,1004264,46.237,0,False,357.9,-177.89999999999998,0.0,0.0,0.0,0.0,65027
1789388008.5536704,45.90448859997559,0.02001640002708882,1004284,46.257,0,False,357.9,-177.89999999999998,0.0,0.0,0.0,0.0,65027
1789388008.5741627,45.924984799930826,0.02049619995523244,1004304,46.277,0,False,357.9,-177.89999999999998,0.0,0.0,0.0,0.0,65027
1789388008.594782,45.94604820001405,0.021063400083221495,1004325,46.298,0,False,357.9,-177.89999999999998,0.0,0.0,0.0,0.0,65027
1789388008.6135912,45.96467799996026,0.01862979994621128,1004345,46.318,0,False,357.9,-177.89999999999998,0.0,0.0,0.0,0.0,65027
1789388008.634743,45.985561099951155,0.02088309999089688,1004365,46.338,0,False,357.9,-177.89999999999998,0.0,0.0,0.0,0.0,65027
1789388008.655153,46.00579329999164,0.020232200040481985,1004385,46.358,0,False,357.9,-177.89999999999998,0.0,0.0,0.0,0.0,65027
1789388008.6746435,46.025782299926504,0.019988999934867024,1004405,46.378,0,False,357.9,-177.89999999999998,0.0,0.0,0.0,0.0,65027
1789388008.693555,46.044666999951005,0.01888470002450049,1004425,46.398,0,False,357.9,-177.89999999999998,0.0,0.0,0.0,0.0,65027
1789388008.7131574,46.06430610001553,0.019639100064523518,1004445,46.418,0,False,357.9,-177.89999999999998,0.0,0.0,0.0,0.0,65027
1789388008.733525,46.08464969997294,0.02034359995741397,1004466,46.439,0,False,357.9,-177.89999999999998,0.0,0.0,0.0,0.0,65027
1789388008.7528205,46.103963000001386,0.019313300028443336,1004486,46.459,0,False,357.9,-177.89999999999998,0.0,0.0,0.0,0.0,65027
1789388008.7744064,46.12509039998986,0.02112739998847246,1004506,46.479,0,False,357.9,-177.89999999999998,0.0,0.0,0.0,0.0,65027
1789388008.7930944,46.144220800022595,0.01913040003273636,1004526,46.499,0,False,357.9,-177.89999999999998,0.0,0.0,0.0,0.0,65027
1789388008.8133004,46.16405499994289,0.01983419992029667,1004546,46.519,0,False,357.9,-177.89999999999998,0.0,0.0,0.0,0.0,65027
1789388008.833346,46.18425539997406,0.02020040003117174,1004566,46.539,0,False,357.9,-177.89999999999998,0.0,0.0,0.0,0.0,65027
1789388008.852892,46.20367700001225,0.019421600038185716,1004587,46.56,0,False,357.9,-177.89999999999998,0.0,0.0,0.0,0.0,65027
1789388008.874651,46.225448000011966,0.021770999999716878,1004607,46.58,0,False,357.9,-177.89999999999998,0.0,0.0,0.0,0.0,65027
1789388008.8938625,46.24481730000116,0.019369299989193678,1004627,46.6,0,False,357.9,-177.89999999999998,0.0,0.0,0.0,0.0,65027
1789388008.9126086,46.26372849999461,0.01891119999345392,1004647,46.62,0,False,357.9,-177.89999999999998,0.0,0.0,0.0,0.0,65027
1789388008.933158,46.2840431999648,0.020314699970185757,1004667,46.64,0,False,357.9,-177.89999999999998,0.0,0.0,0.0,0.0,65027
1789388008.9537861,46.30480299994815,0.020759799983352423,1004687,46.66,0,False,357.9,-177.89999999999998,0.0,0.0,0.0,0.0,65027
1789388008.9745648,46.32578579999972,0.02098280005156994,1004708,46.681,0,False,357.9,-177.89999999999998,0.0,0.0,0.0,0.0,65027
1789388008.9936972,46.344415799947456,0.018629999947734177,1004728,46.701,0,False,357.9,-177.89999999999998,0.0,0.0,0.0,0.0,65027
1789388009.0129874,46.36382890003733,0.019413100089877844,1004748,46.721,0,False,357.9,-177.89999999999998,0.0,0.0,0.0,0.0,65027
1789388009.032767,46.38374700001441,0.019918099977076054,1004768,46.741,0,False,357.9,-177.89999999999998,0.0,0.0,0.0,0.0,65027
1789388009.0526783,46.40415199997369,0.020404999959282577,1004788,46.761,0,False,357.9,-177.89999999999998,0.0,0.0,0.0,0.0,65027
1789388009.073963,46.42464460001793,0.020492600044235587,1004808,46.781,0,False,357.9,-177.89999999999998,0.0,0.0,0.0,0.0,65027
1789388009.0927126,46.44419409998227,0.01954949996434152,1004829,46.802,0,False,357.9,-177.89999999999998,0.0,0.0,0.0,0.0,65027
1789388009.11276,46.46373339998536,0.01953930000308901,1004849,46.822,0,False,357.9,-177.89999999999998,0.0,0.0,0.0,0.0,65027
1789388009.133328,46.48403179994784,0.020298399962484837,1004869,46.842,0,False,357.9,-177.89999999999998,0.0,0.0,0.0,0.0,65027
1789388009.1531668,46.50397540000267,0.019943600054830313,1004889,46.862,0,False,357.9,-177.89999999999998,0.0,0.0,0.0,0.0,65027
1789388009.1747792,46.52552999998443,0.021554599981755018,1004909,46.882,0,False,357.9,-177.89999999999998,0.0,0.0,0.0,0.0,65027
1789388009.1933749,46.5441950999666,0.01866509998217225,1004930,46.903,0,False,357.9,-177.89999999999998,0.0,0.0,0.0,0.0,65027
1789388009.2138705,46.56459470000118,0.020399600034579635,1004950,46.923,0,False,357.9,-177.89999999999998,0.0,0.0,0.0,0.0,65027
1789388009.2331693,46.58385749999434,0.019262799993157387,1004970,46.943,0,False,357.9,-177.89999999999998,0.0,0.0,0.0,0.0,65027
1789388009.2540112,46.604617599979974,0.02076009998563677,1004990,46.963,0,False,357.9,-177.89999999999998,0.0,0.0,0.0,0.0,65027
1789388009.274569,46.62525139993522,0.020633799955248833,1005010,46.983,0,False,357.9,-177.89999999999998,0.0,0.0,0.0,0.0,65027
1789388009.29369,46.64448589994572,0.019234500010497868,1005030,47.003,0,False,357.9,-177.89999999999998,0.0,0.0,0.0,0.0,65027
1789388009.3136609,46.66434799996205,0.019862100016325712,1005050,47.023,0,False,357.9,-177.89999999999998,0.0,0.0,0.0,0.0,65027
1789388009.3331807,46.68391309992876,0.019565099966712296,1005070,47.043,0,False,357.9,-177.89999999999998,0.0,0.0,0.0,0.0,65027
1789388009.3532388,46.704351900028996,0.02043880010023713,1005091,47.064,0,False,357.9,-177.89999999999998,0.0,0.0,0.0,0.0,65027
1789388009.3746579,46.72536369995214,0.02101179992314428,1005111,47.084,0,False,357.9,-177.89999999999998,0.0,0.0,0.0,0.0,65027
1789388009.393293,46.74427160003688,0.018907900084741414,1005131,47.104,0,False,357.9,-177.89999999999998,0.0,0.0,0.0,0.0,65027
1789388009.4133518,46.76424920000136,0.019977599964477122,1005151,47.124,0,False,357.9,-177.89999999999998,0.0,0.0,0.0,0.0,65027
1789388009.4328346,46.78387339995243,0.019624199951067567,1005171,47.144,0,False,357.9,-177.89999999999998,0.0,0.0,0.0,0.0,65027
1789388009.4531085,46.80382429994643,0.019950899994000793,1005191,47.164,0,False,357.9,-177.89999999999998,0.0,0.0,0.0,0.0,65027
1789388009.4739416,46.82590609998442,0.02208180003799498,1005212,47.185,0,False,357.9,-177.89999999999998,0.0,0.0,0.0,0.0,65027
1789388009.493592,46.84425989992451,0.0183537999400869,1005232,47.205,0,False,357.9,-177.89999999999998,0.0,0.0,0.0,0.0,65027
1789388009.5140781,46.864790600026026,0.02053070010151714,1005252,47.225,0,False,357.9,-177.89999999999998,0.0,0.0,0.0,0.0,65027
1789388009.533313,46.884054900030605,0.019264300004579127,1005272,47.245,0,False,357.9,-177.89999999999998,0.0,0.0,0.0,0.0,65027
1789388009.5528119,46.90384519996587,0.019790299935266376,1005292,47.265,0,False,357.9,-177.89999999999998,0.0,0.0,0.0,0.0,65027
1789388009.5742805,46.92536049999762,0.021515300031751394,1005312,47.285,0,False,357.9,-177.89999999999998,0.0,0.0,0.0,0.0,65027
1789388009.5931652,46.944188899942674,0.018828399945050478,1005333,47.306,0,False,357.9,-177.89999999999998,0.0,0.0,0.0,0.0,65027
1789388009.6137257,46.964462799951434,0.020273900008760393,1005353,47.326,0,False,357.9,-177.89999999999998,0.0,0.0,0.0,0.0,65027
1789388009.6328242,46.98377569997683,0.01931290002539754,1005373,47.346,0,False,357.9,-177.89999999999998,0.0,0.0,0.0,0.0,65027
1789388009.6529913,47.003817999968305,0.020042299991473556,1005393,47.366,0,False,357.9,-177.89999999999998,0.0,0.0,0.0,0.0,65027
1789388009.6747992,47.02540109993424,0.021583099965937436,1005413,47.386,0,False,357.9,-177.89999999999998,0.0,0.0,0.0,0.0,65027
1789388009.69363,47.0442616000073,0.018860500073060393,1005434,47.407,0,False,357.9,-177.89999999999998,0.0,0.0,0.0,0.0,65027
1789388009.7134743,47.064225399983115,0.019963799975812435,1005454,47.427,0,False,357.9,-177.89999999999998,0.0,0.0,0.0,0.0,65027
1789388009.7330792,47.083911199937575,0.01968579995445907,1005474,47.447,0,False,357.9,-177.89999999999998,0.0,0.0,0.0,0.0,65027
1789388009.752929,47.10379690001719,0.019885700079612434,1005494,47.467,0,False,357.9,-177.89999999999998,0.0,0.0,0.0,0.0,65027
1789388009.7747555,47.12537909997627,0.02158219995908439,1005514,47.487,0,False,357.9,-177.89999999999998,0.0,0.0,0.0,0.0,65027
1789388009.7931173,47.14441029995214,0.01903119997587055,1005535,47.508,0,False,357.9,-177.89999999999998,0.0,0.0,0.0,0.0,65027
1789388009.8130636,47.16403079999145,0.019620500039309263,1005555,47.528,0,False,357.9,-177.89999999999998,0.0,0.0,0.0,0.0,65027
1789388009.8337722,47.18458090000786,0.02055010001640767,1005575,47.548,0,False,357.9,-177.89999999999998,0.0,0.0,0.0,0.0,65027
1789388009.8527563,47.20384339999873,0.01926249999087304,1005595,47.568,0,False,357.9,-177.89999999999998,0.0,0.0,0.0,0.0,65027
1789388009.8744752,47.22534469992388,0.021501299925148487,1005615,47.588,0,False,357.9,-177.89999999999998,0.0,0.0,0.0,0.0,65027
1789388009.8933835,47.244154799962416,0.018810100038535893,1005635,47.608,0,False,357.9,-177.89999999999998,0.0,0.0,0.0,0.0,65027
1789388009.9131658,47.26381599996239,0.019661199999973178,1005655,47.628,0,False,357.9,-177.89999999999998,0.0,0.0,0.0,0.0,65027
1789388009.933524,47.2843321999535,0.020516199991106987,1005676,47.649,0,False,357.9,-177.89999999999998,0.0,0.0,0.0,0.0,65027
1789388009.9528303,47.30385040002875,0.019518200075253844,1005696,47.669,0,False,357.9,-177.89999999999998,0.0,0.0,0.0,0.0,65027
1789388009.9752195,47.326088799978606,0.022238399949856102,1005716,47.689,0,False,357.9,-177.89999999999998,0.0,0.0,0.0,0.0,65027
1789388009.9941363,47.344769099960104,0.018680299981497228,1005736,47.709,0,False,357.9,-177.89999999999998,0.0,0.0,0.0,0.0,65027
1789388010.0132914,47.36391770001501,0.01914860005490482,1005756,47.729,0,False,357.9,-177.89999999999998,0.0,0.0,0.0,0.0,65027
1789388010.0333247,47.38396419992205,0.020046499907039106,1005776,47.749,0,False,357.9,-177.89999999999998,0.0,0.0,0.0,0.0,65027
1789388010.052835,47.4037595000118,0.019795300089754164,1005797,47.77,0,False,357.9,-177.89999999999998,0.0,0.0,0.0,0.0,65027
1789388010.0747046,47.42553989996668,0.021780399954877794,1005817,47.79,0,False,357.9,-177.89999999999998,0.0,0.0,0.0,0.0,65027
1789388010.0936449,47.444636399974115,0.01909650000743568,1005837,47.81,0,False,357.9,-177.89999999999998,0.0,0.0,0.0,0.0,65027
1789388010.11291,47.463784700026736,0.01914830005262047,1005857,47.83,0,False,357.9,-177.89999999999998,0.0,0.0,0.0,0.0,65027
1789388010.1340127,47.48466279997956,0.020878099952824414,1005877,47.85,0,False,357.9,-177.89999999999998,0.0,0.0,0.0,0.0,65027
1789388010.1527314,47.503856000024825,0.019193200045265257,1005897,47.87,0,False,357.9,-177.89999999999998,0.0,0.0,0.0,0.0,65027
1789388010.1736248,47.52454829995986,0.020692299935035408,1005918,47.891,0,False,357.9,-177.89999999999998,0.0,0.0,0.0,0.0,65027
1789388010.193632,47.54446150001604,0.019913200056180358,1005938,47.911,0,False,357.9,-177.89999999999998,0.0,0.0,0.0,0.0,65027
1789388010.2139146,47.56550239992794,0.021040899911895394,1005958,47.931,0,False,357.9,-177.89999999999998,0.0,0.0,0.0,0.0,65027
1789388010.234784,47.58606460003648,0.02056220010854304,1005978,47.951,0,False,357.9,-177.89999999999998,0.0,0.0,0.0,0.0,65027
1789388010.2543027,47.60509560001083,0.01903099997434765,1005998,47.971,0,False,357.9,-177.89999999999998,0.0,0.0,0.0,0.0,65027
1789388010.2757587,47.62695479998365,0.021859199972823262,1006018,47.991,0,False,357.9,-177.89999999999998,0.0,0.0,0.0,0.0,65027
1789388010.2945771,47.64532559993677,0.018370799953117967,1006039,48.012,0,False,357.9,-177.89999999999998,0.0,0.0,0.0,0.0,65027
1789388010.3124151,47.66390709998086,0.018581500044092536,1006059,48.032,0,False,357.9,-177.89999999999998,0.0,0.0,0.0,0.0,65027
1789388010.333472,47.68416489998344,0.02025780000258237,1006079,48.052,0,False,357.9,-177.89999999999998,0.0,0.0,0.0,0.0,65027
1789388010.3541129,47.705153799965046,0.020988899981603026,1006099,48.072,0,False,357.9,-177.89999999999998,0.0,0.0,0.0,0.0,65027
1789388010.3739555,47.7248566999333,0.019702899968251586,1006119,48.092,0,False,357.9,-177.89999999999998,0.0,0.0,0.0,0.0,65027
1789388010.3936477,47.74474560003728,0.019888900103978813,1006140,48.113,0,False,357.9,-177.89999999999998,0.0,0.0,0.0,0.0,65027
1789388010.41349,47.76412209996488,0.01937649992760271,1006160,48.133,0,False,357.9,-177.89999999999998,0.0,0.0,0.0,0.0,65027
1789388010.4331338,47.78376319992822,0.019641099963337183,1006180,48.153,0,False,357.9,-177.89999999999998,0.0,0.0,0.0,0.0,65027
1789388010.453942,47.804578299983405,0.02081510005518794,1006200,48.173,0,False,357.9,-177.89999999999998,0.0,0.0,0.0,0.0,65027
1789388010.4748669,47.82570879999548,0.02113050001207739,1006220,48.193,0,False,357.9,-177.89999999999998,0.0,0.0,0.0,0.0,65027
1789388010.4940403,47.84490529994946,0.019196499953977764,1006241,48.214,0,False,357.9,-177.89999999999998,0.0,0.0,0.0,0.0,65027
1789388010.5129828,47.86376660002861,0.018861300079151988,1006261,48.234,0,False,357.9,-177.89999999999998,0.0,0.0,0.0,0.0,65027
1789388010.5324225,47.88373200001661,0.019965399987995625,1006281,48.254,0,False,357.9,-177.89999999999998,0.0,0.0,0.0,0.0,65027
1789388010.5534115,47.90418549999595,0.02045349997933954,1006301,48.274,0,False,357.9,-177.89999999999998,0.0,0.0,0.0,0.0,65027
1789388010.5739968,47.924597000004724,0.020411500008776784,1006321,48.294,0,False,357.9,-177.89999999999998,0.0,0.0,0.0,0.0,65027
1789388010.5945537,47.945289699942805,0.020692699938081205,1006342,48.315,0,False,357.9,-177.89999999999998,0.0,0.0,0.0,0.0,65027
1789388010.6126559,47.963806099956855,0.018516400014050305,1006361,48.334,0,False,357.9,-177.89999999999998,0.0,0.0,0.0,0.0,65027
1789388010.6329875,47.98377579997759,0.019969700020737946,1006382,48.355,0,False,357.9,-177.89999999999998,0.0,0.0,0.0,0.0,65027
1789388010.6523697,48.00385239999741,0.020076600019820035,1006402,48.375,0,False,357.9,-177.89999999999998,0.0,0.0,0.0,0.0,65027
1789388010.6741743,48.02491579996422,0.021063399966806173,1006422,48.395,0,False,357.9,-177.89999999999998,0.0,0.0,0.0,0.0,65027
1789388010.6934352,48.044303599977866,0.019387800013646483,1006442,48.415,0,False,357.9,-177.89999999999998,0.0,0.0,0.0,0.0,65027
1789388010.7151563,48.06576369993854,0.021460099960677326,1006462,48.435,0,False,357.9,-177.89999999999998,0.0,0.0,0.0,0.0,65027
1789388010.7328022,48.08373660000507,0.017972900066524744,1006482,48.455,0,False,357.9,-177.89999999999998,0.0,0.0,0.0,0.0,65027
1789388010.7535021,48.104746200027876,0.021009600022807717,1006503,48.476,0,False,357.9,-177.89999999999998,0.0,0.0,0.0,0.0,65027
1789388010.773851,48.124999699997716,0.02025349996984005,1006523,48.496,0,False,357.9,-177.89999999999998,0.0,0.0,0.0,0.0,65027
1789388010.7935972,48.14435359998606,0.019353899988345802,1006543,48.516,0,False,357.9,-177.89999999999998,0.0,0.0,0.0,0.0,65027
1789388010.8134296,48.164248800021596,0.0198952000355348,1006563,48.536,0,False,357.9,-177.89999999999998,0.0,0.0,0.0,0.0,65027
1789388010.8332264,48.183850300032645,0.01960150001104921,1006583,48.556,0,False,357.9,-177.89999999999998,0.0,0.0,0.0,0.0,65027
1789388010.8531156,48.20433959993534,0.020489299902692437,1006604,48.577,0,False,357.9,-177.89999999999998,0.0,0.0,0.0,0.0,65027
1789388010.8754475,48.226860599941574,0.022521000006236136,1006624,48.597,0,False,357.9,-177.89999999999998,0.0,0.0,0.0,0.0,65027
1789388010.9008384,48.25272689992562,0.025866299984045327,1006644,48.617,0,False,357.9,-177.89999999999998,0.0,0.0,0.0,0.0,65027
1789388010.9133453,48.26458560000174,0.011858700076118112,1006664,48.637,0,False,357.9,-177.89999999999998,0.0,0.0,0.0,0.0,65027
1789388010.9332292,48.28417170001194,0.019586100010201335,1006684,48.657,0,False,357.9,-177.89999999999998,0.0,0.0,0.0,0.0,65027
1789388010.9530275,48.30409729992971,0.019925599917769432,1006704,48.677,0,False,357.9,-177.89999999999998,0.0,0.0,0.0,0.0,65027
1789388010.975631,48.326306400005706,0.022209100075997412,1006725,48.698,0,False,357.9,-177.89999999999998,0.0,0.0,0.0,0.0,65027
1789388010.9942067,48.34515890001785,0.018852500012144446,1006745,48.718,0,False,357.9,-177.89999999999998,0.0,0.0,0.0,0.0,65027
1789388011.0130424,48.36487799999304,0.019719099975191057,1006765,48.738,0,False,357.9,-177.89999999999998,0.0,0.0,0.0,0.0,65027
1789388011.0322351,48.383836599998176,0.01895860000513494,1006785,48.758,0,False,357.9,-177.89999999999998,0.0,0.0,0.0,0.0,65027
1789388011.0529268,48.40383500000462,0.019998400006443262,1006805,48.778,0,False,357.9,-177.89999999999998,0.0,0.0,0.0,0.0,65027
1789388011.0757964,48.42642759997398,0.022592599969357252,1006826,48.799,0,False,357.9,-177.89999999999998,0.0,0.0,0.0,0.0,65027
1789388011.0936852,48.444336400018074,0.017908800044097006,1006846,48.819,0,False,357.9,-177.89999999999998,0.0,0.0,0.0,0.0,65027
1789388011.1135862,48.46443059993908,0.020094199921004474,1006866,48.839,0,False,357.9,-177.89999999999998,0.0,0.0,0.0,0.0,65027
1789388011.1329925,48.48376059997827,0.019330000039190054,1006886,48.859,0,False,357.9,-177.89999999999998,0.0,0.0,0.0,0.0,65027
1789388011.1530225,48.50397910003085,0.020218500052578747,1006906,48.879,0,False,357.9,-177.89999999999998,0.0,0.0,0.0,0.0,65027
1789388011.1741486,48.52508539997507,0.021106299944221973,1006926,48.899,0,False,357.9,-177.89999999999998,0.0,0.0,0.0,0.0,65027
1789388011.1935484,48.54423689993564,0.019151499960571527,1006947,48.92,0,False,357.9,-177.89999999999998,0.0,0.0,0.0,0.0,65027
1789388011.2135084,48.56413790001534,0.01990100007969886,1006967,48.94,0,False,357.9,-177.89999999999998,0.0,0.0,0.0,0.0,65027
1789388011.232852,48.58392060000915,0.019782699993811548,1006987,48.96,0,False,357.9,-177.89999999999998,0.0,0.0,0.0,0.0,65027
1789388011.2531137,48.60371940000914,0.01979879999998957,1007007,48.98,0,False,357.9,-177.89999999999998,0.0,0.0,0.0,0.0,65027
1789388011.2746878,48.62550289998762,0.021783499978482723,1007027,49.0,0,False,357.9,-177.89999999999998,0.0,0.0,0.0,0.0,65027
1789388011.293644,48.64455169998109,0.01904879999347031,1007048,49.021,0,False,357.9,-177.89999999999998,0.0,0.0,0.0,0.0,65027
1789388011.312892,48.66370849998202,0.019156800000928342,1007068,49.041,0,False,357.9,-177.89999999999998,0.0,0.0,0.0,0.0,65027
1789388011.3335118,48.68458170001395,0.020873200031928718,1007088,49.061,0,False,357.9,-177.89999999999998,0.0,0.0,0.0,0.0,65027
1789388011.3542712,48.704886900028214,0.02030520001426339,1007108,49.081,0,False,357.9,-177.89999999999998,0.0,0.0,0.0,0.0,65027
1789388011.3751888,48.725887699984014,0.021000799955800176,1007128,49.101,0,False,357.9,-177.89999999999998,0.0,0.0,0.0,0.0,65027
1789388011.3937364,48.74433809996117,0.01845039997715503,1007149,49.122,0,False,357.9,-177.89999999999998,0.0,0.0,0.0,0.0,65027
1789388011.4127648,48.76377429999411,0.019436200032941997,1007169,49.142,0,False,357.9,-177.89999999999998,0.0,0.0,0.0,0.0,65027
1789388011.4329314,48.78431399993133,0.020539699937216938,1007189,49.162,0,False,357.9,-177.89999999999998,0.0,0.0,0.0,0.0,65027
1789388011.4529803,48.803801300004125,0.019487300072796643,1007209,49.182,0,False,357.9,-177.89999999999998,0.0,0.0,0.0,0.0,65027
1789388011.4741752,48.82503289997112,0.021231599966995418,1007229,49.202,0,False,357.9,-177.89999999999998,0.0,0.0,0.0,0.0,65027
1789388011.4936895,48.844663199968636,0.019630299997515976,1007250,49.223,0,False,357.9,-177.89999999999998,0.0,0.0,0.0,0.0,65027
1789388011.5134568,48.86435159994289,0.019688399974256754,1007269,49.242,0,False,357.9,-177.89999999999998,0.0,0.0,0.0,0.0,65027
1789388011.5332835,48.88404629996512,0.019694700022228062,1007290,49.263,0,False,357.9,-177.89999999999998,0.0,0.0,0.0,0.0,65027
1789388011.5529068,48.90378609998152,0.019739800016395748,1007310,49.283,0,False,357.9,-177.89999999999998,0.0,0.0,0.0,0.0,65027
1789388011.5741355,48.92527300002985,0.021486900048330426,1007330,49.303,0,False,357.9,-177.89999999999998,0.0,0.0,0.0,0.0,65027
1789388011.5936525,48.94462259998545,0.01934959995560348,1007350,49.323,0,False,357.9,-177.89999999999998,0.0,0.0,0.0,0.0,65027
1789388011.6129837,48.96372020000126,0.019097600015811622,1007370,49.343,0,False,357.9,-177.89999999999998,0.0,0.0,0.0,0.0,65027
1789388011.6338127,48.984691499965265,0.020971299964003265,1007391,49.364,0,False,357.9,-177.89999999999998,0.0,0.0,0.0,0.0,65027
1789388011.6529706,49.003717900021,0.019026400055736303,1007411,49.384,0,False,357.9,-177.89999999999998,0.0,0.0,0.0,0.0,65027
1789388011.6745834,49.02532020001672,0.021602299995720387,1007431,49.404,0,False,357.9,-177.89999999999998,0.0,0.0,0.0,0.0,65027
1789388011.6934044,49.04429019999225,0.018969999975524843,1007451,49.424,0,False,357.9,-177.89999999999998,0.0,0.0,0.0,0.0,65027
1789388011.7130558,49.063763699959964,0.019473499967716634,1007471,49.444,0,False,357.9,-177.89999999999998,0.0,0.0,0.0,0.0,65027
1789388011.7332778,49.08437019994017,0.020606499980203807,1007491,49.464,0,False,357.9,-177.89999999999998,0.0,0.0,0.0,0.0,65027
1789388011.752773,49.10381000000052,0.019439800060354173,1007512,49.485,0,False,357.9,-177.89999999999998,0.0,0.0,0.0,0.0,65027
1789388011.7740924,49.12492660002317,0.021116600022651255,1007532,49.505,0,False,357.9,-177.89999999999998,0.0,0.0,0.0,0.0,65027
1789388011.7933955,49.14403540000785,0.019108799984678626,1007552,49.525,0,False,357.9,-177.89999999999998,0.0,0.0,0.0,0.0,65027
1789388011.8134322,49.164189800038,0.02015440003015101,1007572,49.545,0,False,357.9,-177.89999999999998,0.0,0.0,0.0,0.0,65027
1789388011.833284,49.184128999942914,0.01993919990491122,1007592,49.565,0,False,357.9,-177.89999999999998,0.0,0.0,0.0,0.0,65027
1789388011.8530846,49.20388529996853,0.019756300025619566,1007612,49.585,0,False,357.9,-177.89999999999998,0.0,0.0,0.0,0.0,65027
1789388011.8736875,49.22503410000354,0.021148800035007298,1007633,49.606,0,False,357.9,-177.89999999999998,0.0,0.0,0.0,0.0,65027
1789388011.8937464,49.24478049995378,0.019746399950236082,1007653,49.626,0,False,357.9,-177.89999999999998,0.0,0.0,0.0,0.0,65027
1789388011.9128838,49.26371339999605,0.018932900042273104,1007673,49.646,0,False,357.9,-177.89999999999998,0.0,0.0,0.0,0.0,65027
1789388011.9321027,49.2837228999706,0.020009499974548817,1007693,49.666,0,False,357.9,-177.89999999999998,0.0,0.0,0.0,0.0,65027
1789388011.953542,49.30465780000668,0.02093490003608167,1007713,49.686,0,False,357.9,-177.89999999999998,0.0,0.0,0.0,0.0,65027
1789388011.9744234,49.325038100010715,0.020380300004035234,1007733,49.706,0,False,357.9,-177.89999999999998,0.0,0.0,0.0,0.0,65027
1789388011.993077,49.34450080001261,0.019462700001895428,1007754,49.727,0,False,357.9,-177.89999999999998,0.0,0.0,0.0,0.0,65027
1789388012.0133421,49.364244999946095,0.019744199933484197,1007774,49.747,0,False,357.9,-177.89999999999998,0.0,0.0,0.0,0.0,65027
1789388012.0325382,49.38377329998184,0.019528300035744905,1007794,49.767,0,False,357.9,-177.89999999999998,0.0,0.0,0.0,0.0,65027
1789388012.053119,49.40425050002523,0.02047720004338771,1007814,49.787,0,False,357.9,-177.89999999999998,0.0,0.0,0.0,0.0,65027
1789388012.0743258,49.425212100031786,0.020961600006558,1007834,49.807,0,False,357.9,-177.89999999999998,0.0,0.0,0.0,0.0,65027
1789388012.093731,49.444355899933726,0.01914379990193993,1007855,49.828,0,False,357.9,-177.89999999999998,0.0,0.0,0.0,0.0,65027
1789388012.1132243,49.46381929994095,0.019463400007225573,1007875,49.848,0,False,357.9,-177.89999999999998,0.0,0.0,0.0,0.0,65027
1789388012.132804,49.48376889992505,0.01994959998410195,1007895,49.868,0,False,357.9,-177.89999999999998,0.0,0.0,0.0,0.0,65027
1789388012.1530383,49.50393419992179,0.020165299996733665,1007915,49.888,0,False,357.9,-177.89999999999998,0.0,0.0,0.0,0.0,65027
1789388012.1741273,49.52496640000027,0.021032200078479946,1007935,49.908,0,False,357.9,-177.89999999999998,0.0,0.0,0.0,0.0,65027
1789388012.1931462,49.54426849994343,0.01930209994316101,1007956,49.929,0,False,357.9,-177.89999999999998,0.0,0.0,0.0,0.0,65027
1789388012.2133987,49.56458699994255,0.02031849999912083,1007976,49.949,0,False,357.9,-177.89999999999998,0.0,0.0,0.0,0.0,65027
1789388012.233404,49.584147799992934,0.019560800050385296,1007996,49.969,0,False,357.9,-177.89999999999998,0.0,0.0,0.0,0.0,65027
1789388012.253511,49.60462340002414,0.02047560003120452,1008016,49.989,0,False,357.9,-177.89999999999998,0.0,0.0,0.0,0.0,65027
1789388012.2742345,49.62499459995888,0.020371199934743345,1008036,50.009,0,False,357.9,-177.89999999999998,0.0,0.0,0.0,0.0,65027
1789388012.2932098,49.64427579997573,0.019281200016848743,1008057,50.03,0,False,357.9,-177.89999999999998,0.0,0.0,0.0,0.0,65027
1789388012.3133852,49.664498499943875,0.020222699968144298,1008077,50.05,0,False,357.9,-177.89999999999998,0.0,0.0,0.0,0.0,65027
1789388012.332262,49.68380579992663,0.019307299982756376,1008097,50.07,0,False,357.9,-177.89999999999998,0.0,0.0,0.0,0.0,65027
1789388012.3535814,49.70445389999077,0.020648100064136088,1008117,50.09,0,False,357.9,-177.89999999999998,0.0,0.0,0.0,0.0,65027
1789388012.3749564,49.72583330003545,0.02137940004467964,1008137,50.11,0,False,357.9,-177.89999999999998,0.0,0.0,0.0,0.0,65027
1789388012.393663,49.744336499948986,0.018503199913538992,1008158,50.131,0,False,357.9,-177.89999999999998,0.0,0.0,0.0,0.0,65027
1789388012.4140785,49.76483719993848,0.02050069998949766,1008177,50.15,0,False,357.9,-177.89999999999998,0.0,0.0,0.0,0.0,65027
1789388012.4325917,49.78402130003087,0.01918410009238869,1008198,50.171,0,False,357.9,-177.89999999999998,0.0,0.0,0.0,0.0,65027
1789388012.4534273,49.804029699997045,0.020008399966172874,1008218,50.191,0,False,357.9,-177.89999999999998,0.0,0.0,0.0,0.0,65027
1789388012.4740827,49.82515459996648,0.02112489996943623,1008238,50.211,0,False,357.9,-177.89999999999998,0.0,0.0,0.0,0.0,65027
1789388012.4932985,49.84424629993737,0.01909169997088611,1008258,50.231,0,False,357.9,-177.89999999999998,0.0,0.0,0.0,0.0,65027
1789388012.513687,49.864797799964435,0.02055150002706796,1008278,50.251,0,False,357.9,-177.89999999999998,0.0,0.0,0.0,0.0,65027
1789388012.533703,49.8846108999569,0.019813099992461503,1008298,50.271,0,False,357.9,-177.89999999999998,0.0,0.0,0.0,0.0,65027
1789388012.5535767,49.90430049994029,0.019689599983394146,1008319,50.292,0,False,357.9,-177.89999999999998,0.0,0.0,0.0,0.0,65027
1789388012.5759351,49.92675630003214,0.022455800091847777,1008339,50.312,0,False,357.9,-177.89999999999998,0.0,0.0,0.0,0.0,65027
1789388012.5946982,49.945711500011384,0.018955199979245663,1008359,50.332,0,False,357.9,-177.89999999999998,0.0,0.0,0.0,0.0,65027
1789388012.614251,49.96541519998573,0.01970369997434318,1008379,50.352,0,False,357.9,-177.89999999999998,0.0,0.0,0.0,0.0,65027
1789388012.6345637,49.98516049992759,0.01974529994186014,1008399,50.372,0,False,357.9,-177.89999999999998,0.0,0.0,0.0,0.0,65027
1789388012.6529899,50.00389729999006,0.018736800062470138,1008419,50.392,0,False,357.9,-177.89999999999998,0.0,0.0,0.0,0.0,65027
1789388012.674616,50.02538679994177,0.021489499951712787,1008440,50.413,0,False,357.9,-177.89999999999998,0.0,0.0,0.0,0.0,65027
1789388012.6932316,50.04429380001966,0.01890700007788837,1008460,50.433,0,False,357.9,-177.89999999999998,0.0,0.0,0.0,0.0,65027
1789388012.7130287,50.064215300022624,0.01992150000296533,1008480,50.453,0,False,357.9,-177.89999999999998,0.0,0.0,0.0,0.0,65027
1789388012.7329142,50.08372629992664,0.01951099990401417,1008500,50.473,0,False,357.9,-177.89999999999998,0.0,0.0,0.0,0.0,65027
1789388012.752708,50.10373099998105,0.02000470005441457,1008520,50.493,0,False,357.9,-177.89999999999998,0.0,0.0,0.0,0.0,65027
1789388012.7742398,50.12507299997378,0.021341999992728233,1008540,50.513,0,False,357.9,-177.89999999999998,0.0,0.0,0.0,0.0,65027
1789388012.7934248,50.14430109993555,0.01922809996176511,1008561,50.534,0,False,357.9,-177.89999999999998,0.0,0.0,0.0,0.0,65027
1789388012.8126924,50.1637840999756,0.01948300004005432,1008581,50.554,0,False,357.9,-177.89999999999998,0.0,0.0,0.0,0.0,65027
1789388012.8340461,50.1846566000022,0.020872500026598573,1008601,50.574,0,False,357.9,-177.89999999999998,0.0,0.0,0.0,0.0,65027
1789388012.8527145,50.20367299998179,0.01901639997959137,1008621,50.594,0,False,357.9,-177.89999999999998,0.0,0.0,0.0,0.0,65027
1789388012.8740277,50.22493849997409,0.0212654999922961,1008641,50.614,0,False,357.9,-177.89999999999998,0.0,0.0,0.0,0.0,65027
1789388012.8939414,50.24464209994767,0.01970359997358173,1008662,50.635,0,False,357.9,-177.89999999999998,0.0,0.0,0.0,0.0,65027
1789388012.9134717,50.264263699995354,0.019621600047685206,1008682,50.655,0,False,357.9,-177.89999999999998,0.0,0.0,0.0,0.0,65027
1789388012.9332745,50.2843013999518,0.020037699956446886,1008702,50.675,0,False,357.9,-177.89999999999998,0.0,0.0,0.0,0.0,65027
1789388012.952544,50.30375770002138,0.019456300069577992,1008722,50.695,0,False,357.9,-177.89999999999998,0.0,0.0,0.0,0.0,65027
1789388012.9744396,50.3250882999273,0.02133059990592301,1008742,50.715,0,False,357.9,-177.89999999999998,0.0,0.0,0.0,0.0,65027
1789388012.99332,50.344496199977584,0.01940790005028248,1008763,50.736,0,False,357.9,-177.89999999999998,0.0,0.0,0.0,0.0,65027
1789388013.0129306,50.36377509997692,0.019278899999335408,1008782,50.755,0,False,357.9,-177.89999999999998,0.0,0.0,0.0,0.0,65027
1789388013.032436,50.38397999992594,0.020204899949021637,1008803,50.776,0,False,357.9,-177.89999999999998,0.0,0.0,0.0,0.0,65027
1789388013.0529323,50.40375089994632,0.019770900020375848,1008823,50.796,0,False,357.9,-177.89999999999998,0.0,0.0,0.0,0.0,65027
1789388013.0737293,50.424729499965906,0.020978600019589067,1008843,50.816,0,False,357.9,-177.89999999999998,0.0,0.0,0.0,0.0,65027
1789388013.093381,50.44469399994705,0.01996449998114258,1008863,50.836,0,False,357.9,-177.89999999999998,0.0,0.0,0.0,0.0,65027
1789388013.1129165,50.463833799934946,0.019139799987897277,1008883,50.856,0,False,357.9,-177.89999999999998,0.0,0.0,0.0,0.0,65027
1789388013.1338415,50.48469890002161,0.020865100086666644,1008903,50.876,0,False,357.9,-177.89999999999998,0.0,0.0,0.0,0.0,65027
1789388013.153113,50.50383609998971,0.019137199968099594,1008924,50.897,0,False,357.9,-177.89999999999998,0.0,0.0,0.0,0.0,65027
1789388013.1748328,50.525582600035705,0.021746500045992434,1008944,50.917,0,False,357.9,-177.89999999999998,0.0,0.0,0.0,0.0,65027
1789388013.193305,50.544372000033036,0.018789399997331202,1008964,50.937,0,False,357.9,-177.89999999999998,0.0,0.0,0.0,0.0,65027
1789388013.2127147,50.563854399952106,0.019482399919070303,1008984,50.957,0,False,357.9,-177.89999999999998,0.0,0.0,0.0,0.0,65027
1789388013.2334945,50.58436949993484,0.020515099982731044,1009004,50.977,0,False,357.9,-177.89999999999998,0.0,0.0,0.0,0.0,65027
1789388013.2527268,50.603764900006354,0.019395400071516633,1009025,50.998,0,False,357.9,-177.89999999999998,0.0,0.0,0.0,0.0,65027
1789388013.273561,50.62507780001033,0.02131290000397712,1009045,51.018,0,False,357.9,-177.89999999999998,0.0,0.0,0.0,0.0,65027
1789388013.2930908,50.64412740000989,0.019049599999561906,1009065,51.038,0,False,357.9,-177.89999999999998,0.0,0.0,0.0,0.0,65027
1789388013.3128989,50.66387539997231,0.01974799996241927,1009085,51.058,0,False,357.9,-177.89999999999998,0.0,0.0,0.0,0.0,65027
1789388013.3335218,50.68414040002972,0.020265000057406723,1009105,51.078,0,False,357.9,-177.89999999999998,0.0,0.0,0.0,0.0,65027
1789388013.3527157,50.70381069998257,0.019670299952849746,1009125,51.098,0,False,357.9,-177.89999999999998,0.0,0.0,0.0,0.0,65027
1789388013.3738978,50.72529939992819,0.021488699945621192,1009146,51.119,0,False,357.9,-177.89999999999998,0.0,0.0,0.0,0.0,65027
1789388013.394065,50.7447850999888,0.019485700060613453,1009166,51.139,0,False,357.9,-177.89999999999998,0.0,0.0,0.0,0.0,65027
1789388013.4130964,50.76441750000231,0.019632400013506413,1009186,51.159,0,False,357.9,-177.89999999999998,0.0,0.0,0.0,0.0,65027
1789388013.4331353,50.783802399993874,0.019384899991564453,1009206,51.179,0,False,357.9,-177.89999999999998,0.0,0.0,0.0,0.0,65027
1789388013.4539452,50.80491519998759,0.02111279999371618,1009226,51.199,0,False,357.9,-177.89999999999998,0.0,0.0,0.0,0.0,65027
1789388013.475031,50.82589959993493,0.020984399947337806,1009246,51.219,0,False,357.9,-177.89999999999998,0.0,0.0,0.0,0.0,65027
1789388013.4943228,50.844958500005305,0.019058900070376694,1009267,51.24,0,False,357.9,-177.89999999999998,0.0,0.0,0.0,0.0,65027
1789388013.514,50.86478760000318,0.019829099997878075,1009287,51.26,0,False,357.9,-177.89999999999998,0.0,0.0,0.0,0.0,65027
1789388013.5336466,50.88448380003683,0.019696200033649802,1009307,51.28,0,False,357.9,-177.89999999999998,0.0,0.0,0.0,0.0,65027
1789388013.5541983,50.90515200002119,0.02066819998435676,1009327,51.3,0,False,357.9,-177.89999999999998,0.0,0.0,0.0,0.0,65027
1789388013.5754256,50.92621159995906,0.0210595999378711,1009347,51.32,0,False,357.9,-177.89999999999998,0.0,0.0,0.0,0.0,65027
1789388013.5945325,50.94526780000888,0.019056200049817562,1009368,51.341,0,False,357.9,-177.89999999999998,0.0,0.0,0.0,0.0,65027
1789388013.6145017,50.96526880003512,0.020001000026240945,1009388,51.361,0,False,357.9,-177.89999999999998,0.0,0.0,0.0,0.0,65027
1789388013.6341221,50.98496839997824,0.019699599943123758,1009408,51.381,0,False,357.9,-177.89999999999998,0.0,0.0,0.0,0.0,65027
1789388013.6523707,51.0039809999289,0.019012599950656295,1009428,51.401,0,False,357.9,-177.89999999999998,0.0,0.0,0.0,0.0,65027
1789388013.6748016,51.02542249998078,0.021441500051878393,1009448,51.421,0,False,357.9,-177.89999999999998,0.0,0.0,0.0,0.0,65027
1789388013.6936815,51.04448709997814,0.019064599997363985,1009469,51.442,0,False,357.9,-177.89999999999998,0.0,0.0,0.0,0.0,65027
1789388013.7132716,51.064532199990936,0.020045100012794137,1009489,51.462,0,False,357.9,-177.89999999999998,0.0,0.0,0.0,0.0,65027
1789388013.7331028,51.08375979994889,0.019227599957957864,1009509,51.482,0,False,357.9,-177.89999999999998,0.0,0.0,0.0,0.0,65027
1789388013.7535691,51.104686100035906,0.02092630008701235,1009529,51.502,0,False,357.9,-177.89999999999998,0.0,0.0,0.0,0.0,65027
1789388013.7744358,51.12521999992896,0.020533899893052876,1009549,51.522,0,False,357.9,-177.89999999999998,0.0,0.0,0.0,0.0,65027
1789388013.7936223,51.14435119996779,0.019131200038827956,1009570,51.543,0,False,357.9,-177.89999999999998,0.0,0.0,0.0,0.0,65027
1789388013.813122,51.164209399954416,0.019858199986629188,1009589,51.562,0,False,357.9,-177.89999999999998,0.0,0.0,0.0,0.0,65027
1789388013.8330476,51.183758400031365,0.019549000076949596,1009610,51.583,0,False,357.9,-177.89999999999998,0.0,0.0,0.0,0.0,65027
1789388013.853395,51.204305900027975,0.020547499996609986,1009630,51.603,0,False,357.9,-177.89999999999998,0.0,0.0,0.0,0.0,65027
1789388013.8744407,51.22504289995413,0.020736999926157296,1009650,51.623,0,False,357.9,-177.89999999999998,0.0,0.0,0.0,0.0,65027
1789388013.8933198,51.24421929998789,0.01917640003375709,1009670,51.643,0,False,357.9,-177.89999999999998,0.0,0.0,0.0,0.0,65027
1789388013.9132586,51.26399429992307,0.01977499993517995,1009690,51.663,0,False,357.9,-177.89999999999998,0.0,0.0,0.0,0.0,65027
1789388013.9329054,51.283660399960354,0.019666100037284195,1009710,51.683,0,False,357.9,-177.89999999999998,0.0,0.0,0.0,0.0,65027
1789388013.953082,51.3041006999556,0.02044029999524355,1009731,51.704,0,False,357.9,-177.89999999999998,0.0,0.0,0.0,0.0,65027
1789388013.9741077,51.325496200006455,0.021395500050857663,1009751,51.724,0,False,357.9,-177.89999999999998,0.0,0.0,0.0,0.0,65027
1789388013.9935436,51.34431640000548,0.018820199999026954,1009771,51.744,0,False,357.9,-177.89999999999998,0.0,0.0,0.0,0.0,65027
1789388014.0140917,51.36479249992408,0.020476099918596447,1009791,51.764,0,False,357.9,-177.89999999999998,0.0,0.0,0.0,0.0,65027
1789388014.0326562,51.38378949998878,0.018997000064700842,1009811,51.784,0,False,357.9,-177.89999999999998,0.0,0.0,0.0,0.0,65027
1789388014.0528684,51.40376070002094,0.019971200032159686,1009831,51.804,0,False,357.9,-177.89999999999998,0.0,0.0,0.0,0.0,65027
1789388014.0746155,51.42554560001008,0.021784899989143014,1009852,51.825,0,False,357.9,-177.89999999999998,0.0,0.0,0.0,0.0,65027
1789388014.093541,51.444203899940476,0.018658299930393696,1009872,51.845,0,False,357.9,-177.89999999999998,0.0,0.0,0.0,0.0,65027
1789388014.1131139,51.46485909994226,0.02065520000178367,1009892,51.865,0,False,357.9,-177.89999999999998,0.0,0.0,0.0,0.0,65027
1789388014.1327326,51.483810400008224,0.01895130006596446,1009912,51.885,0,False,357.9,-177.89999999999998,0.0,0.0,0.0,0.0,65027
1789388014.152754,51.503795900032856,0.01998550002463162,1009932,51.905,0,False,357.9,-177.89999999999998,0.0,0.0,0.0,0.0,65027
1789388014.174642,51.52567849995103,0.021882599918171763,1009952,51.925,0,False,357.9,-177.89999999999998,0.0,0.0,0.0,0.0,65027
1789388014.1936784,51.54428129992448,0.0186027999734506,1009973,51.946,0,False,357.9,-177.89999999999998,0.0,0.0,0.0,0.0,65027
1789388014.2133946,51.56415540003218,0.019874100107699633,1009993,51.966,0,False,357.9,-177.89999999999998,0.0,0.0,0.0,0.0,65027
1789388014.2328546,51.583839699975215,0.01968429994303733,1010013,51.986,0,False,357.9,-177.89999999999998,0.0,0.0,0.0,0.0,65027
1789388014.2530382,51.60381040000357,0.01997070002835244,1010033,52.006,0,False,357.9,-177.89999999999998,0.0,0.0,0.0,0.0,65027
1789388014.2749195,51.62586939998437,0.022058999980799854,1010053,52.026,0,False,357.9,-177.89999999999998,0.0,0.0,0.0,0.0,65027
1789388014.293619,51.64424870000221,0.01837930001784116,1010074,52.047,0,False,357.9,-177.89999999999998,0.0,0.0,0.0,0.0,65027
1789388014.3135142,51.66417739994358,0.01992869994137436,1010094,52.067,0,False,357.9,-177.89999999999998,0.0,0.0,0.0,0.0,65027
1789388014.3333673,51.684471199987456,0.02029380004387349,1010114,52.087,0,False,357.9,-177.89999999999998,0.0,0.0,0.0,0.0,65027
1789388014.353249,51.70386399992276,0.01939279993530363,1010134,52.107,0,False,357.9,-177.89999999999998,0.0,0.0,0.0,0.0,65027
1789388014.3750353,51.72592829994392,0.02206430002115667,1010154,52.127,0,False,357.9,-177.89999999999998,0.0,0.0,0.0,0.0,65027
1789388014.3935614,51.744397999951616,0.01846970000769943,1010175,52.148,0,False,357.9,-177.89999999999998,0.0,0.0,0.0,0.0,65027
1789388014.4133055,51.76391909993254,0.019521099980920553,1010194,52.167,0,False,357.9,-177.89999999999998,0.0,0.0,0.0,0.0,65027
1789388014.4335973,51.784341100021265,0.020422000088728964,1010215,52.188,0,False,357.9,-177.89999999999998,0.0,0.0,0.0,0.0,65027
1789388014.453068,51.803749799961224,0.01940869993995875,1010235,52.208,0,False,357.9,-177.89999999999998,0.0,0.0,0.0,0.0,65027
1789388014.4739108,51.82518289994914,0.02143309998791665,1010255,52.228,0,False,357.9,-177.89999999999998,0.0,0.0,0.0,0.0,65027
1789388014.4935625,51.84453120001126,0.01934830006211996,1010275,52.248,0,False,357.9,-177.89999999999998,0.0,0.0,0.0,0.0,65027
1789388014.5133803,51.86402929993346,0.019498099922202528,1010295,52.268,0,False,357.9,-177.89999999999998,0.0,0.0,0.0,0.0,65027
1789388014.5332677,51.88394420000259,0.019914900069124997,1010315,52.288,0,False,357.9,-177.89999999999998,0.0,0.0,0.0,0.0,65027
1789388014.5528524,51.903733899933286,0.01978969993069768,1010336,52.309,0,False,357.9,-177.89999999999998,0.0,0.0,0.0,0.0,65027
1789388014.5748005,51.92545270000119,0.02171880006790161,1010356,52.329,0,False,357.9,-177.89999999999998,0.0,0.0,0.0,0.0,65027
1789388014.5931258,51.94421470002271,0.018762000021524727,1010376,52.349,0,False,357.9,-177.89999999999998,0.0,0.0,0.0,0.0,65027
1789388014.612996,51.96375909994822,0.019544399925507605,1010396,52.369,0,False,357.9,-177.89999999999998,0.0,0.0,0.0,0.0,65027
1789388014.6340306,51.984656999935396,0.02089789998717606,1010416,52.389,0,False,357.9,-177.89999999999998,0.0,0.0,0.0,0.0,65027
1789388014.6530223,52.00392859999556,0.01927160006016493,1010436,52.409,0,False,357.9,-177.89999999999998,0.0,0.0,0.0,0.0,65027
1789388014.674582,52.025413000024855,0.021484400029294193,1010457,52.43,0,False,357.9,-177.89999999999998,0.0,0.0,0.0,0.0,65027
1789388014.693648,52.044344599940814,0.01893159991595894,1010477,52.45,0,False,357.9,-177.89999999999998,0.0,0.0,0.0,0.0,65027
1789388014.7129796,52.0637798999669,0.019435300026088953,1010497,52.47,0,False,357.9,-177.89999999999998,0.0,0.0,0.0,0.0,65027
1789388014.733696,52.084474799921736,0.02069489995483309,1010517,52.49,0,False,357.9,-177.89999999999998,0.0,0.0,0.0,0.0,65027
1789388014.7530184,52.1037313999841,0.01925660006236285,1010537,52.51,0,False,357.9,-177.89999999999998,0.0,0.0,0.0,0.0,65027
1789388014.773474,52.12465160002466,0.02092020004056394,1010558,52.531,0,False,357.9,-177.89999999999998,0.0,0.0,0.0,0.0,65027
1789388014.793469,52.14433749997988,0.01968589995522052,1010578,52.551,0,False,357.9,-177.89999999999998,0.0,0.0,0.0,0.0,65027
1789388014.813953,52.16465429996606,0.020316799986176193,1010598,52.571,0,False,357.9,-177.89999999999998,0.0,0.0,0.0,0.0,65027
1789388014.8329544,52.18411649996415,0.01946219999808818,1010618,52.591,0,False,357.9,-177.89999999999998,0.0,0.0,0.0,0.0,65027
1789388014.8529978,52.20418519992381,0.020068699959665537,1010638,52.611,0,False,357.9,-177.89999999999998,0.0,0.0,0.0,0.0,65027
1789388014.874615,52.22559759998694,0.02141240006312728,1010658,52.631,0,False,357.9,-177.89999999999998,0.0,0.0,0.0,0.0,65027
1789388014.894749,52.245771499932744,0.020173899945802987,1010679,52.652,0,False,357.9,-177.89999999999998,0.0,0.0,0.0,0.0,65027
1789388014.9130132,52.263793600024655,0.018022100091911852,1010699,52.672,0,False,357.9,-177.89999999999998,0.0,0.0,0.0,0.0,65027
1789388014.933043,52.28383580001537,0.020042199990712106,1010719,52.692,0,False,357.9,-177.89999999999998,0.0,0.0,0.0,0.0,65027
1789388014.953416,52.30434969998896,0.020513899973593652,1010739,52.712,0,False,357.9,-177.89999999999998,0.0,0.0,0.0,0.0,65027
1789388014.9732797,52.32475909998175,0.020409399992786348,1010759,52.732,0,False,357.9,-177.89999999999998,0.0,0.0,0.0,0.0,65027
1789388014.9940732,52.34469169995282,0.019932599971070886,1010780,52.753,0,False,357.9,-177.89999999999998,0.0,0.0,0.0,0.0,65027
1789388015.0124986,52.36382520000916,0.01913350005634129,1010800,52.773,0,False,357.9,-177.89999999999998,0.0,0.0,0.0,0.0,65027
1789388015.0329502,52.383768199943006,0.019942999933846295,1010820,52.793,0,False,357.9,-177.89999999999998,0.0,0.0,0.0,0.0,65027
1789388015.0541604,52.40495809994172,0.02118989999871701,1010840,52.813,0,False,357.9,-177.89999999999998,0.0,0.0,0.0,0.0,65027
1789388015.0742679,52.42541419994086,0.020456099999137223,1010860,52.833,0,False,357.9,-177.89999999999998,0.0,0.0,0.0,0.0,65027
1789388015.0942912,52.44531849992927,0.019904299988411367,1010881,52.854,0,False,357.9,-177.89999999999998,0.0,0.0,0.0,0.0,65027
1789388015.1131206,52.463721700012684,0.01840320008341223,1010901,52.874,0,False,357.9,-177.89999999999998,0.0,0.0,0.0,0.0,65027
1789388015.132988,52.48384190001525,0.02012020000256598,1010921,52.894,0,False,357.9,-177.89999999999998,0.0,0.0,0.0,0.0,65027
1789388015.153115,52.50410549994558,0.02026359993033111,1010941,52.914,0,False,357.9,-177.89999999999998,0.0,0.0,0.0,0.0,65027
1789388015.174661,52.52561349992175,0.021507999976165593,1010961,52.934,0,False,357.9,-177.89999999999998,0.0,0.0,0.0,0.0,65027
1789388015.1934013,52.54438869992737,0.018775200005620718,1010982,52.955,0,False,357.9,-177.89999999999998,0.0,0.0,0.0,0.0,65027
1789388015.212757,52.56372630002443,0.019337600097060204,1011001,52.974,0,False,357.9,-177.89999999999998,0.0,0.0,0.0,0.0,65027
1789388015.2325182,52.58375290001277,0.02002659998834133,1011022,52.995,0,False,357.9,-177.89999999999998,0.0,0.0,0.0,0.0,65027
1789388015.254065,52.60479769995436,0.02104479994159192,1011042,53.015,0,False,357.9,-177.89999999999998,0.0,0.0,0.0,0.0,65027
1789388015.274434,52.62545789999422,0.020660200039856136,1011062,53.035,0,False,357.9,-177.89999999999998,0.0,0.0,0.0,0.0,65027
1789388015.2930222,52.64414200000465,0.018684100010432303,1011082,53.055,0,False,357.9,-177.89999999999998,0.0,0.0,0.0,0.0,65027
1789388015.3136046,52.664694399922155,0.02055239991750568,1011102,53.075,0,False,357.9,-177.89999999999998,0.0,0.0,0.0,0.0,65027
1789388015.3330328,52.683733199955896,0.0190388000337407,1011123,53.096,0,False,357.9,-177.89999999999998,0.0,0.0,0.0,0.0,65027
1789388015.3536935,52.70432959997561,0.020596400019712746,1011143,53.116,0,False,357.9,-177.89999999999998,0.0,0.0,0.0,0.0,65027
1789388015.373889,52.7256677999394,0.02133819996379316,1011163,53.136,0,False,357.9,-177.89999999999998,0.0,0.0,0.0,0.0,65027
1789388015.3939152,52.744758200016804,0.01909040007740259,1011183,53.156,0,False,357.9,-177.89999999999998,0.0,0.0,0.0,0.0,65027
1789388015.4130845,52.764036800013855,0.01927859999705106,1011203,53.176,0,False,357.9,-177.89999999999998,0.0,0.0,0.0,0.0,65027
1789388015.432792,52.7838162999833,0.01977949996944517,1011223,53.196,0,False,357.9,-177.89999999999998,0.0,0.0,0.0,0.0,65027
1789388015.4529605,52.80406480003148,0.020248500048182905,1011244,53.217,0,False,357.9,-177.89999999999998,0.0,0.0,0.0,0.0,65027
1789388015.4751873,52.825894800014794,0.0218299999833107,1011264,53.237,0,False,357.9,-177.89999999999998,0.0,0.0,0.0,0.0,65027
1789388015.4933786,52.84447689994704,0.01858209993224591,1011284,53.257,0,False,357.9,-177.89999999999998,0.0,0.0,0.0,0.0,65027
1789388015.5142684,52.865213299985044,0.02073640003800392,1011304,53.277,0,False,357.9,-177.89999999999998,0.0,0.0,0.0,0.0,65027
1789388015.5330281,52.88380519999191,0.018591900006867945,1011324,53.297,0,False,357.9,-177.89999999999998,0.0,0.0,0.0,0.0,65027
1789388015.552859,52.903725199983455,0.01991999999154359,1011344,53.317,0,False,357.9,-177.89999999999998,0.0,0.0,0.0,0.0,65027
1789388015.574926,52.92586179997306,0.02213659998960793,1011365,53.338,0,False,357.9,-177.89999999999998,0.0,0.0,0.0,0.0,65027
1789388015.5932302,52.94420619995799,0.018344399984925985,1011385,53.358,0,False,357.9,-177.89999999999998,0.0,0.0,0.0,0.0,65027
1789388015.6136365,52.964475699933246,0.020269499975256622,1011405,53.378,0,False,357.9,-177.89999999999998,0.0,0.0,0.0,0.0,65027
1789388015.633655,52.984769899980165,0.020294200046919286,1011425,53.398,0,False,357.9,-177.89999999999998,0.0,0.0,0.0,0.0,65027
1789388015.6528008,53.003786799963564,0.019016899983398616,1011445,53.418,0,False,357.9,-177.89999999999998,0.0,0.0,0.0,0.0,65027
1789388015.6743226,53.02543699997477,0.021650200011208653,1011465,53.438,0,False,357.9,-177.89999999999998,0.0,0.0,0.0,0.0,65027
1789388015.6931016,53.044109100010246,0.018672100035473704,1011486,53.459,0,False,357.9,-177.89999999999998,0.0,0.0,0.0,0.0,65027
1789388015.713512,53.06440030003432,0.020291200024075806,1011506,53.479,0,False,357.9,-177.89999999999998,0.0,0.0,0.0,0.0,65027
1789388015.732669,53.08383669995237,0.019436399918049574,1011526,53.499,0,False,357.9,-177.89999999999998,0.0,0.0,0.0,0.0,65027
1789388015.7530138,53.103876899927855,0.02004019997548312,1011546,53.519,0,False,357.9,-177.89999999999998,0.0,0.0,0.0,0.0,65027
1789388015.7742324,53.125170700019225,0.02129380009137094,1011566,53.539,0,False,357.9,-177.89999999999998,0.0,0.0,0.0,0.0,65027
1789388015.7934003,53.14413060003426,0.01895990001503378,1011587,53.56,0,False,357.9,-177.89999999999998,0.0,0.0,0.0,0.0,65027
1789388015.8132064,53.16387609997764,0.019745499943383038,1011607,53.58,0,False,357.9,-177.89999999999998,0.0,0.0,0.0,0.0,65027
1789388015.8336535,53.184575899969786,0.020699799992144108,1011627,53.6,0,False,357.9,-177.89999999999998,0.0,0.0,0.0,0.0,65027
1789388015.8530738,53.203755100024864,0.019179200055077672,1011647,53.62,0,False,357.9,-177.89999999999998,0.0,0.0,0.0,0.0,65027
1789388015.874639,53.22526390000712,0.021508799982257187,1011667,53.64,0,False,357.9,-177.89999999999998,0.0,0.0,0.0,0.0,65027
1789388015.8930645,53.244177800021134,0.018913900014013052,1011687,53.66,0,False,357.9,-177.89999999999998,0.0,0.0,0.0,0.0,65027
1789388015.913056,53.26374399999622,0.01956619997508824,1011708,53.681,0,False,357.9,-177.89999999999998,0.0,0.0,0.0,0.0,65027
1789388015.93357,53.284167899983004,0.02042389998678118,1011728,53.701,0,False,357.9,-177.89999999999998,0.0,0.0,0.0,0.0,65027
1789388015.9528553,53.3038685999345,0.0197006999514997,1011748,53.721,0,False,357.9,-177.89999999999998,0.0,0.0,0.0,0.0,65027
1789388015.9742486,53.32506039994769,0.021191800013184547,1011768,53.741,0,False,357.9,-177.89999999999998,0.0,0.0,0.0,0.0,65027
1789388015.9936235,53.34421609994024,0.0191556999925524,1011788,53.761,0,False,357.9,-177.89999999999998,0.0,0.0,0.0,0.0,65027
1789388016.0130234,53.36385279998649,0.019636700046248734,1011808,53.781,0,False,357.9,-177.89999999999998,0.0,0.0,0.0,0.0,65027
1789388016.0333793,53.38403059996199,0.02017779997549951,1011829,53.802,0,False,357.9,-177.89999999999998,0.0,0.0,0.0,0.0,65027
1789388016.0535972,53.40454000001773,0.020509400055743754,1011849,53.822,0,False,357.9,-177.89999999999998,0.0,0.0,0.0,0.0,65027
1789388016.0740755,53.42466769996099,0.02012769994325936,1011869,53.842,0,False,357.9,-177.89999999999998,0.0,0.0,0.0,0.0,65027
1789388016.0930326,53.444145099958405,0.01947739999741316,1011889,53.862,0,False,357.9,-177.89999999999998,0.0,0.0,0.0,0.0,65027
1789388016.1129217,53.46382399997674,0.01967890001833439,1011909,53.882,0,False,357.9,-177.89999999999998,0.0,0.0,0.0,0.0,65027
1789388016.1335087,53.48470030003227,0.020876300055533648,1011929,53.902,0,False,357.9,-177.89999999999998,0.0,0.0,0.0,0.0,65027
1789388016.1530726,53.50375219993293,0.01905189990065992,1011950,53.923,0,False,357.9,-177.89999999999998,0.0,0.0,0.0,0.0,65027
1789388016.1738687,53.52465629996732,0.02090410003438592,1011970,53.943,0,False,357.9,-177.89999999999998,0.0,0.0,0.0,0.0,65027
1789388016.193543,53.54428949998692,0.019633200019598007,1011990,53.963,0,False,357.9,-177.89999999999998,0.0,0.0,0.0,0.0,65027
1789388016.2126884,53.563823299948126,0.019533799961209297,1012010,53.983,0,False,357.9,-177.89999999999998,0.0,0.0,0.0,0.0,65027
1789388016.2336504,53.58441649994347,0.020593199995346367,1012030,54.003,0,False,357.9,-177.89999999999998,0.0,0.0,0.0,0.0,65027
1789388016.252733,53.603785099927336,0.019368599983863533,1012050,54.023,0,False,357.9,-177.89999999999998,0.0,0.0,0.0,0.0,65027
1789388016.2746556,53.62570259999484,0.02191750006750226,1012071,54.044,0,False,357.9,-177.89999999999998,0.0,0.0,0.0,0.0,65027
1789388016.2947714,53.64580970001407,0.02010710001923144,1012091,54.064,0,False,357.9,-177.89999999999998,0.0,0.0,0.0,0.0,65027
1789388016.3133128,53.66397120000329,0.01816149998921901,1012111,54.084,0,False,357.9,-177.89999999999998,0.0,0.0,0.0,0.0,65027
1789388016.3335686,53.68426140001975,0.020290200016461313,1012131,54.104,0,False,357.9,-177.89999999999998,0.0,0.0,0.0,0.0,65027
1789388016.3528512,53.703822499956004,0.019561099936254323,1012151,54.124,0,False,357.9,-177.89999999999998,0.0,0.0,0.0,0.0,65027
1789388016.3747737,53.72576289996505,0.021940400009043515,1012171,54.144,0,False,357.9,-177.89999999999998,0.0,0.0,0.0,0.0,65027
1789388016.3941643,53.74481649999507,0.01905360003001988,1012192,54.165,0,False,357.9,-177.89999999999998,0.0,0.0,0.0,0.0,65027
1789388016.4127657,53.763819899992086,0.019003399997018278,1012212,54.185,0,False,357.9,-177.89999999999998,0.0,0.0,0.0,0.0,65027
1789388016.4332848,53.78416909999214,0.020349200000055134,1012232,54.205,0,False,357.9,-177.89999999999998,0.0,0.0,0.0,0.0,65027
1789388016.453693,53.80462319997605,0.020454099983908236,1012252,54.225,0,False,357.9,-177.89999999999998,0.0,0.0,0.0,0.0,65027
1789388016.4740999,53.824718400021084,0.02009520004503429,1012272,54.245,0,False,357.9,-177.89999999999998,0.0,0.0,0.0,0.0,65027
1789388016.4937258,53.844584799953736,0.019866399932652712,1012292,54.265,0,False,357.9,-177.89999999999998,0.0,0.0,0.0,0.0,65027
1789388016.5129907,53.863759199972264,0.019174400018528104,1012312,54.285,0,False,357.9,-177.89999999999998,0.0,0.0,0.0,0.0,65027
1789388016.5332215,53.88383399997838,0.020074800006113946,1012333,54.306,0,False,357.9,-177.89999999999998,0.0,0.0,0.0,0.0,65027
1789388016.553094,53.904227199964225,0.020393199985846877,1012353,54.326,0,False,357.9,-177.89999999999998,0.0,0.0,0.0,0.0,65027
1789388016.5746005,53.92527679994237,0.021049599978141487,1012373,54.346,0,False,357.9,-177.89999999999998,0.0,0.0,0.0,0.0,65027
1789388016.5934436,53.94420359993819,0.018926799995824695,1012393,54.366,0,False,357.9,-177.89999999999998,0.0,0.0,0.0,0.0,65027
1789388016.613121,53.963729799957946,0.01952620001975447,1012413,54.386,0,False,357.9,-177.89999999999998,0.0,0.0,0.0,0.0,65027
1789388016.632578,53.98379249998834,0.0200627000303939,1012433,54.406,0,False,357.9,-177.89999999999998,0.0,0.0,0.0,0.0,65027
1789388016.6529994,54.00396969995927,0.020177199970930815,1012454,54.427,0,False,357.9,-177.89999999999998,0.0,0.0,0.0,0.0,65027
1789388016.6740503,54.02506709995214,0.021097399992868304,1012474,54.447,0,False,357.9,-177.89999999999998,0.0,0.0,0.0,0.0,65027
1789388016.692173,54.04419159993995,0.01912449998781085,1012494,54.467,0,False,357.9,-177.89999999999998,0.0,0.0,0.0,0.0,65027
1789388016.7130327,54.06366899993736,0.01947739999741316,1012514,54.487,0,False,357.9,-177.89999999999998,0.0,0.0,0.0,0.0,65027
1789388016.7332137,54.0838060999522,0.020137100014835596,1012534,54.507,0,False,357.9,-177.89999999999998,0.0,0.0,0.0,0.0,65027
1789388016.7537508,54.104590100003406,0.02078400005120784,1012555,54.528,0,False,357.9,-177.89999999999998,0.0,0.0,0.0,0.0,65027
1789388016.7742703,54.1250118999742,0.020421799970790744,1012575,54.548,0,False,357.9,-177.89999999999998,0.0,0.0,0.0,0.0,65027
1789388016.7933588,54.144200499984436,0.019188600010238588,1012595,54.568,0,False,357.9,-177.89999999999998,0.0,0.0,0.0,0.0,65027
1789388016.8134382,54.16437659994699,0.020176099962554872,1012615,54.588,0,False,357.9,-177.89999999999998,0.0,0.0,0.0,0.0,65027
1789388016.8327923,54.1838834999362,0.01950689998921007,1012635,54.608,0,False,357.9,-177.89999999999998,0.0,0.0,0.0,0.0,65027
1789388016.853676,54.20446879998781,0.02058530005160719,1012655,54.628,0,False,357.9,-177.89999999999998,0.0,0.0,0.0,0.0,65027
1789388016.8725853,54.224473999929614,0.020005199941806495,1012676,54.649,0,False,357.9,-177.89999999999998,0.0,0.0,0.0,0.0,65027
1789388016.8932316,54.244172399980016,0.019698400050401688,1012696,54.669,0,False,357.9,-177.89999999999998,0.0,0.0,0.0,0.0,65027
1789388016.9132564,54.26401529996656,0.01984289998654276,1012716,54.689,0,False,357.9,-177.89999999999998,0.0,0.0,0.0,0.0,65027
1789388016.932609,54.28372870001476,0.019713400048203766,1012736,54.709,0,False,357.9,-177.89999999999998,0.0,0.0,0.0,0.0,65027
1789388016.9536233,54.304439099971205,0.020710399956442416,1012756,54.729,0,False,357.9,-177.89999999999998,0.0,0.0,0.0,0.0,65027
1789388016.9740708,54.32514019997325,0.02070110000204295,1012776,54.749,0,False,357.9,-177.89999999999998,0.0,0.0,0.0,0.0,65027
1789388016.993436,54.34417980001308,0.019039600039832294,1012797,54.77,0,False,357.9,-177.89999999999998,0.0,0.0,0.0,0.0,65027
1789388017.013737,54.36471570003778,0.020535900024697185,1012817,54.79,0,False,357.9,-177.89999999999998,0.0,0.0,0.0,0.0,65027
1789388017.0337083,54.38434669992421,0.0196309998864308,1012837,54.81,0,False,357.9,-177.89999999999998,0.0,0.0,0.0,0.0,65027
1789388017.0529008,54.40379749995191,0.01945080002769828,1012857,54.83,0,False,357.9,-177.89999999999998,0.0,0.0,0.0,0.0,65027
1789388017.0752225,54.42586449999362,0.0220670000417158,1012877,54.85,0,False,357.9,-177.89999999999998,0.0,0.0,0.0,0.0,65027
1789388017.0929275,54.44424129999243,0.018376799998804927,1012898,54.871,0,False,357.9,-177.89999999999998,0.0,0.0,0.0,0.0,65027
1789388017.113585,54.4644541000016,0.020212800009176135,1012918,54.891,0,False,357.9,-177.89999999999998,0.0,0.0,0.0,0.0,65027
1789388017.1330419,54.483698799973354,0.01924469997175038,1012938,54.911,0,False,357.9,-177.89999999999998,0.0,0.0,0.0,0.0,65027
1789388017.1528847,54.503708499949425,0.020009699976071715,1012958,54.931,0,False,357.9,-177.89999999999998,0.0,0.0,0.0,0.0,65027
1789388017.1738415,54.52496269997209,0.021254200022667646,1012978,54.951,0,False,357.9,-177.89999999999998,0.0,0.0,0.0,0.0,65027
1789388017.1931603,54.54447159997653,0.019508900004439056,1012999,54.972,0,False,357.9,-177.89999999999998,0.0,0.0,0.0,0.0,65027
1789388017.213573,54.56428319995757,0.019811599981039762,1013018,54.991,0,False,357.9,-177.89999999999998,0.0,0.0,0.0,0.0,65027
1789388017.2331522,54.58389539993368,0.019612199976108968,1013039,55.012,0,False,357.9,-177.89999999999998,0.0,0.0,0.0,0.0,65027
1789388017.2527547,54.603691300028004,0.01979590009432286,1013059,55.032,0,False,357.9,-177.89999999999998,0.0,0.0,0.0,0.0,65027
1789388017.2742867,54.62538710003719,0.021695800009183586,1013079,55.052,0,False,357.9,-177.89999999999998,0.0,0.0,0.0,0.0,65027
1789388017.2934835,54.64438539999537,0.01899829995818436,1013099,55.072,0,False,357.9,-177.89999999999998,0.0,0.0,0.0,0.0,65027
1789388017.3130634,54.663732299930416,0.019346899935044348,1013119,55.092,0,False,357.9,-177.89999999999998,0.0,0.0,0.0,0.0,65027
1789388017.3338015,54.68449040001724,0.020758100086823106,1013139,55.112,0,False,357.9,-177.89999999999998,0.0,0.0,0.0,0.0,65027
1789388017.3531582,54.70383100002073,0.019340600003488362,1013160,55.133,0,False,357.9,-177.89999999999998,0.0,0.0,0.0,0.0,65027
1789388017.3751,54.72572109999601,0.021890099975280464,1013180,55.153,0,False,357.9,-177.89999999999998,0.0,0.0,0.0,0.0,65027
1789388017.3935416,54.744320899946615,0.01859979995060712,1013200,55.173,0,False,357.9,-177.89999999999998,0.0,0.0,0.0,0.0,65027
1789388017.4129627,54.763863099971786,0.01954220002517104,1013220,55.193,0,False,357.9,-177.89999999999998,0.0,0.0,0.0,0.0,65027
1789388017.4333098,54.78439899999648,0.020535900024697185,1013240,55.213,0,False,357.9,-177.89999999999998,0.0,0.0,0.0,0.0,65027
1789388017.452977,54.80373970000073,0.01934070000424981,1013260,55.233,0,False,357.9,-177.89999999999998,0.0,0.0,0.0,0.0,65027
1789388017.4745321,54.82514089997858,0.021401199977844954,1013281,55.254,0,False,357.9,-177.89999999999998,0.0,0.0,0.0,0.0,65027
1789388017.4934871,54.84439129999373,0.01925040001515299,1013301,55.274,0,False,357.9,-177.89999999999998,0.0,0.0,0.0,0.0,65027
1789388017.512723,54.86373919993639,0.01934789994265884,1013321,55.294,0,False,357.9,-177.89999999999998,0.0,0.0,0.0,0.0,65027
1789388017.5331366,54.88405969995074,0.020320500014349818,1013341,55.314,0,False,357.9,-177.89999999999998,0.0,0.0,0.0,0.0,65027
1789388017.5529773,54.903797399951145,0.01973770000040531,1013361,55.334,0,False,357.9,-177.89999999999998,0.0,0.0,0.0,0.0,65027
1789388017.5747488,54.925372099969536,0.021574700018391013,1013381,55.354,0,False,357.9,-177.89999999999998,0.0,0.0,0.0,0.0,65027
1789388017.5936713,54.94428059994243,0.018908499972894788,1013402,55.375,0,False,357.9,-177.89999999999998,0.0,0.0,0.0,0.0,65027
1789388017.6125689,54.96371259994339,0.019432000000961125,1013422,55.395,0,False,357.9,-177.89999999999998,0.0,0.0,0.0,0.0,65027
1789388017.634069,54.98472559999209,0.021013000048696995,1013442,55.415,0,False,357.9,-177.89999999999998,0.0,0.0,0.0,0.0,65027
1789388017.652752,55.00369659997523,0.018970999983139336,1013462,55.435,0,False,357.9,-177.89999999999998,0.0,0.0,0.0,0.0,65027
1789388017.67386,55.024534999975,0.020838399999774992,1013482,55.455,0,False,357.9,-177.89999999999998,0.0,0.0,0.0,0.0,65027
1789388017.694199,55.045635699993,0.021100700017996132,1013503,55.476,0,False,357.9,-177.89999999999998,0.0,0.0,0.0,0.0,65027
1789388017.714363,55.065191000001505,0.019555300008505583,1013523,55.496,0,False,357.9,-177.89999999999998,0.0,0.0,0.0,0.0,65027
1789388017.7333183,55.08450170001015,0.019310700008645654,1013543,55.516,0,False,357.9,-177.89999999999998,0.0,0.0,0.0,0.0,65027
1789388017.7534554,55.10417129995767,0.0196695999475196,1013563,55.536,0,False,357.9,-177.89999999999998,0.0,0.0,0.0,0.0,65027
1789388017.7742777,55.12523380003404,0.02106250007636845,1013583,55.556,0,False,357.9,-177.89999999999998,0.0,0.0,0.0,0.0,65027
1789388017.7935333,55.1443887000205,0.019154899986460805,1013604,55.577,0,False,357.9,-177.89999999999998,0.0,0.0,0.0,0.0,65027
1789388017.813178,55.16391330002807,0.01952460000757128,1013624,55.597,0,False,357.9,-177.89999999999998,0.0,0.0,0.0,0.0,65027
1789388017.832795,55.18434339994565,0.020430099917575717,1013644,55.617,0,False,357.9,-177.89999999999998,0.0,0.0,0.0,0.0,65027
1789388017.8538182,55.20471620000899,0.020372800063341856,1013664,55.637,0,False,357.9,-177.89999999999998,0.0,0.0,0.0,0.0,65027
1789388017.8746717,55.22542729997076,0.02071109996177256,1013684,55.657,0,False,357.9,-177.89999999999998,0.0,0.0,0.0,0.0,65027
1789388017.8948953,55.245888800011016,0.020461500040255487,1013705,55.678,0,False,357.9,-177.89999999999998,0.0,0.0,0.0,0.0,65027
1789388017.913535,55.26551329996437,0.019624499953351915,1013724,55.697,0,False,357.9,-177.89999999999998,0.0,0.0,0.0,0.0,65027
1789388017.9352925,55.28603830002248,0.02052500005811453,1013745,55.718,0,False,357.9,-177.89999999999998,0.0,0.0,0.0,0.0,65027
1789388017.9564438,55.30733949993737,0.021301199914887547,1013765,55.738,0,False,357.9,-177.89999999999998,0.0,0.0,0.0,0.0,65027
1789388017.9759026,55.32696009997744,0.019620600040070713,1013785,55.758,0,False,357.9,-177.89999999999998,0.0,0.0,0.0,0.0,65027
1789388017.994089,55.34513579995837,0.018175699980929494,1013805,55.778,0,False,357.9,-177.89999999999998,0.0,0.0,0.0,0.0,65027
1789388018.0127647,55.36409469996579,0.018958900007419288,1013825,55.798,0,False,357.9,-177.89999999999998,0.0,0.0,0.0,0.0,65027
1789388018.0332294,55.38428360002581,0.020188900060020387,1013845,55.818,0,False,357.9,-177.89999999999998,0.0,0.0,0.0,0.0,65027
1789388018.0539234,55.404617200023495,0.02033359999768436,1013866,55.839,0,False,357.9,-177.89999999999998,0.0,0.0,0.0,0.0,65027
1789388018.0731375,55.42506479995791,0.02044759993441403,1013886,55.859,0,False,357.9,-177.89999999999998,0.0,0.0,0.0,0.0,65027
1789388018.0933669,55.44482309999876,0.019758300040848553,1013906,55.879,0,False,357.9,-177.89999999999998,0.0,0.0,0.0,0.0,65027
1789388018.11337,55.46407019998878,0.019247099990025163,1013926,55.899,0,False,357.9,-177.89999999999998,0.0,0.0,0.0,0.0,65027
1789388018.132113,55.483969699940644,0.0198994999518618,1013946,55.919,0,False,357.9,-177.89999999999998,0.0,0.0,0.0,0.0,65027
1789388018.1530159,55.504194199922495,0.020224499981850386,1013966,55.939,0,False,357.9,-177.89999999999998,0.0,0.0,0.0,0.0,65027
1789388018.174411,55.52574840001762,0.021554200095124543,1013987,55.96,0,False,357.9,-177.89999999999998,0.0,0.0,0.0,0.0,65027
1789388018.1933222,55.544491400010884,0.018742999993264675,1014007,55.98,0,False,357.9,-177.89999999999998,0.0,0.0,0.0,0.0,65027
1789388018.2128663,55.56388799997512,0.019396599964238703,1014027,56.0,0,False,357.9,-177.89999999999998,0.0,0.0,0.0,0.0,65027
1789388018.2324812,55.58408199995756,0.02019399998243898,1014047,56.02,0,False,357.9,-177.89999999999998,0.0,0.0,0.0,0.0,65027
1789388018.2547717,55.60559379996266,0.021511800005100667,1014067,56.04,0,False,357.9,-177.89999999999998,0.0,0.0,0.0,0.0,65027
1789388018.2744596,55.625971799949184,0.0203779999865219,1014087,56.06,0,False,357.9,-177.89999999999998,0.0,0.0,0.0,0.0,65027
1789388018.2935421,55.64436099992599,0.018389199976809323,1014108,56.081,0,False,357.9,-177.89999999999998,0.0,0.0,0.0,0.0,65027
1789388018.313987,55.66474010003731,0.020379100111313164,1014128,56.101,0,False,357.9,-177.89999999999998,0.0,0.0,0.0,0.0,65027
1789388018.3345726,55.68541939998977,0.020679299952462316,1014148,56.121,0,False,357.9,-177.89999999999998,0.0,0.0,0.0,0.0,65027
1789388018.3534744,55.70456450001802,0.019145100028254092,1014168,56.141,0,False,357.9,-177.89999999999998,0.0,0.0,0.0,0.0,65027
1789388018.3762724,55.72699080000166,0.022426299983635545,1014188,56.161,0,False,357.9,-177.89999999999998,0.0,0.0,0.0,0.0,65027
1789388018.3932917,55.74466800002847,0.01767720002681017,1014209,56.182,0,False,357.9,-177.89999999999998,0.0,0.0,0.0,0.0,65027
1789388018.4134035,55.764372600009665,0.019704599981196225,1014229,56.202,0,False,357.9,-177.89999999999998,0.0,0.0,0.0,0.0,65027
1789388018.433864,55.78497249993961,0.02059989992994815,1014249,56.222,0,False,357.9,-177.89999999999998,0.0,0.0,0.0,0.0,65027
1789388018.4534545,55.80448479996994,0.019512300030328333,1014269,56.242,0,False,357.9,-177.89999999999998,0.0,0.0,0.0,0.0,65027
1789388018.4765358,55.82727110001724,0.022786300047300756,1014289,56.262,0,False,357.9,-177.89999999999998,0.0,0.0,0.0,0.0,65027
1789388018.494958,55.84558510000352,0.01831399998627603,1014310,56.283,0,False,357.9,-177.89999999999998,0.0,0.0,0.0,0.0,65027
1789388018.5150769,55.866117500001565,0.020532399998046458,1014329,56.302,0,False,357.9,-177.89999999999998,0.0,0.0,0.0,0.0,65027
1789388018.5330718,55.88416989997495,0.018052399973385036,1014350,56.323,0,False,357.9,-177.89999999999998,0.0,0.0,0.0,0.0,65027
1789388018.5534484,55.90405050001573,0.019880600040778518,1014370,56.343,0,False,357.9,-177.89999999999998,0.0,0.0,0.0,0.0,65027
1789388018.5756838,55.92695939994883,0.022908899933099747,1014390,56.363,0,False,357.9,-177.89999999999998,0.0,0.0,0.0,0.0,65027
1789388018.593771,55.94451239996124,0.017553000012412667,1014411,56.384,0,False,357.9,-177.89999999999998,0.0,0.0,0.0,0.0,65027
1789388018.6154425,55.96622990001924,0.02171750005800277,1014430,56.403,0,False,357.9,-177.89999999999998,0.0,0.0,0.0,0.0,65027
1789388018.6346526,55.985436599934474,0.019206699915230274,1014450,56.423,0,False,357.9,-177.89999999999998,0.0,0.0,0.0,0.0,65027
1789388018.6533632,56.00490059994627,0.01946400001179427,1014471,56.444,0,False,357.9,-177.89999999999998,0.0,0.0,0.0,0.0,65027
1789388018.6751184,56.025897299987264,0.020996700040996075,1014491,56.464,0,False,357.9,-177.89999999999998,0.0,0.0,0.0,0.0,65027
1789388018.693019,56.04424379998818,0.01834650000091642,1014511,56.484,0,False,357.9,-177.89999999999998,0.0,0.0,0.0,0.0,65027
1789388018.7130973,56.064258500002325,0.020014700014144182,1014531,56.504,0,False,357.9,-177.89999999999998,0.0,0.0,0.0,0.0,65027
1789388018.732816,56.08364760002587,0.019389100023545325,1014551,56.524,0,False,357.9,-177.89999999999998,0.0,0.0,0.0,0.0,65027
1789388018.7521048,56.10389279993251,0.020245199906639755,1014571,56.544,0,False,357.9,-177.89999999999998,0.0,0.0,0.0,0.0,65027
1789388018.7739968,56.12504019995686,0.021147400024347007,1014592,56.565,0,False,357.9,-177.89999999999998,0.0,0.0,0.0,0.0,65027
1789388018.792865,56.14420360000804,0.019163400051184,1014612,56.585,0,False,357.9,-177.89999999999998,0.0,0.0,0.0,0.0,65027
1789388018.812587,56.163794399937615,0.019590799929574132,1014632,56.605,0,False,357.9,-177.89999999999998,0.0,0.0,0.0,0.0,65027
1789388018.833568,56.1846434000181,0.020849000080488622,1014652,56.625,0,False,357.9,-177.89999999999998,0.0,0.0,0.0,0.0,65027
1789388018.853261,56.20405830000527,0.01941489998716861,1014672,56.645,0,False,357.9,-177.89999999999998,0.0,0.0,0.0,0.0,65027
1789388018.8755288,56.2263148999773,0.02225659997202456,1014692,56.665,0,False,357.9,-177.89999999999998,0.0,0.0,0.0,0.0,65027
1789388018.893726,56.24448759993538,0.018172699958086014,1014713,56.686,0,False,357.9,-177.89999999999998,0.0,0.0,0.0,0.0,65027
1789388018.9133074,56.26439040002879,0.01990280009340495,1014733,56.706,0,False,357.9,-177.89999999999998,0.0,0.0,0.0,0.0,65027
1789388018.9336407,56.28444339998532,0.020052999956533313,1014753,56.726,0,False,357.9,-177.89999999999998,0.0,0.0,0.0,0.0,65027
1789388018.953666,56.3046064999653,0.02016309997998178,1014773,56.746,0,False,357.9,-177.89999999999998,0.0,0.0,0.0,0.0,65027
1789388018.9746487,56.32547839998733,0.020871900022029877,1014793,56.766,0,False,357.9,-177.89999999999998,0.0,0.0,0.0,0.0,65027
1789388018.994572,56.34561680001207,0.020138400024734437,1014814,56.787,0,False,357.9,-177.89999999999998,0.0,0.0,0.0,0.0,65027
1789388019.014172,56.3648983000312,0.01928150001913309,1014834,56.807,0,False,357.9,-177.89999999999998,0.0,0.0,0.0,0.0,65027
1789388019.0342193,56.38571299996693,0.02081469993572682,1014854,56.827,0,False,357.9,-177.89999999999998,0.0,0.0,0.0,0.0,65027
1789388019.0529776,56.404121099971235,0.018408100004307926,1014874,56.847,0,False,357.9,-177.89999999999998,0.0,0.0,0.0,0.0,65027
1789388019.0761607,56.42779149999842,0.02367040002718568,1014894,56.867,0,False,357.9,-177.89999999999998,0.0,0.0,0.0,0.0,65027
1789388019.0957246,56.44745510001667,0.019663600018247962,1014915,56.888,0,False,357.9,-177.89999999999998,0.0,0.0,0.0,0.0,65027
1789388019.1149585,56.46574060001876,0.018285500002093613,1014934,56.907,0,False,357.9,-177.89999999999998,0.0,0.0,0.0,0.0,65027
1789388019.1349206,56.486479999963194,0.02073939994443208,1014955,56.928,0,False,357.9,-177.89999999999998,0.0,0.0,0.0,0.0,65027
1789388019.15733,56.50801200000569,0.02153200004249811,1014975,56.948,0,False,357.9,-177.89999999999998,0.0,0.0,0.0,0.0,65027
1789388019.1771798,56.52802339999471,0.020011399989016354,1014995,56.968,0,False,357.9,-177.89999999999998,0.0,0.0,0.0,0.0,65027
1789388019.195679,56.54629119997844,0.018267799983732402,1015015,56.988,0,False,357.9,-177.89999999999998,0.0,0.0,0.0,0.0,65027
1789388019.2155714,56.56630089995451,0.020009699976071715,1015035,57.008,0,False,357.9,-177.89999999999998,0.0,0.0,0.0,0.0,65027
1789388019.2349567,56.586007199948654,0.019706299994140863,1015055,57.028,0,False,357.9,-177.89999999999998,0.0,0.0,0.0,0.0,65027
1789388019.2535245,56.60429029993247,0.01828309998381883,1015076,57.049,0,False,357.9,-177.89999999999998,0.0,0.0,0.0,0.0,65027
1789388019.2764125,56.62767790001817,0.023387600085698068,1015096,57.069,0,False,357.9,-177.89999999999998,0.0,0.0,0.0,0.0,65027
1789388019.2965655,56.64787059999071,0.02019269997254014,1015117,57.09,0,False,357.9,-177.89999999999998,0.0,0.0,0.0,0.0,65027
1789388019.3135943,56.664555500028655,0.016684900037944317,1015136,57.109,0,False,357.9,-177.89999999999998,0.0,0.0,0.0,0.0,65027
1789388019.3335876,56.68464130000211,0.02008579997345805,1015156,57.129,0,False,357.9,-177.89999999999998,0.0,0.0,0.0,0.0,65027
1789388019.3535345,56.70451780001167,0.019876500009559095,1015176,57.149,0,False,357.9,-177.89999999999998,0.0,0.0,0.0,0.0,65027
1789388019.3778212,56.72845319996122,0.02393539994955063,1015197,57.17,0,False,357.9,-177.89999999999998,0.0,0.0,0.0,0.0,65027
1789388019.3936965,56.745232700021006,0.01677950005978346,1015217,57.19,0,False,357.9,-177.89999999999998,0.0,0.0,0.0,0.0,65027
1789388019.412522,56.76421809999738,0.01898539997637272,1015237,57.21,0,False,357.9,-177.89999999999998,0.0,0.0,0.0,0.0,65027
1789388019.4352024,56.785962700028904,0.021744600031524897,1015257,57.23,0,False,357.9,-177.89999999999998,0.0,0.0,0.0,0.0,65027
1789388019.4563282,56.807863499969244,0.02190079994034022,1015277,57.25,0,False,357.9,-177.89999999999998,0.0,0.0,0.0,0.0,65027
1789388019.4762752,56.827209800016135,0.019346300046890974,1015297,57.27,0,False,357.9,-177.89999999999998,0.0,0.0,0.0,0.0,65027
1789388019.4948294,56.84575420001056,0.018544399994425476,1015318,57.291,0,False,357.9,-177.89999999999998,0.0,0.0,0.0,0.0,65027
1789388019.515123,56.865929499967024,0.020175299956463277,1015338,57.311,0,False,357.9,-177.89999999999998,0.0,0.0,0.0,0.0,65027
1789388019.533805,56.88454709993675,0.01861759996972978,1015358,57.331,0,False,357.9,-177.89999999999998,0.0,0.0,0.0,0.0,65027
1789388019.553918,56.90487430000212,0.020327200065366924,1015378,57.351,0,False,357.9,-177.89999999999998,0.0,0.0,0.0,0.0,65027
1789388019.5761569,56.92690149997361,0.02202719997148961,1015398,57.371,0,False,357.9,-177.89999999999998,0.0,0.0,0.0,0.0,65027
1789388019.5961933,56.94698619993869,0.02008469996508211,1015420,57.393,0,False,357.9,-177.89999999999998,0.0,0.0,0.0,0.0,65027
1789388019.6148884,56.96590730000753,0.018921100068837404,1015439,57.412,0,False,357.9,-177.89999999999998,0.0,0.0,0.0,0.0,65027
1789388019.6351576,56.9860980999656,0.020190799958072603,1015459,57.432,0,False,357.9,-177.89999999999998,0.0,0.0,0.0,0.0,65027
1789388019.65594,57.007270799949765,0.021172699984163046,1015479,57.452,0,False,357.9,-177.89999999999998,0.0,0.0,0.0,0.0,65027
1789388019.6762328,57.02700519992504,0.019734399975277483,1015499,57.472,0,False,357.9,-177.89999999999998,0.0,0.0,0.0,0.0,65027
1789388019.6927984,57.044360299943946,0.017355100018903613,1015520,57.493,0,False,357.9,-177.89999999999998,0.0,0.0,0.0,0.0,65027
1789388019.7136521,57.064715299988165,0.020355000044219196,1015539,57.512,0,False,357.9,-177.89999999999998,0.0,0.0,0.0,0.0,65027
1789388019.7334323,57.084318800014444,0.019603500026278198,1015560,57.533,0,False,357.9,-177.89999999999998,0.0,0.0,0.0,0.0,65027
1789388019.7543821,57.10500300000422,0.020684199989773333,1015580,57.553,0,False,357.9,-177.89999999999998,0.0,0.0,0.0,0.0,65027
1789388019.775655,57.12638000003062,0.021377000026404858,1015600,57.573,0,False,357.9,-177.89999999999998,0.0,0.0,0.0,0.0,65027
1789388019.7941108,57.14508639997803,0.01870639994740486,1015621,57.594,0,False,357.9,-177.89999999999998,0.0,0.0,0.0,0.0,65027
1789388019.814209,57.164839199976996,0.01975279999896884,1015640,57.613,0,False,357.9,-177.89999999999998,0.0,0.0,0.0,0.0,65027
1789388019.832905,57.18400240002666,0.0191632000496611,1015660,57.633,0,False,357.9,-177.89999999999998,0.0,0.0,0.0,0.0,65027
1789388019.8544202,57.205024200025946,0.021021799999289215,1015681,57.654,0,False,357.9,-177.89999999999998,0.0,0.0,0.0,0.0,65027
1789388019.8756998,57.226483799982816,0.02145959995687008,1015701,57.674,0,False,357.9,-177.89999999999998,0.0,0.0,0.0,0.0,65027
1789388019.893933,57.24476849997882,0.01828469999600202,1015721,57.694,0,False,357.9,-177.89999999999998,0.0,0.0,0.0,0.0,65027
1789388019.9136689,57.26458650000859,0.01981800002977252,1015741,57.714,0,False,357.9,-177.89999999999998,0.0,0.0,0.0,0.0,65027
1789388019.9333658,57.2848203999456,0.0202338999370113,1015761,57.734,0,False,357.9,-177.89999999999998,0.0,0.0,0.0,0.0,65027
1789388019.9534204,57.30412420001812,0.01930380007252097,1015782,57.755,0,False,357.9,-177.89999999999998,0.0,0.0,0.0,0.0,65027
1789388019.9760518,57.326942799962126,0.022818599944002926,1015802,57.775,0,False,357.9,-177.89999999999998,0.0,0.0,0.0,0.0,65027
1789388019.9943964,57.34538730001077,0.01844450004864484,1015822,57.795,0,False,357.9,-177.89999999999998,0.0,0.0,0.0,0.0,65027
1789388020.0145695,57.3656671999488,0.02027989993803203,1015842,57.815,0,False,357.9,-177.89999999999998,0.0,0.0,0.0,0.0,65027
1789388020.034724,57.38561250001658,0.01994530006777495,1015862,57.835,0,False,357.9,-177.89999999999998,0.0,0.0,0.0,0.0,65027
1789388020.053618,57.40435989992693,0.018747399910353124,1015882,57.855,0,False,357.9,-177.89999999999998,0.0,0.0,0.0,0.0,65027
1789388020.0772097,57.427943899994716,0.023584000067785382,1015902,57.875,0,False,357.9,-177.89999999999998,0.0,0.0,0.0,0.0,65027
1789388020.0955155,57.44623000000138,0.01828610000666231,1015923,57.896,0,False,357.9,-177.89999999999998,0.0,0.0,0.0,0.0,65027
1789388020.114188,57.46522719995119,0.01899719994980842,1015943,57.916,0,False,357.9,-177.89999999999998,0.0,0.0,0.0,0.0,65027
1789388020.1342883,57.48498049995396,0.019753300002776086,1015963,57.936,0,False,357.9,-177.89999999999998,0.0,0.0,0.0,0.0,65027
1789388020.1534748,57.50434979994316,0.019369299989193678,1015983,57.956,0,False,357.9,-177.89999999999998,0.0,0.0,0.0,0.0,65027
1789388020.1750047,57.526331200031564,0.0219814000884071,1016003,57.976,0,False,357.9,-177.89999999999998,0.0,0.0,0.0,0.0,65027
1789388020.1948266,57.5460462999763,0.019715099944733083,1016024,57.997,0,False,357.9,-177.89999999999998,0.0,0.0,0.0,0.0,65027
1789388020.2144063,57.56552980002016,0.019483500043861568,1016044,58.017,0,False,357.9,-177.89999999999998,0.0,0.0,0.0,0.0,65027
1789388020.2338421,57.585850000032224,0.02032020001206547,1016064,58.037,0,False,357.9,-177.89999999999998,0.0,0.0,0.0,0.0,65027
1789388020.2546096,57.6052451999858,0.019395199953578413,1016084,58.057,0,False,357.9,-177.89999999999998,0.0,0.0,0.0,0.0,65027
1789388020.275756,57.626886799931526,0.02164159994572401,1016104,58.077,0,False,357.9,-177.89999999999998,0.0,0.0,0.0,0.0,65027
1789388020.2950318,57.64614979992621,0.019262999994680285,1016125,58.098,0,False,357.9,-177.89999999999998,0.0,0.0,0.0,0.0,65027
1789388020.314565,57.66557379998267,0.0194240000564605,1016144,58.117,0,False,357.9,-177.89999999999998,0.0,0.0,0.0,0.0,65027
1789388020.3361533,57.68682760000229,0.02125380001962185,1016165,58.138,0,False,357.9,-177.89999999999998,0.0,0.0,0.0,0.0,65027
1789388020.3539224,57.70571629994083,0.01888869993854314,1016185,58.158,0,False,357.9,-177.89999999999998,0.0,0.0,0.0,0.0,65027
1789388020.3767772,57.7274357000133,0.021719400072470307,1016205,58.178,0,False,357.9,-177.89999999999998,0.0,0.0,0.0,0.0,65027
1789388020.3947468,57.74548529996537,0.018049599952064455,1016226,58.199,0,False,357.9,-177.89999999999998,0.0,0.0,0.0,0.0,65027
1789388020.4140704,57.76481339999009,0.019328100024722517,1016245,58.218,0,False,357.9,-177.89999999999998,0.0,0.0,0.0,0.0,65027
1789388020.434805,57.78615689999424,0.021343500004149973,1016265,58.238,0,False,357.9,-177.89999999999998,0.0,0.0,0.0,0.0,65027
1789388020.4533794,57.80458749993704,0.018430599942803383,1016286,58.259,0,False,357.9,-177.89999999999998,0.0,0.0,0.0,0.0,65027
1789388020.4763875,57.82719909993466,0.022611599997617304,1016306,58.279,0,False,357.9,-177.89999999999998,0.0,0.0,0.0,0.0,65027
1789388020.4942906,57.84538499999326,0.018185900058597326,1016326,58.299,0,False,357.9,-177.89999999999998,0.0,0.0,0.0,0.0,65027
1789388020.5148418,57.86560050002299,0.020215500029735267,1016346,58.319,0,False,357.9,-177.89999999999998,0.0,0.0,0.0,0.0,65027
1789388020.534784,57.88554369995836,0.019943199935369194,1016366,58.339,0,False,357.9,-177.89999999999998,0.0,0.0,0.0,0.0,65027
1789388020.554452,57.90521090000402,0.019667200045660138,1016386,58.359,0,False,357.9,-177.89999999999998,0.0,0.0,0.0,0.0,65027
1789388020.5760086,57.92721059999894,0.021999699994921684,1016407,58.38,0,False,357.9,-177.89999999999998,0.0,0.0,0.0,0.0,65027
1789388020.5940409,57.944825000013225,0.017614400014281273,1016427,58.4,0,False,357.9,-177.89999999999998,0.0,0.0,0.0,0.0,65027
1789388020.6137056,57.96446269995067,0.019637699937447906,1016447,58.42,0,False,357.9,-177.89999999999998,0.0,0.0,0.0,0.0,65027
1789388020.6342483,57.98516619997099,0.020703500020317733,1016467,58.44,0,False,357.9,-177.89999999999998,0.0,0.0,0.0,0.0,65027
1789388020.653932,58.004566699964926,0.019400499993935227,1016487,58.46,0,False,357.9,-177.89999999999998,0.0,0.0,0.0,0.0,65027
1789388020.676472,58.027307700016536,0.022741000051610172,1016507,58.48,0,False,357.9,-177.89999999999998,0.0,0.0,0.0,0.0,65027
1789388020.6945155,58.045592900016345,0.018285199999809265,1016528,58.501,0,False,357.9,-177.89999999999998,0.0,0.0,0.0,0.0,65027
1789388020.714903,58.06569940003101,0.020106500014662743,1016548,58.521,0,False,357.9,-177.89999999999998,0.0,0.0,0.0,0.0,65027
1789388020.7339072,58.08473639993463,0.01903699990361929,1016568,58.541,0,False,357.9,-177.89999999999998,0.0,0.0,0.0,0.0,65027
1789388020.7530482,58.104116300004534,0.019379900069907308,1016588,58.561,0,False,357.9,-177.89999999999998,0.0,0.0,0.0,0.0,65027
1789388020.7755234,58.12658569996711,0.022469399962574244,1016608,58.581,0,False,357.9,-177.89999999999998,0.0,0.0,0.0,0.0,65027
1789388020.795664,58.14635479997378,0.01976910000666976,1016629,58.602,0,False,357.9,-177.89999999999998,0.0,0.0,0.0,0.0,65027
1789388020.813518,58.16419149993453,0.01783669996075332,1016648,58.621,0,False,357.9,-177.89999999999998,0.0,0.0,0.0,0.0,65027
1789388020.8336587,58.18460539996158,0.020413900027051568,1016669,58.642,0,False,357.9,-177.89999999999998,0.0,0.0,0.0,0.0,65027
1789388020.8538048,58.204638900002465,0.020033500040881336,1016689,58.662,0,False,357.9,-177.89999999999998,0.0,0.0,0.0,0.0,65027
1789388020.876462,58.22738319996279,0.022744299960322678,1016709,58.682,0,False,357.9,-177.89999999999998,0.0,0.0,0.0,0.0,65027
1789388020.8944225,58.245255399961025,0.017872199998237193,1016730,58.703,0,False,357.9,-177.89999999999998,0.0,0.0,0.0,0.0,65027
1789388020.9130385,58.264036700013094,0.018781300052069128,1016749,58.722,0,False,357.9,-177.89999999999998,0.0,0.0,0.0,0.0,65027
1789388020.9340525,58.28482149995398,0.020784799940884113,1016769,58.742,0,False,357.9,-177.89999999999998,0.0,0.0,0.0,0.0,65027
1789388020.9576616,58.30860069999471,0.023779200040735304,1016790,58.763,0,False,357.9,-177.89999999999998,0.0,0.0,0.0,0.0,65027
1789388020.9764433,58.32705059996806,0.018449899973347783,1016810,58.783,0,False,357.9,-177.89999999999998,0.0,0.0,0.0,0.0,65027
1789388020.9945555,58.34551339992322,0.018462799955159426,1016830,58.803,0,False,357.9,-177.89999999999998,0.0,0.0,0.0,0.0,65027
1789388021.0153096,58.365962699986994,0.02044930006377399,1016850,58.823,0,False,357.9,-177.89999999999998,0.0,0.0,0.0,0.0,65027
1789388021.033829,58.384822899941355,0.018860199954360723,1016870,58.843,0,False,357.9,-177.89999999999998,0.0,0.0,0.0,0.0,65027
1789388021.0539253,58.405137500027195,0.02031460008583963,1016890,58.863,0,False,357.9,-177.89999999999998,0.0,0.0,0.0,0.0,65027
1789388021.0772874,58.42800830001943,0.022870799992233515,1016911,58.884,0,False,357.9,-177.89999999999998,0.0,0.0,0.0,0.0,65027
1789388021.0947504,58.445881100022234,0.01787280000280589,1016931,58.904,0,False,357.9,-177.89999999999998,0.0,0.0,0.0,0.0,65027
1789388021.1158671,58.466468999977224,0.020587899954989552,1016951,58.924,0,False,357.9,-177.89999999999998,0.0,0.0,0.0,0.0,65027
1789388021.1344075,58.48551120003685,0.019042200059629977,1016971,58.944,0,False,357.9,-177.89999999999998,0.0,0.0,0.0,0.0,65027
1789388021.1563497,58.50699000002351,0.02147879998665303,1016991,58.964,0,False,357.9,-177.89999999999998,0.0,0.0,0.0,0.0,65027
1789388021.178242,58.529318399960175,0.022328399936668575,1017011,58.984,0,False,357.9,-177.89999999999998,0.0,0.0,0.0,0.0,65027
1789388021.1960087,58.54689009999856,0.01757170003838837,1017032,59.005,0,False,357.9,-177.89999999999998,0.0,0.0,0.0,0.0,65027
1789388021.21546,58.56635859992821,0.019468499929644167,1017052,59.025,0,False,357.9,-177.89999999999998,0.0,0.0,0.0,0.0,65027
1789388021.2356389,58.586279499926604,0.019920899998396635,1017072,59.045,0,False,357.9,-177.89999999999998,0.0,0.0,0.0,0.0,65027
1789388021.2571087,58.607797499978915,0.021518000052310526,1017092,59.065,0,False,357.9,-177.89999999999998,0.0,0.0,0.0,0.0,65027
